{
  "type" : "FeatureCollection",
  "features" : [{"type":"Feature","id":0,"geometry":{"type":"Polygon","coordinates":[[[105.24639243131612,-5.5438786583807236],[105.24636150708544,-5.5437734195225881],[105.24628161976183,-5.5438460685522681],[105.24639243131612,-5.5438786583807236]]]},"properties":{"FID":0,"Id":1,"gridcode":5}},{"type":"Feature","id":1,"geometry":{"type":"Polygon","coordinates":[[[105.25451829801528,-5.5441466113818638],[105.25451825926714,-5.5440561476229817],[105.25440264230636,-5.5441014292165072],[105.25451829801528,-5.5441466113818638]]]},"properties":{"FID":1,"Id":2,"gridcode":2}},{"type":"Feature","id":2,"geometry":{"type":"Polygon","coordinates":[[[105.25451829801528,-5.5441466113818638],[105.25463391497486,-5.5441013297658177],[105.25451825926714,-5.5440561476229817],[105.25451829801528,-5.5441466113818638]]]},"properties":{"FID":2,"Id":3,"gridcode":3}},{"type":"Feature","id":3,"geometry":{"type":"Polygon","coordinates":[[[105.24657319129675,-5.5443309022569229],[105.24654226700738,-5.5442256634123046],[105.24646237964861,-5.5442983124669984],[105.24657319129675,-5.5443309022569229]]]},"properties":{"FID":3,"Id":4,"gridcode":4}},{"type":"Feature","id":4,"geometry":{"type":"Polygon","coordinates":[[[105.25406694472385,-5.5443277328564937],[105.25403601912505,-5.5442224944633782],[105.25395613272843,-5.5442951444881512],[105.25406694472385,-5.5443277328564937]]]},"properties":{"FID":4,"Id":5,"gridcode":3}},{"type":"Feature","id":5,"geometry":{"type":"Polygon","coordinates":[[[105.25569209549136,-5.5443270329974217],[105.25566116960866,-5.5442217947024615],[105.2555812834209,-5.5442944449374485],[105.25569209549136,-5.5443270329974217]]]},"properties":{"FID":5,"Id":6,"gridcode":4}},{"type":"Feature","id":6,"geometry":{"type":"Polygon","coordinates":[[[105.25677552922033,-5.5443265639456563],[105.25674460314838,-5.5442213257161814],[105.25666471709987,-5.5442939760912768],[105.25677552922033,-5.5443265639456563]]]},"properties":{"FID":6,"Id":7,"gridcode":4}},{"type":"Feature","id":7,"geometry":{"type":"Polygon","coordinates":[[[105.26101897709033,-5.5443247077306879],[105.26101893735125,-5.5442342440188286],[105.26092865125517,-5.5442342838288772],[105.26092869098051,-5.5443247475413902],[105.26101897709033,-5.5443247077306879]]]},"properties":{"FID":7,"Id":8,"gridcode":3}},{"type":"Feature","id":8,"geometry":{"type":"Polygon","coordinates":[[[105.26147040762962,-5.5443245084705888],[105.2614703678218,-5.5442340447619998],[105.26138008172902,-5.5442340846409097],[105.26138012152308,-5.5443245483501533],[105.26147040762962,-5.5443245084705888]]]},"properties":{"FID":8,"Id":9,"gridcode":3}},{"type":"Feature","id":9,"geometry":{"type":"Polygon","coordinates":[[[105.26092865125517,-5.5442342838288772],[105.26101893735125,-5.5442342440188286],[105.26101897709033,-5.5443247077306879],[105.26110926319951,-5.5443246679062126],[105.26110922344668,-5.544234204195007],[105.26128979563556,-5.5442341245060485],[105.2612897558559,-5.5441436607958767],[105.26092861153047,-5.5441438201160906],[105.26092865125517,-5.5442342838288772]]]},"properties":{"FID":9,"Id":10,"gridcode":2}},{"type":"Feature","id":10,"geometry":{"type":"Polygon","coordinates":[[[105.26128987519687,-5.5444150519255651],[105.26128983541588,-5.5443245882159458],[105.26119954930803,-5.5443246280679652],[105.26119958907526,-5.5444150917782391],[105.26128987519687,-5.5444150519255651]]]},"properties":{"FID":10,"Id":11,"gridcode":3}},{"type":"Feature","id":11,"geometry":{"type":"Polygon","coordinates":[[[105.26156073355772,-5.5444149322849059],[105.2615606937355,-5.5443244685772513],[105.26147040762962,-5.5443245084705888],[105.26147044743809,-5.5444149721788989],[105.26156073355772,-5.5444149322849059]]]},"properties":{"FID":11,"Id":12,"gridcode":3}},{"type":"Feature","id":12,"geometry":{"type":"Polygon","coordinates":[[[105.25370587733396,-5.5445088153020272],[105.25367495178735,-5.5444035768881896],[105.25359506532104,-5.5444762268669203],[105.25370587733396,-5.5445088153020272]]]},"properties":{"FID":12,"Id":13,"gridcode":2}},{"type":"Feature","id":13,"geometry":{"type":"Polygon","coordinates":[[[105.26147048724722,-5.5445054358869328],[105.26147044743809,-5.5444149721788989],[105.26138016131782,-5.544415012059118],[105.2613802011132,-5.5445054757678074],[105.26147048724722,-5.5445054358869328]]]},"properties":{"FID":13,"Id":14,"gridcode":3}},{"type":"Feature","id":14,"geometry":{"type":"Polygon","coordinates":[[[105.26156077338059,-5.5445053959922861],[105.26156073355772,-5.5444149322849059],[105.26147044743809,-5.5444149721788989],[105.26147048724722,-5.5445054358869328],[105.26156077338059,-5.5445053959922861]]]},"properties":{"FID":14,"Id":15,"gridcode":5}},{"type":"Feature","id":15,"geometry":{"type":"Polygon","coordinates":[[[105.26165105951331,-5.5445053560838664],[105.26165101967669,-5.5444148923771417],[105.26156073355772,-5.5444149322849059],[105.26156077338059,-5.5445053959922861],[105.26165105951331,-5.5445053560838664]]]},"properties":{"FID":15,"Id":16,"gridcode":3}},{"type":"Feature","id":16,"geometry":{"type":"Polygon","coordinates":[[[105.26119954930803,-5.5443246280679652],[105.26128983541588,-5.5443245882159458],[105.26128987519687,-5.5444150519255651],[105.26128991497851,-5.5445055156349081],[105.2613802011132,-5.5445054757678074],[105.26138016131782,-5.544415012059118],[105.26147044743809,-5.5444149721788989],[105.26147040762962,-5.5443245084705888],[105.26138012152308,-5.5443245483501533],[105.26138008172902,-5.5442340846409097],[105.26128979563556,-5.5442341245060485],[105.26110922344668,-5.544234204195007],[105.26110926319951,-5.5443246679062126],[105.26119954930803,-5.5443246280679652]]]},"properties":{"FID":16,"Id":17,"gridcode":4}},{"type":"Feature","id":17,"geometry":{"type":"Polygon","coordinates":[[[105.24675398913639,-5.5448736098694269],[105.24672306478291,-5.5447683710388631],[105.24664317737731,-5.5448410201188967],[105.24675398913639,-5.5448736098694269]]]},"properties":{"FID":17,"Id":18,"gridcode":4}},{"type":"Feature","id":18,"geometry":{"type":"Polygon","coordinates":[[[105.24774713832363,-5.5448731949384706],[105.24768525290742,-5.5446566648605593],[105.24752639022276,-5.54481005551043],[105.24774713832363,-5.5448731949384706]]]},"properties":{"FID":18,"Id":19,"gridcode":4}},{"type":"Feature","id":19,"geometry":{"type":"Polygon","coordinates":[[[105.24738606850981,-5.5450542736270929],[105.24735514403501,-5.5449490348356125],[105.24727525668716,-5.5450216839981668],[105.24738606850981,-5.5450542736270929]]]},"properties":{"FID":19,"Id":20,"gridcode":4}},{"type":"Feature","id":20,"geometry":{"type":"Polygon","coordinates":[[[105.26165129854692,-5.5450481383184149],[105.26165125870634,-5.5449576746133475],[105.26156097250488,-5.5449577145250419],[105.26156101233173,-5.5450481782307657],[105.26165129854692,-5.5450481383184149]]]},"properties":{"FID":20,"Id":21,"gridcode":3}},{"type":"Feature","id":21,"geometry":{"type":"Polygon","coordinates":[[[105.26165129854692,-5.5450481383184149],[105.26174158476144,-5.5450480983922903],[105.26174154490711,-5.5449576346878775],[105.26165125870634,-5.5449576746133475],[105.26165129854692,-5.5450481383184149]]]},"properties":{"FID":21,"Id":22,"gridcode":2}},{"type":"Feature","id":22,"geometry":{"type":"Polygon","coordinates":[[[105.26165113918853,-5.5446862834964872],[105.26165125870634,-5.5449576746133475],[105.26174154490711,-5.5449576346878775],[105.26174142534808,-5.5446862435729836],[105.26165113918853,-5.5446862834964872]]]},"properties":{"FID":22,"Id":23,"gridcode":3}},{"type":"Feature","id":23,"geometry":{"type":"Polygon","coordinates":[[[105.26129019346845,-5.5451387615925807],[105.26138047969937,-5.5451387217208987],[105.26138043989938,-5.5450482580141429],[105.2612901536822,-5.5450482978851703],[105.26129019346845,-5.5451387615925807]]]},"properties":{"FID":23,"Id":24,"gridcode":5}},{"type":"Feature","id":24,"geometry":{"type":"Polygon","coordinates":[[[105.26147048724722,-5.5445054358869328],[105.26147072611587,-5.5450482181293408],[105.26156101233173,-5.5450481782307657],[105.26156097250488,-5.5449577145250419],[105.26165125870634,-5.5449576746133475],[105.26165113918853,-5.5446862834964872],[105.26165105951331,-5.5445053560838664],[105.26156077338059,-5.5445053959922861],[105.26147048724722,-5.5445054358869328]]]},"properties":{"FID":24,"Id":25,"gridcode":4}},{"type":"Feature","id":25,"geometry":{"type":"Polygon","coordinates":[[[105.26156105215924,-5.5451386419362114],[105.26165133838816,-5.5451386020232061],[105.26165129854692,-5.5450481383184149],[105.26156101233173,-5.5450481782307657],[105.26156105215924,-5.5451386419362114]]]},"properties":{"FID":25,"Id":26,"gridcode":2}},{"type":"Feature","id":26,"geometry":{"type":"Polygon","coordinates":[[[105.24693471212194,-5.5452353897862805],[105.24690378771518,-5.5451301509687081],[105.24682390028607,-5.5452028000734357],[105.24693471212194,-5.5452353897862805]]]},"properties":{"FID":26,"Id":27,"gridcode":4}},{"type":"Feature","id":27,"geometry":{"type":"Polygon","coordinates":[[[105.26119998678388,-5.5453197288657883],[105.26119994701006,-5.5452292651582766],[105.26110966076408,-5.5452293050030628],[105.26110970052414,-5.545319768711229],[105.26119998678388,-5.5453197288657883]]]},"properties":{"FID":27,"Id":28,"gridcode":5}},{"type":"Feature","id":28,"geometry":{"type":"Polygon","coordinates":[[[105.26138055930136,-5.5453196491335817],[105.26147084555912,-5.5453196092468167],[105.26147080574404,-5.5452291455412679],[105.26138051950004,-5.5452291854273783],[105.26138055930136,-5.5453196491335817]]]},"properties":{"FID":28,"Id":29,"gridcode":3}},{"type":"Feature","id":29,"geometry":{"type":"Polygon","coordinates":[[[105.26147072611587,-5.5450482181293408],[105.26147080574404,-5.5452291455412679],[105.26156109198739,-5.5452291056413818],[105.26156105215924,-5.5451386419362114],[105.26156101233173,-5.5450481782307657],[105.26147072611587,-5.5450482181293408]]]},"properties":{"FID":29,"Id":30,"gridcode":3}},{"type":"Feature","id":30,"geometry":{"type":"Polygon","coordinates":[[[105.26119998678388,-5.5453197288657883],[105.26138055930136,-5.5453196491335817],[105.26138051950004,-5.5452291854273783],[105.26147080574404,-5.5452291455412679],[105.26147072611587,-5.5450482181293408],[105.26138043989938,-5.5450482580141429],[105.26138047969937,-5.5451387217208987],[105.26129019346845,-5.5451387615925807],[105.26129023325538,-5.5452292252997157],[105.26119994701006,-5.5452292651582766],[105.26119998678388,-5.5453197288657883]]]},"properties":{"FID":30,"Id":31,"gridcode":4}},{"type":"Feature","id":31,"geometry":{"type":"Polygon","coordinates":[[[105.25930405416376,-5.5455014901688688],[105.25925886044897,-5.5453856461504056],[105.25921376786275,-5.5455015297263337],[105.25930405416376,-5.5455014901688688]]]},"properties":{"FID":31,"Id":32,"gridcode":5}},{"type":"Feature","id":32,"geometry":{"type":"Polygon","coordinates":[[[105.26110966076408,-5.5452293050030628],[105.26092908827013,-5.5452293846513125],[105.26092916773597,-5.5454103120699836],[105.26101945401076,-5.5454102722514396],[105.26101941426376,-5.545319808542895],[105.26110970052414,-5.545319768711229],[105.26110966076408,-5.5452293050030628]]]},"properties":{"FID":32,"Id":33,"gridcode":4}},{"type":"Feature","id":33,"geometry":{"type":"Polygon","coordinates":[[[105.26120006633352,-5.5455006562799856],[105.26129035262007,-5.5455006164194609],[105.26129031283118,-5.5454101527131554],[105.26120002655837,-5.5454101925730255],[105.26120006633352,-5.5455006562799856]]]},"properties":{"FID":33,"Id":34,"gridcode":2}},{"type":"Feature","id":34,"geometry":{"type":"Polygon","coordinates":[[[105.26120002655837,-5.5454101925730255],[105.26129031283118,-5.5454101527131554],[105.26138059910333,-5.5454101128395106],[105.26138055930136,-5.5453196491335817],[105.26119998678388,-5.5453197288657883],[105.26120002655837,-5.5454101925730255]]]},"properties":{"FID":34,"Id":35,"gridcode":3}},{"type":"Feature","id":35,"geometry":{"type":"Polygon","coordinates":[[[105.26092916773597,-5.5454103120699836],[105.26092920746986,-5.5455007757789048],[105.2610194937584,-5.5455007359597062],[105.26110978004628,-5.5455006961267337],[105.26110974028489,-5.5454102324191199],[105.26101945401076,-5.5454102722514396],[105.26092916773597,-5.5454103120699836]]]},"properties":{"FID":35,"Id":36,"gridcode":5}},{"type":"Feature","id":36,"geometry":{"type":"Polygon","coordinates":[[[105.26110970052414,-5.545319768711229],[105.26110974028489,-5.5454102324191199],[105.26110978004628,-5.5455006961267337],[105.26120006633352,-5.5455006562799856],[105.26120002655837,-5.5454101925730255],[105.26119998678388,-5.5453197288657883],[105.26110970052414,-5.545319768711229]]]},"properties":{"FID":36,"Id":37,"gridcode":4}},{"type":"Feature","id":37,"geometry":{"type":"Polygon","coordinates":[[[105.2590332347046,-5.5455920725222532],[105.25908567587739,-5.5452713341837185],[105.25901000631498,-5.5451908194625341],[105.25890357372222,-5.5454918847620229],[105.2590332347046,-5.5455920725222532]]]},"properties":{"FID":37,"Id":38,"gridcode":4}},{"type":"Feature","id":38,"geometry":{"type":"Polygon","coordinates":[[[105.26083900062294,-5.5456817430026462],[105.26083896090147,-5.5455912792936255],[105.26074867459786,-5.5455913190859247],[105.26074871430558,-5.5456817827956],[105.26083900062294,-5.5456817430026462]]]},"properties":{"FID":38,"Id":39,"gridcode":5}},{"type":"Feature","id":39,"geometry":{"type":"Polygon","coordinates":[[[105.25316469987528,-5.5457755399872184],[105.25313377434711,-5.5456703015482187],[105.25305388764801,-5.5457429514616097],[105.25316469987528,-5.5457755399872184]]]},"properties":{"FID":39,"Id":40,"gridcode":4}},{"type":"Feature","id":40,"geometry":{"type":"Polygon","coordinates":[[[105.25921384681007,-5.5456824571680938],[105.25910881509463,-5.5457134445081468],[105.2591813233379,-5.5457934873832295],[105.25921384681007,-5.5456824571680938]]]},"properties":{"FID":40,"Id":41,"gridcode":4}},{"type":"Feature","id":41,"geometry":{"type":"Polygon","coordinates":[[[105.25921376786275,-5.5455015297263337],[105.25914206095844,-5.5455379157203799],[105.25921384681007,-5.5456824571680938],[105.25930413313857,-5.5456824176093296],[105.25930405416376,-5.5455014901688688],[105.25921376786275,-5.5455015297263337]]]},"properties":{"FID":41,"Id":42,"gridcode":4}},{"type":"Feature","id":42,"geometry":{"type":"Polygon","coordinates":[[[105.26074875401396,-5.5457722465049981],[105.26074871430558,-5.5456817827956],[105.26065842798756,-5.5456818225747773],[105.26065846768219,-5.5457722862848291],[105.26074875401396,-5.5457722465049981]]]},"properties":{"FID":42,"Id":43,"gridcode":2}},{"type":"Feature","id":43,"geometry":{"type":"Polygon","coordinates":[[[105.26083904034508,-5.5457722067113924],[105.26083900062294,-5.5456817430026462],[105.26074871430558,-5.5456817827956],[105.26074875401396,-5.5457722465049981],[105.26083904034508,-5.5457722067113924]]]},"properties":{"FID":43,"Id":44,"gridcode":3}},{"type":"Feature","id":44,"geometry":{"type":"Polygon","coordinates":[[[105.26074867459786,-5.5455913190859247],[105.26083896090147,-5.5455912792936255],[105.26083900062294,-5.5456817430026462],[105.26092928693963,-5.5456817031959185],[105.2610194937584,-5.5455007359597062],[105.26092920746986,-5.5455007757789048],[105.26092916773597,-5.5454103120699836],[105.2607485951844,-5.5454103916657473],[105.26074867459786,-5.5455913190859247]]]},"properties":{"FID":44,"Id":45,"gridcode":4}},{"type":"Feature","id":45,"geometry":{"type":"Polygon","coordinates":[[[105.26092928693963,-5.5456817031959185],[105.26101957325567,-5.5456816633754134],[105.26113945804947,-5.5456208301645002],[105.26120006633352,-5.5455006562799856],[105.26110978004628,-5.5455006961267337],[105.2610194937584,-5.5455007359597062],[105.26092928693963,-5.5456817031959185]]]},"properties":{"FID":45,"Id":46,"gridcode":3}},{"type":"Feature","id":46,"geometry":{"type":"Polygon","coordinates":[[[105.26029736198886,-5.545862908978771],[105.26029732234858,-5.5457724452663877],[105.26020703601353,-5.5457724849773378],[105.26020707564005,-5.5458629486903721],[105.26029736198886,-5.545862908978771]]]},"properties":{"FID":46,"Id":47,"gridcode":5}},{"type":"Feature","id":47,"geometry":{"type":"Polygon","coordinates":[[[105.260387648337,-5.5458628692533933],[105.26038760868296,-5.545772405541662],[105.26029732234858,-5.5457724452663877],[105.26029736198886,-5.545862908978771],[105.260387648337,-5.5458628692533933]]]},"properties":{"FID":47,"Id":48,"gridcode":4}},{"type":"Feature","id":48,"geometry":{"type":"Polygon","coordinates":[[[105.26047793468449,-5.54586282951424],[105.26047789501669,-5.5457723658031606],[105.26038760868296,-5.545772405541662],[105.260387648337,-5.5458628692533933],[105.26047793468449,-5.54586282951424]]]},"properties":{"FID":48,"Id":49,"gridcode":5}},{"type":"Feature","id":49,"geometry":{"type":"Polygon","coordinates":[[[105.26056822103131,-5.5458627897613102],[105.26065850737749,-5.5458627499946038],[105.26065846768219,-5.5457722862848291],[105.26056818134978,-5.5457723260508827],[105.26056822103131,-5.5458627897613102]]]},"properties":{"FID":49,"Id":50,"gridcode":3}},{"type":"Feature","id":50,"geometry":{"type":"Polygon","coordinates":[[[105.26083904034508,-5.5457722067113924],[105.2610196130053,-5.5457721270828522],[105.26101957325567,-5.5456816633754134],[105.26092928693963,-5.5456817031959185],[105.26083900062294,-5.5456817430026462],[105.26083904034508,-5.5457722067113924]]]},"properties":{"FID":50,"Id":51,"gridcode":2}},{"type":"Feature","id":51,"geometry":{"type":"Polygon","coordinates":[[[105.25298420415609,-5.5459565447473125],[105.25295327864856,-5.5458513062984922],[105.25287339190294,-5.5459239561891902],[105.25298420415609,-5.5459565447473125]]]},"properties":{"FID":51,"Id":52,"gridcode":4}},{"type":"Feature","id":52,"geometry":{"type":"Polygon","coordinates":[[[105.26002650294051,-5.5458630280722465],[105.26020707564005,-5.5458629486903721],[105.26020703601353,-5.5457724849773378],[105.26002646334146,-5.5457725643579083],[105.26002650294051,-5.5458630280722465]]]},"properties":{"FID":52,"Id":53,"gridcode":4}},{"type":"Feature","id":53,"geometry":{"type":"Polygon","coordinates":[[[105.2602974016298,-5.545953372690879],[105.26029736198886,-5.545862908978771],[105.26020707564005,-5.5458629486903721],[105.26020711526726,-5.545953412403132],[105.2602974016298,-5.545953372690879]]]},"properties":{"FID":53,"Id":54,"gridcode":4}},{"type":"Feature","id":54,"geometry":{"type":"Polygon","coordinates":[[[105.2603876879917,-5.5459533329648494],[105.260387648337,-5.5458628692533933],[105.26029736198886,-5.545862908978771],[105.2602974016298,-5.545953372690879],[105.2603876879917,-5.5459533329648494]]]},"properties":{"FID":54,"Id":55,"gridcode":2}},{"type":"Feature","id":55,"geometry":{"type":"Polygon","coordinates":[[[105.26047797435294,-5.5459532932250442],[105.26047793468449,-5.54586282951424],[105.260387648337,-5.5458628692533933],[105.2603876879917,-5.5459533329648494],[105.26047797435294,-5.5459532932250442]]]},"properties":{"FID":55,"Id":56,"gridcode":3}},{"type":"Feature","id":56,"geometry":{"type":"Polygon","coordinates":[[[105.26047797435294,-5.5459532932250442],[105.2605682607135,-5.5459532534714615],[105.26056822103131,-5.5458627897613102],[105.26047793468449,-5.54586282951424],[105.26047797435294,-5.5459532932250442]]]},"properties":{"FID":56,"Id":57,"gridcode":2}},{"type":"Feature","id":57,"geometry":{"type":"Polygon","coordinates":[[[105.26038760868296,-5.545772405541662],[105.26047789501669,-5.5457723658031606],[105.26047793468449,-5.54586282951424],[105.26056822103131,-5.5458627897613102],[105.26056818134978,-5.5457723260508827],[105.26065846768219,-5.5457722862848291],[105.26065842798756,-5.5456818225747773],[105.26074871430558,-5.5456817827956],[105.26074867459786,-5.5455913190859247],[105.26038752937686,-5.5455914781173687],[105.26038760868296,-5.545772405541662]]]},"properties":{"FID":57,"Id":58,"gridcode":4}},{"type":"Feature","id":58,"geometry":{"type":"Polygon","coordinates":[[[105.24666419114456,-5.5460496770290879],[105.24663326673632,-5.545944438200018],[105.24655337916742,-5.5460170872725785],[105.24666419114456,-5.5460496770290879]]]},"properties":{"FID":58,"Id":59,"gridcode":4}},{"type":"Feature","id":59,"geometry":{"type":"Polygon","coordinates":[[[105.26011686851815,-5.5460439158147432],[105.2602974412714,-5.5460438364027098],[105.2602974016298,-5.545953372690879],[105.26020711526726,-5.545953412403132],[105.26020707564005,-5.5458629486903721],[105.26002650294051,-5.5458630280722465],[105.26002654254019,-5.5459534917863076],[105.26011682890405,-5.5459534521016076],[105.26011686851815,-5.5460439158147432]]]},"properties":{"FID":59,"Id":60,"gridcode":3}},{"type":"Feature","id":60,"geometry":{"type":"Polygon","coordinates":[[[105.25948494289881,-5.5462251207574358],[105.25957522930784,-5.5462250811534464],[105.25957518977494,-5.5461346174369597],[105.25948490337963,-5.5461346570403007],[105.25948494289881,-5.5462251207574358]]]},"properties":{"FID":60,"Id":61,"gridcode":5}},{"type":"Feature","id":61,"geometry":{"type":"Polygon","coordinates":[[[105.25984604895687,-5.5461344985442773],[105.26002662174156,-5.5461344192136037],[105.26002658214055,-5.5460439555000933],[105.26002654254019,-5.5459534917863076],[105.25984596981051,-5.5459535711143779],[105.25984604895687,-5.5461344985442773]]]},"properties":{"FID":61,"Id":62,"gridcode":4}},{"type":"Feature","id":62,"geometry":{"type":"Polygon","coordinates":[[[105.25975584168503,-5.5463154656190445],[105.25975580212396,-5.5462250019041344],[105.25966551571624,-5.5462250415356795],[105.25966555526355,-5.546315505251239],[105.25975584168503,-5.5463154656190445]]]},"properties":{"FID":62,"Id":63,"gridcode":3}},{"type":"Feature","id":63,"geometry":{"type":"Polygon","coordinates":[[[105.25984612810586,-5.5463154259730718],[105.25984608853103,-5.5462249622588127],[105.25975580212396,-5.5462250019041344],[105.25975584168503,-5.5463154656190445],[105.25984612810586,-5.5463154259730718]]]},"properties":{"FID":63,"Id":64,"gridcode":4}},{"type":"Feature","id":64,"geometry":{"type":"Polygon","coordinates":[[[105.26002670094555,-5.546315346639795],[105.26002666134322,-5.5462248829268379],[105.25993637493745,-5.5462249225997136],[105.25993641452604,-5.5463153863133225],[105.26002670094555,-5.546315346639795]]]},"properties":{"FID":64,"Id":65,"gridcode":4}},{"type":"Feature","id":65,"geometry":{"type":"Polygon","coordinates":[[[105.26002658214055,-5.5460439555000933],[105.26002662174156,-5.5461344192136037],[105.26002666134322,-5.5462248829268379],[105.26011694774833,-5.5462248432401839],[105.26011686851815,-5.5460439158147432],[105.26002658214055,-5.5460439555000933]]]},"properties":{"FID":65,"Id":66,"gridcode":3}},{"type":"Feature","id":66,"geometry":{"type":"Polygon","coordinates":[[[105.25930444906405,-5.5464061273601271],[105.2593947355019,-5.5464060877823931],[105.25939469599517,-5.5463156240651585],[105.25930440957107,-5.5463156636422442],[105.25930444906405,-5.5464061273601271]]]},"properties":{"FID":66,"Id":67,"gridcode":5}},{"type":"Feature","id":67,"geometry":{"type":"Polygon","coordinates":[[[105.25957530837564,-5.5464060085855911],[105.25966559481152,-5.546405968966523],[105.25966555526355,-5.546315505251239],[105.25957526884142,-5.5463155448696568],[105.25957530837564,-5.5464060085855911]]]},"properties":{"FID":67,"Id":68,"gridcode":3}},{"type":"Feature","id":68,"geometry":{"type":"Polygon","coordinates":[[[105.25984616768133,-5.5464058896870547],[105.25984612810586,-5.5463154259730718],[105.25975584168503,-5.5463154656190445],[105.25975588124676,-5.5464059293336785],[105.25984616768133,-5.5464058896870547]]]},"properties":{"FID":68,"Id":69,"gridcode":3}},{"type":"Feature","id":69,"geometry":{"type":"Polygon","coordinates":[[[105.25993645411525,-5.5464058500266544],[105.25993641452604,-5.5463153863133225],[105.25984612810586,-5.5463154259730718],[105.25984616768133,-5.5464058896870547],[105.25993645411525,-5.5464058500266544]]]},"properties":{"FID":69,"Id":70,"gridcode":4}},{"type":"Feature","id":70,"geometry":{"type":"Polygon","coordinates":[[[105.25975580212396,-5.5462250019041344],[105.25984608853103,-5.5462249622588127],[105.25984612810586,-5.5463154259730718],[105.25993641452604,-5.5463153863133225],[105.25993637493745,-5.5462249225997136],[105.26002666134322,-5.5462248829268379],[105.26002662174156,-5.5461344192136037],[105.25984604895687,-5.5461344985442773],[105.25975576256354,-5.546134538188948],[105.25975580212396,-5.5462250019041344]]]},"properties":{"FID":70,"Id":71,"gridcode":5}},{"type":"Feature","id":71,"geometry":{"type":"Polygon","coordinates":[[[105.25993645411525,-5.5464058500266544],[105.26002674054853,-5.5464058103524767],[105.26002670094555,-5.546315346639795],[105.25993641452604,-5.5463153863133225],[105.25993645411525,-5.5464058500266544]]]},"properties":{"FID":71,"Id":72,"gridcode":3}},{"type":"Feature","id":72,"geometry":{"type":"Polygon","coordinates":[[[105.25948506146023,-5.5464965119071881],[105.25957534791051,-5.5464964723012482],[105.25957530837564,-5.5464060085855911],[105.2594850219391,-5.5464060481908808],[105.25948506146023,-5.5464965119071881]]]},"properties":{"FID":72,"Id":73,"gridcode":3}},{"type":"Feature","id":73,"geometry":{"type":"Polygon","coordinates":[[[105.25939481451731,-5.5465870152160299],[105.259485100982,-5.5465869756232191],[105.25948506146023,-5.5464965119071881],[105.25939477500927,-5.5464965514993496],[105.25939481451731,-5.5465870152160299]]]},"properties":{"FID":73,"Id":74,"gridcode":3}},{"type":"Feature","id":74,"geometry":{"type":"Polygon","coordinates":[[[105.25298451239699,-5.5466802548506582],[105.25298447386464,-5.5465897910887065],[105.25286885628897,-5.5466350724066187],[105.25298451239699,-5.5466802548506582]]]},"properties":{"FID":74,"Id":75,"gridcode":5}},{"type":"Feature","id":75,"geometry":{"type":"Polygon","coordinates":[[[105.25930456754689,-5.5466775185121167],[105.25930452805196,-5.5465870547950633],[105.25921424158595,-5.5465870943603184],[105.25921428106713,-5.5466775580780219],[105.25930456754689,-5.5466775185121167]]]},"properties":{"FID":75,"Id":76,"gridcode":2}},{"type":"Feature","id":76,"geometry":{"type":"Polygon","coordinates":[[[105.25912395511928,-5.5465871339117951],[105.25921424158595,-5.5465870943603184],[105.25930452805196,-5.5465870547950633],[105.25930448855767,-5.5464965910777337],[105.25912391565251,-5.5464966701931679],[105.25912395511928,-5.5465871339117951]]]},"properties":{"FID":76,"Id":77,"gridcode":5}},{"type":"Feature","id":77,"geometry":{"type":"Polygon","coordinates":[[[105.25930456754689,-5.5466775185121167],[105.25939485402598,-5.5466774789324349],[105.25939481451731,-5.5465870152160299],[105.25930452805196,-5.5465870547950633],[105.25930456754689,-5.5466775185121167]]]},"properties":{"FID":77,"Id":78,"gridcode":3}},{"type":"Feature","id":78,"geometry":{"type":"Polygon","coordinates":[[[105.25930444906405,-5.5464061273601271],[105.25930448855767,-5.5464965910777337],[105.25930452805196,-5.5465870547950633],[105.25939481451731,-5.5465870152160299],[105.25939477500927,-5.5464965514993496],[105.25948506146023,-5.5464965119071881],[105.2594850219391,-5.5464060481908808],[105.25957530837564,-5.5464060085855911],[105.25957526884142,-5.5463155448696568],[105.25966555526355,-5.546315505251239],[105.25966551571624,-5.5462250415356795],[105.25975580212396,-5.5462250019041344],[105.25975576256354,-5.546134538188948],[105.25957518977494,-5.5461346174369597],[105.25957522930784,-5.5462250811534464],[105.25948494289881,-5.5462251207574358],[105.25948498241863,-5.5463155844742964],[105.25939469599517,-5.5463156240651585],[105.2593947355019,-5.5464060877823931],[105.25930444906405,-5.5464061273601271]]]},"properties":{"FID":78,"Id":79,"gridcode":4}},{"type":"Feature","id":79,"geometry":{"type":"Polygon","coordinates":[[[105.2526234047712,-5.5467708729378664],[105.25271369131185,-5.5467708343771509],[105.25271365282012,-5.5466803706135774],[105.25262336629322,-5.5466804091736597],[105.2526234047712,-5.5467708729378664]]]},"properties":{"FID":79,"Id":80,"gridcode":4}},{"type":"Feature","id":80,"geometry":{"type":"Polygon","coordinates":[[[105.25894350050575,-5.5468586041315344],[105.25903378701497,-5.5468585646056683],[105.25903374755998,-5.5467681008872196],[105.25894346106452,-5.5467681404124383],[105.25894350050575,-5.5468586041315344]]]},"properties":{"FID":80,"Id":81,"gridcode":3}},{"type":"Feature","id":81,"geometry":{"type":"Polygon","coordinates":[[[105.25903374755998,-5.5467681008872196],[105.25921432054898,-5.5467680217954491],[105.25921428106713,-5.5466775580780219],[105.25921424158595,-5.5465870943603184],[105.25912395511928,-5.5465871339117951],[105.25903366865197,-5.5465871734494945],[105.25903374755998,-5.5467681008872196]]]},"properties":{"FID":81,"Id":82,"gridcode":3}},{"type":"Feature","id":82,"geometry":{"type":"Polygon","coordinates":[[[105.25036627918325,-5.5468622962573768],[105.2503052101292,-5.5467414681212919],[105.25007085101325,-5.5468209298908668],[105.25027599261236,-5.5468623344604744],[105.25036627918325,-5.5468622962573768]]]},"properties":{"FID":82,"Id":83,"gridcode":4}},{"type":"Feature","id":83,"geometry":{"type":"Polygon","coordinates":[[[105.2586726803748,-5.5469491863472253],[105.25867264097417,-5.5468587226264603],[105.25858235446233,-5.5468587620972114],[105.25858239384921,-5.5469492258186248],[105.2586726803748,-5.5469491863472253]]]},"properties":{"FID":83,"Id":84,"gridcode":5}},{"type":"Feature","id":84,"geometry":{"type":"Polygon","coordinates":[[[105.25885325342401,-5.5469491073630905],[105.25894353994764,-5.5469490678503552],[105.25894350050575,-5.5468586041315344],[105.25885321399588,-5.5468586436436214],[105.25885325342401,-5.5469491073630905]]]},"properties":{"FID":84,"Id":85,"gridcode":3}},{"type":"Feature","id":85,"geometry":{"type":"Polygon","coordinates":[[[105.25253319516028,-5.5469518390136541],[105.25274303440908,-5.5469065175111698],[105.25253315669478,-5.5468613752493665],[105.25253319516028,-5.5469518390136541]]]},"properties":{"FID":85,"Id":86,"gridcode":4}},{"type":"Feature","id":86,"geometry":{"type":"Polygon","coordinates":[[[105.25840182079608,-5.5469493047200844],[105.25858239384921,-5.5469492258186248],[105.25858235446233,-5.5468587620972114],[105.2584017814367,-5.5468588409973769],[105.25840182079608,-5.5469493047200844]]]},"properties":{"FID":86,"Id":87,"gridcode":4}},{"type":"Feature","id":87,"geometry":{"type":"Polygon","coordinates":[[[105.25858239384921,-5.5469492258186248],[105.25862758756763,-5.5470650698832644],[105.2586726803748,-5.5469491863472253],[105.25858239384921,-5.5469492258186248]]]},"properties":{"FID":87,"Id":88,"gridcode":4}},{"type":"Feature","id":88,"geometry":{"type":"Polygon","coordinates":[[[105.2586726803748,-5.5469491863472253],[105.25885325342401,-5.5469491073630905],[105.25885321399588,-5.5468586436436214],[105.25894350050575,-5.5468586041315344],[105.25894346106452,-5.5467681404124383],[105.25903374755998,-5.5467681008872196],[105.25903366865197,-5.5465871734494945],[105.25912395511928,-5.5465871339117951],[105.25912391565251,-5.5464966701931679],[105.25894334274473,-5.5464967492534907],[105.25894342162393,-5.546677676693065],[105.25876284865853,-5.5466777557008689],[105.25876292748535,-5.5468586831419309],[105.25867264097417,-5.5468587226264603],[105.2586726803748,-5.5469491863472253]]]},"properties":{"FID":88,"Id":89,"gridcode":4}},{"type":"Feature","id":89,"geometry":{"type":"Polygon","coordinates":[[[105.25027599261236,-5.5468623344604744],[105.25027603073406,-5.5469527982405005],[105.2503123444164,-5.5470246466393469],[105.25045660390273,-5.5469527218192711],[105.25045656575352,-5.5468622580405],[105.25036627918325,-5.5468622962573768],[105.25027599261236,-5.5468623344604744]]]},"properties":{"FID":89,"Id":90,"gridcode":5}},{"type":"Feature","id":90,"geometry":{"type":"Polygon","coordinates":[[[105.25045660390273,-5.5469527218192711],[105.25054694373249,-5.5470788995175129],[105.25063717706887,-5.5469526453429259],[105.25045660390273,-5.5469527218192711]]]},"properties":{"FID":90,"Id":91,"gridcode":5}},{"type":"Feature","id":91,"geometry":{"type":"Polygon","coordinates":[[[105.25831161296175,-5.5471302715960249],[105.25826641929828,-5.5470144275048572],[105.25822132640604,-5.5471303110135999],[105.25831161296175,-5.5471302715960249]]]},"properties":{"FID":91,"Id":92,"gridcode":3}},{"type":"Feature","id":92,"geometry":{"type":"Polygon","coordinates":[[[105.25831165230933,-5.5472207353185494],[105.25831161296175,-5.5471302715960249],[105.25822132640604,-5.5471303110135999],[105.25822136573987,-5.547220774736771],[105.25831165230933,-5.5472207353185494]]]},"properties":{"FID":92,"Id":93,"gridcode":4}},{"type":"Feature","id":93,"geometry":{"type":"Polygon","coordinates":[[[105.25840182079608,-5.5469493047200844],[105.25843221693188,-5.5470998287585491],[105.25874665304141,-5.5471604716333154],[105.25885325342401,-5.5469491073630905],[105.2586726803748,-5.5469491863472253],[105.25862758756763,-5.5470650698832644],[105.25858239384921,-5.5469492258186248],[105.25840182079608,-5.5469493047200844]]]},"properties":{"FID":93,"Id":94,"gridcode":3}},{"type":"Feature","id":94,"geometry":{"type":"Polygon","coordinates":[[[105.25063729160279,-5.5472240366738177],[105.25053225910123,-5.5472550225227666],[105.25060476643453,-5.5473350664893157],[105.25063729160279,-5.5472240366738177]]]},"properties":{"FID":94,"Id":95,"gridcode":5}},{"type":"Feature","id":95,"geometry":{"type":"Polygon","coordinates":[[[105.25063729160279,-5.5472240366738177],[105.25081786484891,-5.5472239601385898],[105.2508178266428,-5.5471334963631573],[105.25072754003381,-5.5471335346370338],[105.25063725342419,-5.5471335728971303],[105.25063729160279,-5.5472240366738177]]]},"properties":{"FID":95,"Id":96,"gridcode":5}},{"type":"Feature","id":96,"geometry":{"type":"Polygon","coordinates":[[[105.25831169165755,-5.5473111990407977],[105.25831165230933,-5.5472207353185494],[105.25822136573987,-5.547220774736771],[105.25822140507435,-5.5473112384596668],[105.25831169165755,-5.5473111990407977]]]},"properties":{"FID":96,"Id":97,"gridcode":5}},{"type":"Feature","id":97,"geometry":{"type":"Polygon","coordinates":[[[105.25000528522145,-5.5472243041130547],[105.25000536138802,-5.5474052316743769],[105.25009564804331,-5.5474051935088582],[105.25009557184926,-5.5472242659487883],[105.25000528522145,-5.5472243041130547]]]},"properties":{"FID":97,"Id":98,"gridcode":3}},{"type":"Feature","id":98,"geometry":{"type":"Polygon","coordinates":[[[105.25298485921682,-5.5474944286957886],[105.25298482067873,-5.5474039649363229],[105.25286920294742,-5.5474492462602925],[105.25298485921682,-5.5474944286957886]]]},"properties":{"FID":98,"Id":99,"gridcode":5}},{"type":"Feature","id":99,"geometry":{"type":"Polygon","coordinates":[[[105.25271349885958,-5.5463185155565169],[105.25280378533083,-5.5463184769851868],[105.25280432442989,-5.5475849696566994],[105.25298489775555,-5.5475848924549762],[105.25298485921682,-5.5474944286957886],[105.25286920294742,-5.5474492462602925],[105.25298482067873,-5.5474039649363229],[105.25298451239699,-5.5466802548506582],[105.25286885628897,-5.5466350724066187],[105.25298447386464,-5.5465897910887065],[105.25306479119281,-5.5463979606730485],[105.25292189554625,-5.5460158143755418],[105.25271349885958,-5.5463185155565169]]]},"properties":{"FID":99,"Id":100,"gridcode":4}},{"type":"Feature","id":100,"geometry":{"type":"Polygon","coordinates":[[[105.25831177035599,-5.5474921264844674],[105.25810420409691,-5.5475301871799871],[105.2582215230817,-5.5475826296266959],[105.25831180970616,-5.5475825902058871],[105.25831177035599,-5.5474921264844674]]]},"properties":{"FID":100,"Id":101,"gridcode":3}},{"type":"Feature","id":101,"geometry":{"type":"Polygon","coordinates":[[[105.25217239460181,-5.5477661669575715],[105.2521723561856,-5.5476757031932422],[105.2520820695036,-5.5476757416775992],[105.25208210790606,-5.5477662054425601],[105.25217239460181,-5.5477661669575715]]]},"properties":{"FID":101,"Id":102,"gridcode":4}},{"type":"Feature","id":102,"geometry":{"type":"Polygon","coordinates":[[[105.25271407626421,-5.5476754719977013],[105.25267385602122,-5.5472843081032952],[105.25259015471082,-5.547601934725078],[105.25271407626421,-5.5476754719977013]]]},"properties":{"FID":102,"Id":103,"gridcode":4}},{"type":"Feature","id":103,"geometry":{"type":"Polygon","coordinates":[[[105.25144998610136,-5.5474950831426613],[105.25139326223368,-5.547726901363899],[105.25149190322168,-5.5478034054819192],[105.25154027276028,-5.5474950447560296],[105.25144998610136,-5.5474950831426613]]]},"properties":{"FID":103,"Id":104,"gridcode":4}},{"type":"Feature","id":104,"geometry":{"type":"Polygon","coordinates":[[[105.25226271972754,-5.5478565922222218],[105.25226268129693,-5.547766128458802],[105.25217239460181,-5.5477661669575715],[105.25217243301867,-5.5478566307216228],[105.25226271972754,-5.5478565922222218]]]},"properties":{"FID":104,"Id":105,"gridcode":4}},{"type":"Feature","id":105,"geometry":{"type":"Polygon","coordinates":[[[105.25822164109492,-5.5478540207912381],[105.25822160175652,-5.5477635570700006],[105.25813131510391,-5.5477635964783225],[105.25813135442854,-5.5478540602002067],[105.25822164109492,-5.5478540207912381]]]},"properties":{"FID":105,"Id":106,"gridcode":3}},{"type":"Feature","id":106,"geometry":{"type":"Polygon","coordinates":[[[105.25822140507435,-5.5473112384596668],[105.25822144440949,-5.5474017021822863],[105.25804087121362,-5.5474017809799774],[105.25804106776151,-5.5478540995953933],[105.25813135442854,-5.5478540602002067],[105.25813131510391,-5.5477635964783225],[105.25822160175652,-5.5477635570700006],[105.2582215230817,-5.5475826296266959],[105.25810420409691,-5.5475301871799871],[105.25831177035599,-5.5474921264844674],[105.25831169165755,-5.5473111990407977],[105.25822140507435,-5.5473112384596668]]]},"properties":{"FID":106,"Id":107,"gridcode":4}},{"type":"Feature","id":107,"geometry":{"type":"Polygon","coordinates":[[[105.25045694727402,-5.5477668958157818],[105.25052997358671,-5.5479113815969434],[105.25081817052059,-5.5479476703321007],[105.25074437235057,-5.5478406716503841],[105.25045694727402,-5.5477668958157818]]]},"properties":{"FID":107,"Id":108,"gridcode":4}},{"type":"Feature","id":108,"geometry":{"type":"Polygon","coordinates":[[[105.25081817052059,-5.5479476703321007],[105.25099874398424,-5.5479475937317009],[105.25096631155699,-5.5476048755418628],[105.25085880871724,-5.5476533234690706],[105.25059661514099,-5.5474279197534528],[105.25049332873805,-5.547474467409268],[105.25039278112142,-5.5472833940060058],[105.25024878288262,-5.5473886610362966],[105.25042573522174,-5.5476171914540577],[105.25045694727402,-5.5477668958157818],[105.25074437235057,-5.5478406716503841],[105.25081817052059,-5.5479476703321007]]]},"properties":{"FID":108,"Id":109,"gridcode":5}},{"type":"Feature","id":109,"geometry":{"type":"Polygon","coordinates":[[[105.2518113245393,-5.5479472483477137],[105.25177826573503,-5.547783529447087],[105.25151914967454,-5.5479104592228969],[105.2518113245393,-5.5479472483477137]]]},"properties":{"FID":109,"Id":110,"gridcode":4}},{"type":"Feature","id":110,"geometry":{"type":"Polygon","coordinates":[[[105.25795085969003,-5.5480350664223224],[105.2579199331892,-5.5479298282860654],[105.25784004681401,-5.5480024788272599],[105.25795085969003,-5.5480350664223224]]]},"properties":{"FID":110,"Id":111,"gridcode":3}},{"type":"Feature","id":111,"geometry":{"type":"Polygon","coordinates":[[[105.25804106776151,-5.5478540995953933],[105.25813140929573,-5.547980276051236],[105.25822164109492,-5.5478540207912381],[105.25813135442854,-5.5478540602002067],[105.25804106776151,-5.5478540995953933]]]},"properties":{"FID":111,"Id":112,"gridcode":2}},{"type":"Feature","id":112,"geometry":{"type":"Polygon","coordinates":[[[105.25099874398424,-5.5479475937317009],[105.25099882046351,-5.5481285212748022],[105.25117939397964,-5.5481284446167614],[105.25120958445898,-5.5477969668267901],[105.25135969944178,-5.5474951215155119],[105.25135966115124,-5.5474046577446812],[105.25099851456164,-5.5474048110957641],[105.25099843809251,-5.5472238835482415],[105.25081786484891,-5.5472239601385898],[105.25063729160279,-5.5472240366738177],[105.25060476643453,-5.5473350664893157],[105.25053225910123,-5.5472550225227666],[105.25063729160279,-5.5472240366738177],[105.25063725342419,-5.5471335728971303],[105.25072754003381,-5.5471335346370338],[105.25072746365099,-5.5469526070840853],[105.25063717706887,-5.5469526453429259],[105.25054694373249,-5.5470788995175129],[105.25045660390273,-5.5469527218192711],[105.2503123444164,-5.5470246466393469],[105.25027603073406,-5.5469527982405005],[105.25000517097632,-5.546952912769],[105.25000528522145,-5.5472243041130547],[105.25009557184926,-5.5472242659487883],[105.25009564804331,-5.5474051935088582],[105.25009572423991,-5.5475861210678241],[105.25027629760365,-5.5475860446929408],[105.25027637385779,-5.5477669722482945],[105.25045694727402,-5.5477668958157818],[105.25042573522174,-5.5476171914540577],[105.25024878288262,-5.5473886610362966],[105.25039278112142,-5.5472833940060058],[105.25049332873805,-5.547474467409268],[105.25059661514099,-5.5474279197534528],[105.25085880871724,-5.5476533234690706],[105.25096631155699,-5.5476048755418628],[105.25099874398424,-5.5479475937317009]]]},"properties":{"FID":112,"Id":113,"gridcode":4}},{"type":"Feature","id":113,"geometry":{"type":"Polygon","coordinates":[[[105.25172119121473,-5.5483091418437942],[105.25169026578662,-5.5482039033326771],[105.25161037857535,-5.5482765530684892],[105.25172119121473,-5.5483091418437942]]]},"properties":{"FID":113,"Id":114,"gridcode":5}},{"type":"Feature","id":114,"geometry":{"type":"Polygon","coordinates":[[[105.25235319866715,-5.5483088725188363],[105.25230800604493,-5.548193027927617],[105.25226291189013,-5.5483089110351784],[105.25235319866715,-5.5483088725188363]]]},"properties":{"FID":114,"Id":115,"gridcode":4}},{"type":"Feature","id":115,"geometry":{"type":"Polygon","coordinates":[[[105.25244333160212,-5.5479469789439557],[105.25256732302657,-5.548184647855102],[105.25271172326963,-5.5482519251472802],[105.25265360350856,-5.5480825848270205],[105.25274537658662,-5.5478144472479807],[105.25253354137845,-5.5477660128798059],[105.25253361832284,-5.5479469404025785],[105.25244333160212,-5.5479469789439557]]]},"properties":{"FID":115,"Id":116,"gridcode":4}},{"type":"Feature","id":116,"geometry":{"type":"Polygon","coordinates":[[[105.2518113245393,-5.5479472483477137],[105.25151914967454,-5.5479104592228969],[105.25177826573503,-5.547783529447087],[105.2518113245393,-5.5479472483477137]],[[105.25117939397964,-5.5481284446167614],[105.25181140126615,-5.5481281758794836],[105.25181147799555,-5.5483091034101477],[105.25199205155529,-5.5483090265015074],[105.25193204421315,-5.5481881981084431],[105.25187122191991,-5.5478089556689287],[105.25208210790606,-5.5477662054425601],[105.2520820695036,-5.5476757416775992],[105.25184152724837,-5.5476454539634048],[105.25154027276028,-5.5474950447560296],[105.25149190322168,-5.5478034054819192],[105.25139326223368,-5.547726901363899],[105.25144998610136,-5.5474950831426613],[105.25135969944178,-5.5474951215155119],[105.25120958445898,-5.5477969668267901],[105.25117939397964,-5.5481284446167614]]]},"properties":{"FID":116,"Id":117,"gridcode":5}},{"type":"Feature","id":117,"geometry":{"type":"Polygon","coordinates":[[[105.25208210790606,-5.5477662054425601],[105.25187122191991,-5.5478089556689287],[105.25193204421315,-5.5481881981084431],[105.25199205155529,-5.5483090265015074],[105.2520823383342,-5.5483089880265135],[105.25213427646644,-5.5479913507732626],[105.25208210790606,-5.5477662054425601]]]},"properties":{"FID":117,"Id":118,"gridcode":4}},{"type":"Feature","id":118,"geometry":{"type":"Polygon","coordinates":[[[105.25271407626421,-5.5476754719977013],[105.25259015471082,-5.547601934725078],[105.25267385602122,-5.5472843081032952],[105.25271407626421,-5.5476754719977013]],[[105.25235319866715,-5.5483088725188363],[105.25280463254263,-5.5483086797303924],[105.25284030867934,-5.548015315964796],[105.25295280295687,-5.5482471747615554],[105.25298489775555,-5.5475848924549762],[105.25280432442989,-5.5475849696566994],[105.25280378533083,-5.5463184769851868],[105.25271349885958,-5.5463185155565169],[105.25271365282012,-5.5466803706135774],[105.25271369131185,-5.5467708343771509],[105.2526234047712,-5.5467708729378664],[105.25253311822992,-5.5467709114848036],[105.25253315669478,-5.5468613752493665],[105.25274303440908,-5.5469065175111698],[105.25253319516028,-5.5469518390136541],[105.25253354137845,-5.5477660128798059],[105.25274537658662,-5.5478144472479807],[105.25265360350856,-5.5480825848270205],[105.25271172326963,-5.5482519251472802],[105.25256732302657,-5.548184647855102],[105.25244333160212,-5.5479469789439557],[105.25244329314337,-5.5478565151820751],[105.25226271972754,-5.5478565922222218],[105.25217243301867,-5.5478566307216228],[105.25217239460181,-5.5477661669575715],[105.25208210790606,-5.5477662054425601],[105.25213427646644,-5.5479913507732626],[105.2520823383342,-5.5483089880265135],[105.25226291189013,-5.5483089110351784],[105.25230800604493,-5.548193027927617],[105.25235319866715,-5.5483088725188363]]]},"properties":{"FID":118,"Id":119,"gridcode":5}},{"type":"Feature","id":119,"geometry":{"type":"Polygon","coordinates":[[[105.25280463254263,-5.5483086797303924],[105.25307549286026,-5.5483085638919372],[105.25307518441743,-5.5475848538334445],[105.25298489775555,-5.5475848924549762],[105.25295280295687,-5.5482471747615554],[105.25284030867934,-5.548015315964796],[105.25280463254263,-5.5483086797303924]]]},"properties":{"FID":119,"Id":120,"gridcode":4}},{"type":"Feature","id":120,"geometry":{"type":"Polygon","coordinates":[[[105.25777052193686,-5.548577927484061],[105.25777048266205,-5.5484874637618038],[105.25765486513143,-5.5485327460125102],[105.25777052193686,-5.548577927484061]]]},"properties":{"FID":120,"Id":121,"gridcode":4}},{"type":"Feature","id":121,"geometry":{"type":"Polygon","coordinates":[[[105.25786080871589,-5.5485778881250534],[105.25786076942731,-5.548487424403441],[105.25777048266205,-5.5484874637618038],[105.25777052193686,-5.548577927484061],[105.25786080871589,-5.5485778881250534]]]},"properties":{"FID":121,"Id":122,"gridcode":3}},{"type":"Feature","id":122,"geometry":{"type":"Polygon","coordinates":[[[105.25759002687344,-5.5487589336069929],[105.25758998762483,-5.5486684698839976],[105.25747437004421,-5.5487137521014196],[105.25759002687344,-5.5487589336069929]]]},"properties":{"FID":122,"Id":123,"gridcode":3}},{"type":"Feature","id":123,"geometry":{"type":"Polygon","coordinates":[[[105.25759002687344,-5.5487589336069929],[105.25777060048846,-5.5487588549277458],[105.25777056121234,-5.5486683912060419],[105.25758998762483,-5.5486684698839976],[105.25759002687344,-5.5487589336069929]]]},"properties":{"FID":123,"Id":124,"gridcode":4}},{"type":"Feature","id":124,"geometry":{"type":"Polygon","coordinates":[[[105.25777052193686,-5.548577927484061],[105.25777056121234,-5.5486683912060419],[105.25777060048846,-5.5487588549277458],[105.257860887295,-5.5487588155674468],[105.25786080871589,-5.5485778881250534],[105.25777052193686,-5.548577927484061]]]},"properties":{"FID":124,"Id":125,"gridcode":2}},{"type":"Feature","id":125,"geometry":{"type":"Polygon","coordinates":[[[105.25722911481071,-5.5493018731477184],[105.25719818835969,-5.549196634975333],[105.25711830172838,-5.5492692854279522],[105.25722911481071,-5.5493018731477184]]]},"properties":{"FID":125,"Id":126,"gridcode":4}},{"type":"Feature","id":126,"geometry":{"type":"Polygon","coordinates":[[[105.25722911481071,-5.5493018731477184],[105.25726004127348,-5.5494071113176027],[105.25733992790433,-5.5493344608461177],[105.25722911481071,-5.5493018731477184]]]},"properties":{"FID":126,"Id":127,"gridcode":2}},{"type":"Feature","id":127,"geometry":{"type":"Polygon","coordinates":[[[105.25659738026802,-5.5499353938231666],[105.25659734116232,-5.5498449300966834],[105.25650705418161,-5.5498449692717209],[105.25650709327354,-5.5499354329988471],[105.25659738026802,-5.5499353938231666]]]},"properties":{"FID":127,"Id":128,"gridcode":4}},{"type":"Feature","id":128,"geometry":{"type":"Polygon","coordinates":[[[105.25677787598923,-5.5497543879797746],[105.25664714546146,-5.5495420094545036],[105.25659730205726,-5.5497544663699241],[105.25659734116232,-5.5498449300966834],[105.25668762814239,-5.5498448909078597],[105.25668758902357,-5.5497544271817425],[105.25677787598923,-5.5497543879797746]]]},"properties":{"FID":128,"Id":129,"gridcode":4}},{"type":"Feature","id":129,"geometry":{"type":"Polygon","coordinates":[[[105.25668766726184,-5.5499353546336998],[105.25677795425503,-5.5499353154304467],[105.2567779151218,-5.5498448517052488],[105.25668762814239,-5.5498448909078597],[105.25668766726184,-5.5499353546336998]]]},"properties":{"FID":129,"Id":130,"gridcode":2}},{"type":"Feature","id":130,"geometry":{"type":"Polygon","coordinates":[[[105.25668762814239,-5.5498448909078597],[105.2567779151218,-5.5498448517052488],[105.25689353297815,-5.5497995696130449],[105.25677787598923,-5.5497543879797746],[105.25668758902357,-5.5497544271817425],[105.25668762814239,-5.5498448909078597]]]},"properties":{"FID":130,"Id":131,"gridcode":3}},{"type":"Feature","id":131,"geometry":{"type":"Polygon","coordinates":[[[105.25650713236614,-5.5500258967256961],[105.25650709327354,-5.5499354329988471],[105.25641680627842,-5.5499354721607412],[105.25641684535725,-5.5500259358882325],[105.25650713236614,-5.5500258967256961]]]},"properties":{"FID":131,"Id":132,"gridcode":3}},{"type":"Feature","id":132,"geometry":{"type":"Polygon","coordinates":[[[105.2564167281227,-5.5497545447049283],[105.25641680627842,-5.5499354721607412],[105.25650709327354,-5.5499354329988471],[105.25650705418161,-5.5498449692717209],[105.25659734116232,-5.5498449300966834],[105.25659730205726,-5.5497544663699241],[105.2564167281227,-5.5497545447049283]]]},"properties":{"FID":132,"Id":133,"gridcode":5}},{"type":"Feature","id":133,"geometry":{"type":"Polygon","coordinates":[[[105.25623631038951,-5.5501164779004428],[105.25623627133756,-5.5500260141719435],[105.25614598432672,-5.5500260532931192],[105.25614602336492,-5.5501165170222597],[105.25623631038951,-5.5501164779004428]]]},"properties":{"FID":133,"Id":134,"gridcode":4}},{"type":"Feature","id":134,"geometry":{"type":"Polygon","coordinates":[[[105.25632659741343,-5.5501164387648387],[105.25632655834772,-5.5500259750369807],[105.25623627133756,-5.5500260141719435],[105.25623631038951,-5.5501164779004428],[105.25632659741343,-5.5501164387648387]]]},"properties":{"FID":134,"Id":135,"gridcode":3}},{"type":"Feature","id":135,"geometry":{"type":"Polygon","coordinates":[[[105.25623623228624,-5.5499355504431689],[105.25632651928265,-5.5499355113088482],[105.25632655834772,-5.5500259750369807],[105.25641684535725,-5.5500259358882325],[105.25641680627842,-5.5499354721607412],[105.2564167281227,-5.5497545447049283],[105.25623615418556,-5.5497546229847892],[105.25623623228624,-5.5499355504431689]]]},"properties":{"FID":135,"Id":136,"gridcode":4}},{"type":"Feature","id":136,"geometry":{"type":"Polygon","coordinates":[[[105.25659734116232,-5.5498449300966834],[105.25659738026802,-5.5499353938231666],[105.25664257386043,-5.5500512380352722],[105.25668766726184,-5.5499353546336998],[105.25668762814239,-5.5498448909078597],[105.25659734116232,-5.5498449300966834]]]},"properties":{"FID":136,"Id":137,"gridcode":3}},{"type":"Feature","id":137,"geometry":{"type":"Polygon","coordinates":[[[105.25506261789333,-5.5502074491452262],[105.25506257901961,-5.5501169854086818],[105.25497229198665,-5.5501170243512687],[105.2549723308466,-5.5502074880884518],[105.25506261789333,-5.5502074491452262]]]},"properties":{"FID":137,"Id":138,"gridcode":5}},{"type":"Feature","id":138,"geometry":{"type":"Polygon","coordinates":[[[105.25515290493941,-5.5502074101882135],[105.25515286605193,-5.5501169464523086],[105.25506257901961,-5.5501169854086818],[105.25506261789333,-5.5502074491452262],[105.25515290493941,-5.5502074101882135]]]},"properties":{"FID":138,"Id":139,"gridcode":4}},{"type":"Feature","id":139,"geometry":{"type":"Polygon","coordinates":[[[105.25605577536479,-5.550207019859795],[105.25605573633969,-5.5501165561302903],[105.25596544931382,-5.5501165952245337],[105.25596548832515,-5.5502070589546797],[105.25605577536479,-5.550207019859795]]]},"properties":{"FID":139,"Id":140,"gridcode":5}},{"type":"Feature","id":140,"geometry":{"type":"Polygon","coordinates":[[[105.25614606240377,-5.5502069807511241],[105.25614602336492,-5.5501165170222597],[105.25605573633969,-5.5501165561302903],[105.25605577536479,-5.550207019859795],[105.25614606240377,-5.5502069807511241]]]},"properties":{"FID":140,"Id":141,"gridcode":4}},{"type":"Feature","id":141,"geometry":{"type":"Polygon","coordinates":[[[105.25605565829146,-5.5499356286704504],[105.25605573633969,-5.5501165561302903],[105.25614602336492,-5.5501165170222597],[105.25614598432672,-5.5500260532931192],[105.25623627133756,-5.5500260141719435],[105.25632655834772,-5.5500259750369807],[105.25632651928265,-5.5499355113088482],[105.25623623228624,-5.5499355504431689],[105.25605565829146,-5.5499356286704504]]]},"properties":{"FID":141,"Id":142,"gridcode":5}},{"type":"Feature","id":142,"geometry":{"type":"Polygon","coordinates":[[[105.25614606240377,-5.5502069807511241],[105.25623634944212,-5.550206941628665],[105.25623631038951,-5.5501164779004428],[105.25614602336492,-5.5501165170222597],[105.25614606240377,-5.5502069807511241]]]},"properties":{"FID":142,"Id":143,"gridcode":3}},{"type":"Feature","id":143,"geometry":{"type":"Polygon","coordinates":[[[105.25632659741343,-5.5501164387648387],[105.25650717145938,-5.5501163604522699],[105.25650713236614,-5.5500258967256961],[105.25641684535725,-5.5500259358882325],[105.25632655834772,-5.5500259750369807],[105.25632659741343,-5.5501164387648387]]]},"properties":{"FID":143,"Id":144,"gridcode":2}},{"type":"Feature","id":144,"geometry":{"type":"Polygon","coordinates":[[[105.25506265676769,-5.5502979128814935],[105.25515294382754,-5.5502978739238422],[105.25515290493941,-5.5502074101882135],[105.25506261789333,-5.5502074491452262],[105.25506265676769,-5.5502979128814935]]]},"properties":{"FID":144,"Id":145,"gridcode":3}},{"type":"Feature","id":145,"geometry":{"type":"Polygon","coordinates":[[[105.25596552733711,-5.5502975226845486],[105.25605581439051,-5.5502974835890235],[105.25605577536479,-5.550207019859795],[105.25596548832515,-5.5502070589546797],[105.25596552733711,-5.5502975226845486]]]},"properties":{"FID":145,"Id":146,"gridcode":2}},{"type":"Feature","id":146,"geometry":{"type":"Polygon","coordinates":[[[105.25533347902963,-5.5502073322328283],[105.25566430948929,-5.5502375794330598],[105.2557849532284,-5.550297600834238],[105.2558582288694,-5.5501497388418457],[105.25569458823233,-5.5501167124245407],[105.25515286605193,-5.5501169464523086],[105.25515290493941,-5.5502074101882135],[105.25533347902963,-5.5502073322328283]]]},"properties":{"FID":146,"Id":147,"gridcode":5}},{"type":"Feature","id":147,"geometry":{"type":"Polygon","coordinates":[[[105.25587524028307,-5.5502975617662873],[105.25592043376791,-5.5504134060374151],[105.25596552733711,-5.5502975226845486],[105.25587524028307,-5.5502975617662873]]]},"properties":{"FID":147,"Id":148,"gridcode":3}},{"type":"Feature","id":148,"geometry":{"type":"Polygon","coordinates":[[[105.2557849532284,-5.550297600834238],[105.25587524028307,-5.5502975617662873],[105.25596552733711,-5.5502975226845486],[105.25596548832515,-5.5502070589546797],[105.25596544931382,-5.5501165952245337],[105.25605573633969,-5.5501165561302903],[105.25605565829146,-5.5499356286704504],[105.25569451029418,-5.5499357849595761],[105.25569458823233,-5.5501167124245407],[105.2558582288694,-5.5501497388418457],[105.2557849532284,-5.550297600834238]]]},"properties":{"FID":148,"Id":149,"gridcode":4}},{"type":"Feature","id":149,"geometry":{"type":"Polygon","coordinates":[[[105.2549723697072,-5.5502979518253577],[105.25476252947779,-5.5503432741607446],[105.25497240856845,-5.5503884155619874],[105.2549723697072,-5.5502979518253577]]]},"properties":{"FID":149,"Id":150,"gridcode":5}},{"type":"Feature","id":150,"geometry":{"type":"Polygon","coordinates":[[[105.2549723308466,-5.5502074880884518],[105.2549723697072,-5.5502979518253577],[105.25497240856845,-5.5503884155619874],[105.25506269564269,-5.5503883766174855],[105.25506265676769,-5.5502979128814935],[105.25506261789333,-5.5502074491452262],[105.2549723308466,-5.5502074880884518]]]},"properties":{"FID":150,"Id":151,"gridcode":4}},{"type":"Feature","id":151,"geometry":{"type":"Polygon","coordinates":[[[105.25560445703287,-5.5504786063928098],[105.25560441807465,-5.5503881426609309],[105.25551413100428,-5.5503881816881586],[105.25551416994873,-5.5504786454206778],[105.25560445703287,-5.5504786063928098]]]},"properties":{"FID":151,"Id":152,"gridcode":3}},{"type":"Feature","id":152,"geometry":{"type":"Polygon","coordinates":[[[105.25542384393324,-5.5503882207016],[105.25551413100428,-5.5503881816881586],[105.25560441807465,-5.5503881426609309],[105.25551407666967,-5.5502619658213677],[105.25542384393324,-5.5503882207016]]]},"properties":{"FID":152,"Id":153,"gridcode":5}},{"type":"Feature","id":153,"geometry":{"type":"Polygon","coordinates":[[[105.25569474411637,-5.5504785673511545],[105.25578503119922,-5.5504785282957103],[105.25578499221348,-5.5503880645651114],[105.25569470514439,-5.5503881036199152],[105.25569474411637,-5.5504785673511545]]]},"properties":{"FID":153,"Id":154,"gridcode":3}},{"type":"Feature","id":154,"geometry":{"type":"Polygon","coordinates":[[[105.25443072488881,-5.5504791126796409],[105.25458095521705,-5.5504486578402084],[105.25470154734187,-5.550388532312768],[105.25470150852189,-5.5502980685742243],[105.25443064733079,-5.5502981851990034],[105.25443072488881,-5.5504791126796409]]]},"properties":{"FID":154,"Id":155,"gridcode":4}},{"type":"Feature","id":155,"geometry":{"type":"Polygon","coordinates":[[[105.25542384393324,-5.5503882207016],[105.25551407666967,-5.5502619658213677],[105.25560441807465,-5.5503881426609309],[105.25560445703287,-5.5504786063928098],[105.25569474411637,-5.5504785673511545],[105.25569470514439,-5.5503881036199152],[105.25578499221348,-5.5503880645651114],[105.2557849532284,-5.550297600834238],[105.25566430948929,-5.5502375794330598],[105.25533347902963,-5.5502073322328283],[105.25526020324847,-5.5503551941662463],[105.25542384393324,-5.5503882207016]]]},"properties":{"FID":155,"Id":156,"gridcode":4}},{"type":"Feature","id":156,"geometry":{"type":"Polygon","coordinates":[[[105.25425018945559,-5.550569654104283],[105.25439776258339,-5.5506430735192689],[105.25443072488881,-5.5504791126796409],[105.25425015070316,-5.5504791903631041],[105.25425018945559,-5.550569654104283]]]},"properties":{"FID":156,"Id":157,"gridcode":4}},{"type":"Feature","id":157,"geometry":{"type":"Polygon","coordinates":[[[105.25461141549629,-5.5507504261560845],[105.25470170262814,-5.5507503872641824],[105.2547016638056,-5.5506599235267435],[105.25461137668751,-5.550659962418008],[105.25461141549629,-5.5507504261560845]]]},"properties":{"FID":157,"Id":158,"gridcode":3}},{"type":"Feature","id":158,"geometry":{"type":"Polygon","coordinates":[[[105.25406965396543,-5.5506601954760413],[105.25406969269163,-5.5507506592179388],[105.25452112836378,-5.5507504650341986],[105.25452105077439,-5.5505695375564947],[105.25470162498372,-5.5505694597890285],[105.25470154734187,-5.550388532312768],[105.25458095521705,-5.5504486578402084],[105.25443072488881,-5.5504791126796409],[105.25439776258339,-5.5506430735192689],[105.25425018945559,-5.550569654104283],[105.25425022820868,-5.5506601178451831],[105.25406965396543,-5.5506601954760413]]]},"properties":{"FID":158,"Id":159,"gridcode":5}},{"type":"Feature","id":159,"geometry":{"type":"Polygon","coordinates":[[[105.25452116715944,-5.5508409287726357],[105.2546114543057,-5.5508408898938839],[105.25461141549629,-5.5507504261560845],[105.25452112836378,-5.5507504650341986],[105.25452116715944,-5.5508409287726357]]]},"properties":{"FID":159,"Id":160,"gridcode":3}},{"type":"Feature","id":160,"geometry":{"type":"Polygon","coordinates":[[[105.25470162498372,-5.5505694597890285],[105.25452105077439,-5.5505695375564947],[105.25452112836378,-5.5507504650341986],[105.25461141549629,-5.5507504261560845],[105.25461137668751,-5.550659962418008],[105.2547016638056,-5.5506599235267435],[105.25470162498372,-5.5505694597890285]]]},"properties":{"FID":160,"Id":161,"gridcode":4}},{"type":"Feature","id":161,"geometry":{"type":"Polygon","coordinates":[[[105.25434063163375,-5.5509314702282069],[105.25429543840765,-5.5508156258259653],[105.2542503444718,-5.5509315090662286],[105.25434063163375,-5.5509314702282069]]]},"properties":{"FID":161,"Id":162,"gridcode":5}},{"type":"Feature","id":162,"geometry":{"type":"Polygon","coordinates":[[[105.25443091879507,-5.5509314313763962],[105.25452120595573,-5.5509313925107966],[105.25452116715944,-5.5508409287726357],[105.25443088001252,-5.5508409676375976],[105.25443091879507,-5.5509314313763962]]]},"properties":{"FID":162,"Id":163,"gridcode":3}},{"type":"Feature","id":163,"geometry":{"type":"Polygon","coordinates":[[[105.2542503444718,-5.5509315090662286],[105.25429543840765,-5.5508156258259653],[105.25434063163375,-5.5509314702282069],[105.25443091879507,-5.5509314313763962],[105.25443088001252,-5.5508409676375976],[105.25452116715944,-5.5508409287726357],[105.25452112836378,-5.5507504650341986],[105.25406969269163,-5.5507506592179388],[105.25406965396543,-5.5506601954760413],[105.2538890797196,-5.5506602730517463],[105.25388915711761,-5.5508412005378078],[105.25416001856796,-5.5508410841497522],[105.25416005730919,-5.5509315478904613],[105.2542503444718,-5.5509315090662286]]]},"properties":{"FID":163,"Id":164,"gridcode":4}},{"type":"Feature","id":164,"geometry":{"type":"Polygon","coordinates":[[[105.25343783724961,-5.551112785478673],[105.25339264418116,-5.5509969410006876],[105.2533475500537,-5.5511128241800733],[105.25343783724961,-5.551112785478673]]]},"properties":{"FID":164,"Id":165,"gridcode":4}},{"type":"Feature","id":165,"geometry":{"type":"Polygon","coordinates":[[[105.25416005730919,-5.5509315478904613],[105.25395248952447,-5.5509696071921004],[105.25406980887408,-5.5510220504419729],[105.25416009605108,-5.5510220116308924],[105.25416005730919,-5.5509315478904613]]]},"properties":{"FID":165,"Id":166,"gridcode":4}},{"type":"Feature","id":166,"geometry":{"type":"Polygon","coordinates":[[[105.25352816309167,-5.5512032105078113],[105.25352812444484,-5.5511127467634829],[105.25343783724961,-5.551112785478673],[105.25343787588267,-5.5512032492236365],[105.25352816309167,-5.5512032105078113]]]},"properties":{"FID":166,"Id":167,"gridcode":4}},{"type":"Feature","id":167,"geometry":{"type":"Polygon","coordinates":[[[105.25361833432017,-5.5509317805462874],[105.25367904736702,-5.5510519016780631],[105.25379898602672,-5.5511126305351759],[105.25379890865241,-5.5509317030495016],[105.25361833432017,-5.5509317805462874]]]},"properties":{"FID":167,"Id":168,"gridcode":4}},{"type":"Feature","id":168,"geometry":{"type":"Polygon","coordinates":[[[105.25379898602672,-5.5511126305351759],[105.25406984760286,-5.5511125141827646],[105.25406980887408,-5.5510220504419729],[105.25395248952447,-5.5509696071921004],[105.25416005730919,-5.5509315478904613],[105.25416001856796,-5.5508410841497522],[105.25388915711761,-5.5508412005378078],[105.2536182956615,-5.5508413168017645],[105.25361833432017,-5.5509317805462874],[105.25379890865241,-5.5509317030495016],[105.25379898602672,-5.5511126305351759]]]},"properties":{"FID":168,"Id":169,"gridcode":5}},{"type":"Feature","id":169,"geometry":{"type":"Polygon","coordinates":[[[105.25343791451638,-5.5512937129683237],[105.25352820173914,-5.5512936742518635],[105.25352816309167,-5.5512032105078113],[105.25343787588267,-5.5512032492236365],[105.25343791451638,-5.5512937129683237]]]},"properties":{"FID":169,"Id":170,"gridcode":3}},{"type":"Feature","id":170,"geometry":{"type":"Polygon","coordinates":[[[105.2533475500537,-5.5511128241800733],[105.25334758867302,-5.551203287925671],[105.25334762729297,-5.5512937516709924],[105.25343791451638,-5.5512937129683237],[105.25343787588267,-5.5512032492236365],[105.25343783724961,-5.551112785478673],[105.2533475500537,-5.5511128241800733]]]},"properties":{"FID":170,"Id":171,"gridcode":5}},{"type":"Feature","id":171,"geometry":{"type":"Polygon","coordinates":[[[105.25343799178572,-5.5514746404568669],[105.25343795315074,-5.551384176712733],[105.25334766591355,-5.5513842154160367],[105.25334770453479,-5.5514746791608047],[105.25343799178572,-5.5514746404568669]]]},"properties":{"FID":171,"Id":172,"gridcode":3}},{"type":"Feature","id":172,"geometry":{"type":"Polygon","coordinates":[[[105.25343803042135,-5.5515651042007246],[105.25343799178572,-5.5514746404568669],[105.25334770453479,-5.5514746791608047],[105.25334774315664,-5.5515651429052975],[105.25343803042135,-5.5515651042007246]]]},"properties":{"FID":172,"Id":173,"gridcode":4}},{"type":"Feature","id":173,"geometry":{"type":"Polygon","coordinates":[[[105.2537090082462,-5.55183637922846],[105.25370896956737,-5.5517459154873379],[105.25361868227705,-5.5517459542345531],[105.25361872094214,-5.5518364179763102],[105.2537090082462,-5.55183637922846]]]},"properties":{"FID":173,"Id":174,"gridcode":4}},{"type":"Feature","id":174,"geometry":{"type":"Polygon","coordinates":[[[105.25334770453479,-5.5514746791608047],[105.25315471121949,-5.5513881553931999],[105.25331829275196,-5.5518857644396391],[105.25370904692569,-5.5519268429693067],[105.2537090082462,-5.55183637922846],[105.25361872094214,-5.5518364179763102],[105.25361868227705,-5.5517459542345531],[105.25349874350317,-5.5516852253471614],[105.25343803042135,-5.5515651042007246],[105.25334774315664,-5.5515651429052975],[105.25334770453479,-5.5514746791608047]]]},"properties":{"FID":174,"Id":175,"gridcode":5}},{"type":"Feature","id":175,"geometry":{"type":"Polygon","coordinates":[[[105.25370912428656,-5.5521077704501689],[105.25382474283752,-5.5520624889305479],[105.25370908560581,-5.5520173067098764],[105.25370912428656,-5.5521077704501689]]]},"properties":{"FID":175,"Id":176,"gridcode":3}},{"type":"Feature","id":176,"geometry":{"type":"Polygon","coordinates":[[[105.25352854959519,-5.552107847935889],[105.25347956353077,-5.5519932888030805],[105.25341126004281,-5.5522385115823365],[105.25352862690357,-5.5522887754181864],[105.25352854959519,-5.552107847935889]]]},"properties":{"FID":176,"Id":177,"gridcode":5}},{"type":"Feature","id":177,"geometry":{"type":"Polygon","coordinates":[[[105.25343841681281,-5.5524697416240896],[105.25339322362886,-5.5523538971561752],[105.25334812941045,-5.5524697803350076],[105.25343841681281,-5.5524697416240896]]]},"properties":{"FID":177,"Id":178,"gridcode":3}},{"type":"Feature","id":178,"geometry":{"type":"Polygon","coordinates":[[[105.25334812941045,-5.5524697803350076],[105.25339322362886,-5.5523538971561752],[105.25343841681281,-5.5524697416240896],[105.2535287042145,-5.552469702899379],[105.25352862690357,-5.5522887754181864],[105.25341126004281,-5.5522385115823365],[105.25347956353077,-5.5519932888030805],[105.25352854959519,-5.552107847935889],[105.25370912428656,-5.5521077704501689],[105.25370908560581,-5.5520173067098764],[105.25370904692569,-5.5519268429693067],[105.25331829275196,-5.5518857644396391],[105.25315471121949,-5.5513881553931999],[105.25334770453479,-5.5514746791608047],[105.25334766591355,-5.5513842154160367],[105.25334762729297,-5.5512937516709924],[105.25334758867302,-5.551203287925671],[105.25313674458371,-5.5512531386250714],[105.25297255733386,-5.551736552182879],[105.25304597245612,-5.5519723590996968],[105.25301728938408,-5.5520647658237365],[105.25318095038793,-5.5524304048306332],[105.25334812941045,-5.5524697803350076]]]},"properties":{"FID":178,"Id":179,"gridcode":4}},{"type":"Feature","id":179,"geometry":{"type":"Polygon","coordinates":[[[105.25361933967037,-5.5532838378068332],[105.25357414638246,-5.5531679933603844],[105.2535290521454,-5.5532838765510508],[105.25361933967037,-5.5532838378068332]]]},"properties":{"FID":179,"Id":180,"gridcode":3}},{"type":"Feature","id":180,"geometry":{"type":"Polygon","coordinates":[[[105.2535290521454,-5.5532838765510508],[105.25357424543451,-5.5533997210004955],[105.25361933967037,-5.5532838378068332],[105.2535290521454,-5.5532838765510508]]]},"properties":{"FID":180,"Id":181,"gridcode":2}},{"type":"Feature","id":181,"geometry":{"type":"Polygon","coordinates":[[[105.25325838267744,-5.5537363113961487],[105.25322745665395,-5.5536310730099849],[105.25314756893982,-5.5537037229649204],[105.25325838267744,-5.5537363113961487]]]},"properties":{"FID":181,"Id":182,"gridcode":2}},{"type":"Feature","id":182,"geometry":{"type":"Polygon","coordinates":[[[105.25307796187404,-5.5540982437230335],[105.25304171000121,-5.5538926773513468],[105.25296059468243,-5.5540479798153353],[105.25307796187404,-5.5540982437230335]]]},"properties":{"FID":182,"Id":183,"gridcode":2}},{"type":"Feature","id":183,"geometry":{"type":"Polygon","coordinates":[[[105.25271700398572,-5.5545507170106267],[105.25268607800798,-5.5544454785965733],[105.25260619011905,-5.5545181284843306],[105.25271700398572,-5.5545507170106267]]]},"properties":{"FID":183,"Id":184,"gridcode":3}},{"type":"Feature","id":184,"geometry":{"type":"Polygon","coordinates":[[[105.25235704663693,-5.5573552472633461],[105.25232612055338,-5.5572500088441528],[105.25224623225586,-5.5573226586955355],[105.25235704663693,-5.5573552472633461]]]},"properties":{"FID":184,"Id":185,"gridcode":3}},{"type":"Feature","id":185,"geometry":{"type":"Polygon","coordinates":[[[105.24360005955729,-5.5597109837468244],[105.24363609621479,-5.5596566340519802],[105.24377497404885,-5.559564027750751],[105.24338336413035,-5.5595667451895174],[105.24360005955729,-5.5597109837468244]]]},"properties":{"FID":185,"Id":186,"gridcode":4}},{"type":"Feature","id":186,"geometry":{"type":"Polygon","coordinates":[[[105.24396121384189,-5.5597108345835817],[105.24392496467539,-5.5595052675650871],[105.24384384621013,-5.5596605688885958],[105.24396121384189,-5.5597108345835817]]]},"properties":{"FID":186,"Id":187,"gridcode":4}},{"type":"Feature","id":187,"geometry":{"type":"Polygon","coordinates":[[[105.25046225695222,-5.5603413580290244],[105.25043133102092,-5.5602361195130019],[105.25035144209353,-5.5603087691293664],[105.25046225695222,-5.5603413580290244]]]},"properties":{"FID":187,"Id":188,"gridcode":4}},{"type":"Feature","id":188,"geometry":{"type":"Polygon","coordinates":[[[105.25064291073645,-5.5605222088393056],[105.25075853116054,-5.5604769278476267],[105.25064287246488,-5.5604317451032772],[105.25064291073645,-5.5605222088393056]]]},"properties":{"FID":188,"Id":189,"gridcode":4}},{"type":"Feature","id":189,"geometry":{"type":"Polygon","coordinates":[[[105.25037212125247,-5.560703251290418],[105.2503411953152,-5.5605980127710897],[105.25026130632939,-5.5606706623770599],[105.25037212125247,-5.560703251290418]]]},"properties":{"FID":189,"Id":190,"gridcode":5}},{"type":"Feature","id":190,"geometry":{"type":"Polygon","coordinates":[[[105.25055258383054,-5.5604317834418371],[105.25055266034673,-5.5606127109148717],[105.25064294900864,-5.5606126725750569],[105.25064291073645,-5.5605222088393056],[105.25064287246488,-5.5604317451032772],[105.25055258383054,-5.5604317834418371]]]},"properties":{"FID":190,"Id":191,"gridcode":5}},{"type":"Feature","id":191,"geometry":{"type":"Polygon","coordinates":[[[105.25046244817531,-5.5607936767140549],[105.25046240992943,-5.5607032129776028],[105.25037212125247,-5.560703251290418],[105.25037215948456,-5.5607937150274971],[105.25046244817531,-5.5607936767140549]]]},"properties":{"FID":191,"Id":192,"gridcode":5}},{"type":"Feature","id":192,"geometry":{"type":"Polygon","coordinates":[[[105.25073335253167,-5.5608840254251382],[105.25082364123367,-5.5608839870558135],[105.250823602932,-5.5607935233221477],[105.25073331424377,-5.5607935616908453],[105.25073335253167,-5.5608840254251382]]]},"properties":{"FID":192,"Id":193,"gridcode":5}},{"type":"Feature","id":193,"geometry":{"type":"Polygon","coordinates":[[[105.25290028120482,-5.5608831007487005],[105.25286935481358,-5.5607778623832624],[105.25278946613,-5.5608505123181056],[105.25290028120482,-5.5608831007487005]]]},"properties":{"FID":193,"Id":194,"gridcode":3}},{"type":"Feature","id":194,"geometry":{"type":"Polygon","coordinates":[[[105.25073335253167,-5.5608840254251382],[105.25080950405157,-5.5610030972179247],[105.25094916653048,-5.560873987791874],[105.250823602932,-5.5607935233221477],[105.25082364123367,-5.5608839870558135],[105.25073335253167,-5.5608840254251382]]]},"properties":{"FID":194,"Id":195,"gridcode":4}},{"type":"Feature","id":195,"geometry":{"type":"Polygon","coordinates":[[[105.24405206137983,-5.5610677539810389],[105.24423263893077,-5.5610676792705895],[105.24423260163434,-5.5609772154922297],[105.24405202411096,-5.5609772902014569],[105.24405206137983,-5.5610677539810389]]]},"properties":{"FID":195,"Id":196,"gridcode":3}},{"type":"Feature","id":196,"geometry":{"type":"Polygon","coordinates":[[[105.24459383137749,-5.5611579934595499],[105.24459379402528,-5.5610675296839158],[105.24450350525258,-5.5610675671013059],[105.244503542591,-5.5611580308775528],[105.24459383137749,-5.5611579934595499]]]},"properties":{"FID":196,"Id":197,"gridcode":3}},{"type":"Feature","id":197,"geometry":{"type":"Polygon","coordinates":[[[105.24477440894863,-5.5611579185821025],[105.24472921668986,-5.561042073438891],[105.24468412016337,-5.561157956027734],[105.24477440894863,-5.5611579185821025]]]},"properties":{"FID":197,"Id":198,"gridcode":4}},{"type":"Feature","id":198,"geometry":{"type":"Polygon","coordinates":[[[105.25055258383054,-5.5604317834418371],[105.25013775101922,-5.5604698285448713],[105.25003217878006,-5.56100631694438],[105.25019357469168,-5.5610382002963634],[105.25038710166241,-5.560899098959962],[105.25046244817531,-5.5607936767140549],[105.25037215948456,-5.5607937150274971],[105.25037212125247,-5.560703251290418],[105.25026130632939,-5.5606706623770599],[105.2503411953152,-5.5605980127710897],[105.25037212125247,-5.560703251290418],[105.25046240992943,-5.5607032129776028],[105.25046244817531,-5.5607936767140549],[105.25061270705444,-5.5608240030885252],[105.25073335253167,-5.5608840254251382],[105.25073331424377,-5.5607935616908453],[105.250823602932,-5.5607935233221477],[105.25082352633058,-5.5606125958539883],[105.25064294900864,-5.5606126725750569],[105.25055266034673,-5.5606127109148717],[105.25055258383054,-5.5604317834418371]]]},"properties":{"FID":198,"Id":199,"gridcode":4}},{"type":"Feature","id":199,"geometry":{"type":"Polygon","coordinates":[[[105.24342007710507,-5.5611584788160391],[105.24374188400698,-5.5611189376872643],[105.24405206137983,-5.5610677539810389],[105.24405202411096,-5.5609772902014569],[105.24342000275976,-5.560977551248607],[105.24342007710507,-5.5611584788160391]]]},"properties":{"FID":199,"Id":200,"gridcode":4}},{"type":"Feature","id":200,"geometry":{"type":"Polygon","coordinates":[[[105.24423263893077,-5.5610676792705895],[105.24423267622782,-5.5611581430486714],[105.244503542591,-5.5611580308775528],[105.24450350525258,-5.5610675671013059],[105.24423263893077,-5.5610676792705895]]]},"properties":{"FID":200,"Id":201,"gridcode":4}},{"type":"Feature","id":201,"geometry":{"type":"Polygon","coordinates":[[[105.25290043568626,-5.561244955622568],[105.25285524185874,-5.5611291111734973],[105.2528101469437,-5.5612449943121458],[105.25290043568626,-5.561244955622568]]]},"properties":{"FID":201,"Id":202,"gridcode":4}},{"type":"Feature","id":202,"geometry":{"type":"Polygon","coordinates":[[[105.24351044027431,-5.5613393691289144],[105.24351040308633,-5.5612489053465008],[105.24342011427865,-5.5612489425993372],[105.24342015145285,-5.56133940638236],[105.24351044027431,-5.5613393691289144]]]},"properties":{"FID":202,"Id":203,"gridcode":4}},{"type":"Feature","id":203,"geometry":{"type":"Polygon","coordinates":[[[105.24504535014482,-5.5613387337066253],[105.24500015781864,-5.5612228885878157],[105.24495506133384,-5.5613387711949276],[105.24504535014482,-5.5613387337066253]]]},"properties":{"FID":203,"Id":204,"gridcode":4}},{"type":"Feature","id":204,"geometry":{"type":"Polygon","coordinates":[[[105.24992094501354,-5.5613366888229576],[105.24987575175061,-5.5612208441200073],[105.24983065623627,-5.5613367270572729],[105.24992094501354,-5.5613366888229576]]]},"properties":{"FID":204,"Id":205,"gridcode":4}},{"type":"Feature","id":205,"geometry":{"type":"Polygon","coordinates":[[[105.25290047430822,-5.5613354193403417],[105.25290043568626,-5.561244955622568],[105.2528101469437,-5.5612449943121458],[105.25281018555188,-5.5613354580305527],[105.25290047430822,-5.5613354193403417]]]},"properties":{"FID":205,"Id":206,"gridcode":5}},{"type":"Feature","id":206,"geometry":{"type":"Polygon","coordinates":[[[105.25290047430822,-5.5613354193403417],[105.2530160946957,-5.5612901379082089],[105.25290043568626,-5.561244955622568],[105.25290047430822,-5.5613354193403417]]]},"properties":{"FID":206,"Id":207,"gridcode":4}},{"type":"Feature","id":207,"geometry":{"type":"Polygon","coordinates":[[[105.24360076629753,-5.5614297956431793],[105.24360072909514,-5.5613393318616531],[105.24351044027431,-5.5613393691289144],[105.24351047746291,-5.5614298329110508],[105.24360076629753,-5.5614297956431793]]]},"properties":{"FID":207,"Id":208,"gridcode":4}},{"type":"Feature","id":208,"geometry":{"type":"Polygon","coordinates":[[[105.24477440894863,-5.5611579185821025],[105.24477448371005,-5.561338846130087],[105.24486477252225,-5.5613388086694151],[105.24486469773325,-5.5611578811226554],[105.24477440894863,-5.5611579185821025]]]},"properties":{"FID":208,"Id":209,"gridcode":4}},{"type":"Feature","id":209,"geometry":{"type":"Polygon","coordinates":[[[105.24486480991767,-5.5614292724423793],[105.24495509874306,-5.5614292349672789],[105.24495506133384,-5.5613387711949276],[105.24486477252225,-5.5613388086694151],[105.24486480991767,-5.5614292724423793]]]},"properties":{"FID":209,"Id":210,"gridcode":4}},{"type":"Feature","id":210,"geometry":{"type":"Polygon","coordinates":[[[105.24513567639198,-5.5614291599756323],[105.24513563895518,-5.5613386962045084],[105.24504535014482,-5.5613387337066253],[105.24504538756783,-5.5614291974783638],[105.24513567639198,-5.5614291599756323]]]},"properties":{"FID":210,"Id":211,"gridcode":4}},{"type":"Feature","id":211,"geometry":{"type":"Polygon","coordinates":[[[105.24513563895518,-5.5613386962045084],[105.24531621657405,-5.5613386211588285],[105.24522587551456,-5.5612124427687792],[105.24513563895518,-5.5613386962045084]]]},"properties":{"FID":211,"Id":212,"gridcode":4}},{"type":"Feature","id":212,"geometry":{"type":"Polygon","coordinates":[[[105.25001127197154,-5.561427114312476],[105.25001123379018,-5.5613366505748276],[105.24992094501354,-5.5613366888229576],[105.24992098318113,-5.5614271525612304],[105.25001127197154,-5.561427114312476]]]},"properties":{"FID":212,"Id":213,"gridcode":4}},{"type":"Feature","id":213,"geometry":{"type":"Polygon","coordinates":[[[105.24576766061037,-5.5613384333028657],[105.24576769814368,-5.5614288970696881],[105.24594827578144,-5.5614288218293657],[105.24594823822056,-5.5613383580637752],[105.24576766061037,-5.5613384333028657]]]},"properties":{"FID":213,"Id":214,"gridcode":4}},{"type":"Feature","id":214,"geometry":{"type":"Polygon","coordinates":[[[105.24946957731881,-5.5615178073389018],[105.24943865149076,-5.5614125687698692],[105.24935876228341,-5.5614852182615673],[105.24946957731881,-5.5615178073389018]]]},"properties":{"FID":214,"Id":215,"gridcode":4}},{"type":"Feature","id":215,"geometry":{"type":"Polygon","coordinates":[[[105.24955982801312,-5.5614273054181007],[105.24983069439007,-5.561427190796171],[105.24983065623627,-5.5613367270572729],[105.24966722607704,-5.5613037421645881],[105.24971786172651,-5.561199747354669],[105.24959365237748,-5.5609539990222121],[105.24955982801312,-5.5614273054181007]]]},"properties":{"FID":215,"Id":216,"gridcode":4}},{"type":"Feature","id":216,"geometry":{"type":"Polygon","coordinates":[[[105.25082390936304,-5.5615172331837135],[105.2507929832976,-5.5614119946964911],[105.25071309426464,-5.5614846443640804],[105.25082390936304,-5.5615172331837135]]]},"properties":{"FID":216,"Id":217,"gridcode":4}},{"type":"Feature","id":217,"geometry":{"type":"Polygon","coordinates":[[[105.24369112956575,-5.5616106859224956],[105.24369109234833,-5.561520222142132],[105.24360080350053,-5.5615202594244284],[105.24360084070415,-5.5616107232054022],[105.24369112956575,-5.5616106859224956]]]},"properties":{"FID":217,"Id":218,"gridcode":4}},{"type":"Feature","id":218,"geometry":{"type":"Polygon","coordinates":[[[105.24594827578144,-5.5614288218293657],[105.24594831334295,-5.5615192855946791],[105.24612889100581,-5.5615192102978632],[105.24612885341674,-5.5614287465337826],[105.24594827578144,-5.5614288218293657]]]},"properties":{"FID":218,"Id":219,"gridcode":4}},{"type":"Feature","id":219,"geometry":{"type":"Polygon","coordinates":[[[105.24649008396895,-5.5616095232997846],[105.24644489134211,-5.5614936783060944],[105.24639979512652,-5.5616095610109797],[105.24649008396895,-5.5616095232997846]]]},"properties":{"FID":219,"Id":220,"gridcode":4}},{"type":"Feature","id":220,"geometry":{"type":"Polygon","coordinates":[[[105.24955990423986,-5.5616082328988181],[105.24955986612618,-5.5615177691585975],[105.24946957731881,-5.5615178073389018],[105.2494696154187,-5.5616082710797476],[105.24955990423986,-5.5616082328988181]]]},"properties":{"FID":220,"Id":221,"gridcode":4}},{"type":"Feature","id":221,"geometry":{"type":"Polygon","coordinates":[[[105.2446843070026,-5.5616102748986842],[105.2447745958568,-5.5616102374499885],[105.24486488471038,-5.5616101999874772],[105.24486480991767,-5.5614292724423793],[105.24468423226506,-5.561429347351134],[105.2446843070026,-5.5616102748986842]]]},"properties":{"FID":221,"Id":222,"gridcode":4}},{"type":"Feature","id":222,"geometry":{"type":"Polygon","coordinates":[[[105.24513567639198,-5.5614291599756323],[105.2451719261223,-5.5616347268827315],[105.24525304447903,-5.5614794253904529],[105.24513567639198,-5.5614291599756323]]]},"properties":{"FID":222,"Id":223,"gridcode":4}},{"type":"Feature","id":223,"geometry":{"type":"Polygon","coordinates":[[[105.24965023118848,-5.5616986584433912],[105.24965019306038,-5.5616081947040739],[105.24955990423986,-5.5616082328988181],[105.24955994235417,-5.5616986966387616],[105.24965023118848,-5.5616986584433912]]]},"properties":{"FID":223,"Id":224,"gridcode":4}},{"type":"Feature","id":224,"geometry":{"type":"Polygon","coordinates":[[[105.25010163715353,-5.5616080035231148],[105.25031364051232,-5.5615578805987544],[105.25010156076134,-5.5614270760499043],[105.25010163715353,-5.5616080035231148]]]},"properties":{"FID":224,"Id":225,"gridcode":4}},{"type":"Feature","id":225,"geometry":{"type":"Polygon","coordinates":[[[105.24378149289095,-5.5617915761844454],[105.24378145565852,-5.561701112405248],[105.24369116678375,-5.5617011497025803],[105.24369120400239,-5.5617916134823879],[105.24378149289095,-5.5617915761844454]]]},"properties":{"FID":225,"Id":226,"gridcode":4}},{"type":"Feature","id":226,"geometry":{"type":"Polygon","coordinates":[[[105.25028229123626,-5.5617888544236171],[105.25028225301101,-5.5616983906889574],[105.25019196418111,-5.5616984289810389],[105.25019200239258,-5.5617888927163257],[105.25028229123626,-5.5617888544236171]]]},"properties":{"FID":226,"Id":227,"gridcode":5}},{"type":"Feature","id":227,"geometry":{"type":"Polygon","coordinates":[[[105.24387181902571,-5.5618820026509956],[105.24387178177888,-5.5617915388726855],[105.24378149289095,-5.5617915761844454],[105.24378153012398,-5.5618820399633657],[105.24387181902571,-5.5618820026509956]]]},"properties":{"FID":227,"Id":228,"gridcode":4}},{"type":"Feature","id":228,"geometry":{"type":"Polygon","coordinates":[[[105.24992109768763,-5.5616985437743871],[105.24978557505432,-5.5614866378490797],[105.24974055816467,-5.5617890839726227],[105.24992109768763,-5.5616985437743871]]]},"properties":{"FID":228,"Id":229,"gridcode":4}},{"type":"Feature","id":229,"geometry":{"type":"Polygon","coordinates":[[[105.24974055816467,-5.5617890839726227],[105.24978557505432,-5.5614866378490797],[105.24992109768763,-5.5616985437743871],[105.24992113585773,-5.5617890075115515],[105.25001142470332,-5.5617889692602924],[105.25001134833616,-5.5616080417869389],[105.25010163715353,-5.5616080035231148],[105.25010156076134,-5.5614270760499043],[105.25001127197154,-5.561427114312476],[105.24992098318113,-5.5614271525612304],[105.24992094501354,-5.5613366888229576],[105.24983065623627,-5.5613367270572729],[105.24983069439007,-5.561427190796171],[105.24955982801312,-5.5614273054181007],[105.24955986612618,-5.5615177691585975],[105.24955990423986,-5.5616082328988181],[105.24965019306038,-5.5616081947040739],[105.24965023118848,-5.5616986584433912],[105.24965026931721,-5.5617891221824332],[105.24974055816467,-5.5617890839726227]]]},"properties":{"FID":229,"Id":230,"gridcode":5}},{"type":"Feature","id":230,"geometry":{"type":"Polygon","coordinates":[[[105.25028232946215,-5.5618793181579997],[105.25028229123626,-5.5617888544236171],[105.25019200239258,-5.5617888927163257],[105.25019204060467,-5.5618793564513336],[105.25028232946215,-5.5618793181579997]]]},"properties":{"FID":230,"Id":231,"gridcode":3}},{"type":"Feature","id":231,"geometry":{"type":"Polygon","coordinates":[[[105.25028229123626,-5.5617888544236171],[105.25049213589136,-5.56174353349763],[105.25028225301101,-5.5616983906889574],[105.25028229123626,-5.5617888544236171]]]},"properties":{"FID":231,"Id":232,"gridcode":4}},{"type":"Feature","id":232,"geometry":{"type":"Polygon","coordinates":[[[105.2445940555037,-5.5617007761075348],[105.24459413021737,-5.5618817036546471],[105.2447200647738,-5.5617911876462083],[105.2445940555037,-5.5617007761075348]]]},"properties":{"FID":232,"Id":233,"gridcode":3}},{"type":"Feature","id":233,"geometry":{"type":"Polygon","coordinates":[[[105.24649012161443,-5.5616999870608437],[105.24649019690726,-5.5618809145821322],[105.24667077467298,-5.5618808391145915],[105.24667069932498,-5.561699911595773],[105.24649012161443,-5.5616999870608437]]]},"properties":{"FID":233,"Id":234,"gridcode":4}},{"type":"Feature","id":234,"geometry":{"type":"Polygon","coordinates":[[[105.25037265655931,-5.5619697435843278],[105.25037261831901,-5.5618792798508485],[105.25028232946215,-5.5618793181579997],[105.25028236768867,-5.5619697818921061],[105.25037265655931,-5.5619697435843278]]]},"properties":{"FID":234,"Id":235,"gridcode":4}},{"type":"Feature","id":235,"geometry":{"type":"Polygon","coordinates":[[[105.25037265655931,-5.5619697435843278],[105.25048827728401,-5.5619244626341473],[105.25037261831901,-5.5618792798508485],[105.25037265655931,-5.5619697435843278]]]},"properties":{"FID":235,"Id":236,"gridcode":3}},{"type":"Feature","id":236,"geometry":{"type":"Polygon","coordinates":[[[105.25073381203553,-5.5619695902150514],[105.25073377374007,-5.5618791264840812],[105.25064348488574,-5.5618791648464985],[105.25064352316741,-5.5619696285780957],[105.25073381203553,-5.5619695902150514]]]},"properties":{"FID":236,"Id":237,"gridcode":5}},{"type":"Feature","id":237,"geometry":{"type":"Polygon","coordinates":[[[105.2451358635852,-5.5618814788270958],[105.24513590102571,-5.5619719425965579],[105.24540676774264,-5.5619718299944187],[105.24540673026077,-5.5618813662267987],[105.24549701915139,-5.5618813286657334],[105.24549698165634,-5.5617908648984518],[105.24522611502401,-5.5617909775383554],[105.24522615247768,-5.56188144130748],[105.2451358635852,-5.5618814788270958]]]},"properties":{"FID":237,"Id":238,"gridcode":4}},{"type":"Feature","id":238,"geometry":{"type":"Polygon","coordinates":[[[105.25019211703078,-5.5620602839205233],[105.25019207881742,-5.561969820186067],[105.2501017899455,-5.5619698584662114],[105.25010182814508,-5.5620603222012939],[105.25019211703078,-5.5620602839205233]]]},"properties":{"FID":238,"Id":239,"gridcode":5}},{"type":"Feature","id":239,"geometry":{"type":"Polygon","coordinates":[[[105.24414279759549,-5.5621532819587598],[105.24414276030545,-5.5620628181831133],[105.24405247137798,-5.562062855538155],[105.24405250865424,-5.5621533193144126],[105.24414279759549,-5.5621532819587598]]]},"properties":{"FID":239,"Id":240,"gridcode":4}},{"type":"Feature","id":240,"geometry":{"type":"Polygon","coordinates":[[[105.24558730804138,-5.5618812910908515],[105.24558738306089,-5.5620622186233559],[105.24571331749341,-5.5619717024084636],[105.24558730804138,-5.5618812910908515]]]},"properties":{"FID":240,"Id":241,"gridcode":4}},{"type":"Feature","id":241,"geometry":{"type":"Polygon","coordinates":[[[105.24667077467298,-5.5618808391145915],[105.24667085002346,-5.5620617666323042],[105.24685142784185,-5.5620616911070258],[105.24685135243621,-5.5618807635917848],[105.24667077467298,-5.5618808391145915]]]},"properties":{"FID":241,"Id":242,"gridcode":4}},{"type":"Feature","id":242,"geometry":{"type":"Polygon","coordinates":[[[105.24928926622161,-5.5621511298469057],[105.24928922814553,-5.5620606661064738],[105.24919893925353,-5.5620607042490766],[105.24919897731584,-5.562151167990133],[105.24928926622161,-5.5621511298469057]]]},"properties":{"FID":242,"Id":243,"gridcode":5}},{"type":"Feature","id":243,"geometry":{"type":"Polygon","coordinates":[[[105.24974071074107,-5.5621509389235166],[105.24985633155438,-5.5621056580936905],[105.24974067259603,-5.5620604751862093],[105.24974071074107,-5.5621509389235166]]]},"properties":{"FID":243,"Id":244,"gridcode":5}},{"type":"Feature","id":244,"geometry":{"type":"Polygon","coordinates":[[[105.25073381203553,-5.5619695902150514],[105.250824100903,-5.5619695518381906],[105.2508241392129,-5.5620600155682549],[105.25091442809352,-5.5620599771769497],[105.2509143514468,-5.561879049717799],[105.25100464029921,-5.561879011313934],[105.25095936773782,-5.5615766035323109],[105.2507888067753,-5.5618437939633036],[105.25073377374007,-5.5618791264840812],[105.25073381203553,-5.5619695902150514]]]},"properties":{"FID":244,"Id":245,"gridcode":4}},{"type":"Feature","id":245,"geometry":{"type":"Polygon","coordinates":[[[105.25118525636657,-5.5619693981925806],[105.25097541169633,-5.5620147193659593],[105.25118529473161,-5.5620598619201322],[105.25118525636657,-5.5619693981925806]]]},"properties":{"FID":245,"Id":246,"gridcode":4}},{"type":"Feature","id":246,"geometry":{"type":"Polygon","coordinates":[[[105.2448650343032,-5.5619720550743486],[105.24486510910332,-5.5621529826161229],[105.24495539803902,-5.5621529451361154],[105.24495532321131,-5.5619720175955685],[105.2448650343032,-5.5619720550743486]]]},"properties":{"FID":246,"Id":247,"gridcode":4}},{"type":"Feature","id":247,"geometry":{"type":"Polygon","coordinates":[[[105.24513601335092,-5.5622433339032824],[105.24509082093051,-5.5621274887987813],[105.24504572440266,-5.5622433714115367],[105.24513601335092,-5.5622433339032824]]]},"properties":{"FID":247,"Id":248,"gridcode":4}},{"type":"Feature","id":248,"geometry":{"type":"Polygon","coordinates":[[[105.24928930429834,-5.5622415935870606],[105.24928926622161,-5.5621511298469057],[105.24919897731584,-5.562151167990133],[105.24919901537876,-5.5622416317309114],[105.24928930429834,-5.5622415935870606]]]},"properties":{"FID":248,"Id":249,"gridcode":4}},{"type":"Feature","id":249,"geometry":{"type":"Polygon","coordinates":[[[105.24919893925353,-5.5620607042490766],[105.24928922814553,-5.5620606661064738],[105.24928926622161,-5.5621511298469057],[105.24937955512677,-5.562151091689862],[105.24937947894763,-5.5619701642099697],[105.24923190350188,-5.5618967436687967],[105.24919893925353,-5.5620607042490766]]]},"properties":{"FID":249,"Id":250,"gridcode":4}},{"type":"Feature","id":250,"geometry":{"type":"Polygon","coordinates":[[[105.24956017105326,-5.5622414790726049],[105.24956013293517,-5.5621510153343232],[105.24946984403128,-5.5621510535190017],[105.24946988213559,-5.5622415172579078],[105.24956017105326,-5.5622414790726049]]]},"properties":{"FID":250,"Id":251,"gridcode":4}},{"type":"Feature","id":251,"geometry":{"type":"Polygon","coordinates":[[[105.24937955512677,-5.562151091689862],[105.24946984403128,-5.5621510535190017],[105.24956013293517,-5.5621510153343232],[105.24956009481771,-5.5620605515957653],[105.24937947894763,-5.5619701642099697],[105.24937955512677,-5.562151091689862]]]},"properties":{"FID":251,"Id":252,"gridcode":5}},{"type":"Feature","id":252,"geometry":{"type":"Polygon","coordinates":[[[105.24965045997031,-5.5622414408734855],[105.24965042183844,-5.5621509771358291],[105.24956013293517,-5.5621510153343232],[105.24956017105326,-5.5622414790726049],[105.24965045997031,-5.5622414408734855]]]},"properties":{"FID":252,"Id":253,"gridcode":5}},{"type":"Feature","id":253,"geometry":{"type":"Polygon","coordinates":[[[105.25055334910614,-5.5622410581223347],[105.25055331083637,-5.5621505943909417],[105.25046302193941,-5.5621506327276071],[105.2504630601954,-5.5622410964596281],[105.25055334910614,-5.5622410581223347]]]},"properties":{"FID":253,"Id":254,"gridcode":4}},{"type":"Feature","id":254,"geometry":{"type":"Polygon","coordinates":[[[105.25064363801626,-5.5622410197712249],[105.25064359973268,-5.5621505560404589],[105.25055331083637,-5.5621505943909417],[105.25055334910614,-5.5622410581223347],[105.25064363801626,-5.5622410197712249]]]},"properties":{"FID":254,"Id":255,"gridcode":5}},{"type":"Feature","id":255,"geometry":{"type":"Polygon","coordinates":[[[105.25091450474278,-5.562240904634991],[105.25091446641784,-5.5621504409061089],[105.25082417752341,-5.562150479298043],[105.25082421583457,-5.562240943027553],[105.25091450474278,-5.562240904634991]]]},"properties":{"FID":255,"Id":256,"gridcode":4}},{"type":"Feature","id":256,"geometry":{"type":"Polygon","coordinates":[[[105.24459416757513,-5.561972167427788],[105.24419348499575,-5.5621427830605414],[105.24450399070017,-5.5622435961709007],[105.24459427965212,-5.5622435587455499],[105.24459416757513,-5.561972167427788]]]},"properties":{"FID":256,"Id":257,"gridcode":4}},{"type":"Feature","id":257,"geometry":{"type":"Polygon","coordinates":[[[105.24567778455315,-5.5623335723282583],[105.24567774702744,-5.5622431085635915],[105.24558745808291,-5.5622431461547501],[105.24558749559483,-5.5623336099200316],[105.24567778455315,-5.5623335723282583]]]},"properties":{"FID":257,"Id":258,"gridcode":3}},{"type":"Feature","id":258,"geometry":{"type":"Polygon","coordinates":[[[105.24549716913775,-5.5622431837320914],[105.24558745808291,-5.5622431461547501],[105.24567774702744,-5.5622431085635915],[105.24558738306089,-5.5620622186233559],[105.24549709414332,-5.562062256199467],[105.24549716913775,-5.5622431837320914]]]},"properties":{"FID":258,"Id":259,"gridcode":4}},{"type":"Feature","id":259,"geometry":{"type":"Polygon","coordinates":[[[105.24576807351087,-5.5623335347226668],[105.24576803597137,-5.5622430709586164],[105.24567774702744,-5.5622431085635915],[105.24567778455315,-5.5623335723282583],[105.24576807351087,-5.5623335347226668]]]},"properties":{"FID":259,"Id":260,"gridcode":4}},{"type":"Feature","id":260,"geometry":{"type":"Polygon","coordinates":[[[105.24685154095496,-5.5623330823778065],[105.24696716204932,-5.5622878021030111],[105.24685150324997,-5.5622426186211564],[105.24685154095496,-5.5623330823778065]]]},"properties":{"FID":260,"Id":261,"gridcode":4}},{"type":"Feature","id":261,"geometry":{"type":"Polygon","coordinates":[[[105.24965049810282,-5.5623319046108648],[105.24965045997031,-5.5622414408734855],[105.24956017105326,-5.5622414790726049],[105.24956020917199,-5.5623319428106095],[105.24965049810282,-5.5623319046108648]]]},"properties":{"FID":261,"Id":262,"gridcode":4}},{"type":"Feature","id":262,"geometry":{"type":"Polygon","coordinates":[[[105.24974078703303,-5.5623318663973018],[105.24974074888674,-5.5622414026605487],[105.24965045997031,-5.5622414408734855],[105.24965049810282,-5.5623319046108648],[105.24974078703303,-5.5623318663973018]]]},"properties":{"FID":262,"Id":263,"gridcode":5}},{"type":"Feature","id":263,"geometry":{"type":"Polygon","coordinates":[[[105.24956013293517,-5.5621510153343232],[105.24965042183844,-5.5621509771358291],[105.24965045997031,-5.5622414408734855],[105.24974074888674,-5.5622414026605487],[105.24974071074107,-5.5621509389235166],[105.24974067259603,-5.5620604751862093],[105.24956009481771,-5.5620605515957653],[105.24956013293517,-5.5621510153343232]]]},"properties":{"FID":263,"Id":264,"gridcode":4}},{"type":"Feature","id":264,"geometry":{"type":"Polygon","coordinates":[[[105.24983107596262,-5.5623318281699223],[105.24983103780254,-5.5622413644337936],[105.24974074888674,-5.5622414026605487],[105.24974078703303,-5.5623318663973018],[105.24983107596262,-5.5623318281699223]]]},"properties":{"FID":264,"Id":265,"gridcode":4}},{"type":"Feature","id":265,"geometry":{"type":"Polygon","coordinates":[[[105.25019223167465,-5.5623316751222269],[105.25030785248414,-5.5622863942041549],[105.25019219345938,-5.5622412113886028],[105.25019223167465,-5.5623316751222269]]]},"properties":{"FID":265,"Id":266,"gridcode":5}},{"type":"Feature","id":266,"geometry":{"type":"Polygon","coordinates":[[[105.2504630601954,-5.5622410964596281],[105.25050825365798,-5.5623569411049241],[105.25055334910614,-5.5622410581223347],[105.2504630601954,-5.5622410964596281]]]},"properties":{"FID":266,"Id":267,"gridcode":5}},{"type":"Feature","id":267,"geometry":{"type":"Polygon","coordinates":[[[105.25055331083637,-5.5621505943909417],[105.25064359973268,-5.5621505560404589],[105.25064363801626,-5.5622410197712249],[105.25082417752341,-5.562150479298043],[105.2508241392129,-5.5620600155682549],[105.25073385033163,-5.5620600539457437],[105.25073381203553,-5.5619695902150514],[105.25064352316741,-5.5619696285780957],[105.25064348488574,-5.5618791648464985],[105.25055319603079,-5.5618792031950983],[105.25055331083637,-5.5621505943909417]]]},"properties":{"FID":267,"Id":268,"gridcode":4}},{"type":"Feature","id":268,"geometry":{"type":"Polygon","coordinates":[[[105.25136587248718,-5.5620597850131688],[105.25129189384685,-5.5622090600181355],[105.25163681598568,-5.5622405969970723],[105.25156582376117,-5.5621001402438068],[105.25136587248718,-5.5620597850131688]]]},"properties":{"FID":268,"Id":269,"gridcode":4}},{"type":"Feature","id":269,"geometry":{"type":"Polygon","coordinates":[[[105.24414279759549,-5.5621532819587598],[105.24420351001665,-5.5622734040537276],[105.24432345011324,-5.5623341347540185],[105.24450402804661,-5.5623340599435451],[105.24450399070017,-5.5622435961709007],[105.24419348499575,-5.5621427830605414],[105.24459416757513,-5.561972167427788],[105.24459413021737,-5.5618817036546471],[105.2445940555037,-5.5617007761075348],[105.24459401814779,-5.5616103123335634],[105.2446843070026,-5.5616102748986842],[105.24468423226506,-5.561429347351134],[105.24486480991767,-5.5614292724423793],[105.24486477252225,-5.5613388086694151],[105.24477448371005,-5.561338846130087],[105.24477440894863,-5.5611579185821025],[105.24468412016337,-5.561157956027734],[105.24459383137749,-5.5611579934595499],[105.244503542591,-5.5611580308775528],[105.24423267622782,-5.5611581430486714],[105.24423263893077,-5.5610676792705895],[105.24405206137983,-5.5610677539810389],[105.24374188400698,-5.5611189376872643],[105.24342007710507,-5.5611584788160391],[105.24342011427865,-5.5612489425993372],[105.24351040308633,-5.5612489053465008],[105.24351044027431,-5.5613393691289144],[105.24360072909514,-5.5613393318616531],[105.24360076629753,-5.5614297956431793],[105.24360080350053,-5.5615202594244284],[105.24369109234833,-5.561520222142132],[105.24369112956575,-5.5616106859224956],[105.24369116678375,-5.5617011497025803],[105.24378145565852,-5.561701112405248],[105.24378149289095,-5.5617915761844454],[105.24387178177888,-5.5617915388726855],[105.24387181902571,-5.5618820026509956],[105.24399175901024,-5.5619427334244964],[105.24405247137798,-5.562062855538155],[105.24414276030545,-5.5620628181831133],[105.24414279759549,-5.5621532819587598]]]},"properties":{"FID":269,"Id":270,"gridcode":5}},{"type":"Feature","id":270,"geometry":{"type":"Polygon","coordinates":[[[105.24585840002189,-5.5624239608664174],[105.24585836246797,-5.5623334971032588],[105.24576807351087,-5.5623335347226668],[105.24576811105101,-5.5624239984864419],[105.24585840002189,-5.5624239608664174]]]},"properties":{"FID":270,"Id":271,"gridcode":4}},{"type":"Feature","id":271,"geometry":{"type":"Polygon","coordinates":[[[105.25091450474278,-5.562240904634991],[105.25091454306836,-5.562331368363596],[105.25100483198973,-5.5623313299565877],[105.25118540983057,-5.56233125310112],[105.25136598766888,-5.5623311761903818],[105.25154656550464,-5.5623310992243749],[105.25172714333787,-5.5623310222030966],[105.25172710488818,-5.5622405584801546],[105.25163681598568,-5.5622405969970723],[105.25129189384685,-5.5622090600181355],[105.25136587248718,-5.5620597850131688],[105.25118529473161,-5.5620598619201322],[105.25097541169633,-5.5620147193659593],[105.25118525636657,-5.5619693981925806],[105.25118521800215,-5.5618789344647528],[105.25100464029921,-5.561879011313934],[105.2509143514468,-5.561879049717799],[105.25091442809352,-5.5620599771769497],[105.2508241392129,-5.5620600155682549],[105.25082417752341,-5.562150479298043],[105.25091446641784,-5.5621504409061089],[105.25091450474278,-5.562240904634991]]]},"properties":{"FID":271,"Id":272,"gridcode":5}},{"type":"Feature","id":272,"geometry":{"type":"Polygon","coordinates":[[[105.24432345011324,-5.5623341347540185],[105.24441379116813,-5.5624603132783959],[105.24450402804661,-5.5623340599435451],[105.24432345011324,-5.5623341347540185]]]},"properties":{"FID":272,"Id":273,"gridcode":4}},{"type":"Feature","id":273,"geometry":{"type":"Polygon","coordinates":[[[105.24594872656048,-5.5625143869948417],[105.24594868899214,-5.5624239232325756],[105.24585840002189,-5.5624239608664174],[105.24585843757643,-5.5625144246292999],[105.24594872656048,-5.5625143869948417]]]},"properties":{"FID":273,"Id":274,"gridcode":4}},{"type":"Feature","id":274,"geometry":{"type":"Polygon","coordinates":[[[105.24919901537876,-5.5622416317309114],[105.24919909150651,-5.5624225592116385],[105.24928938045366,-5.5624225210665399],[105.24928930429834,-5.5622415935870606],[105.24919901537876,-5.5622416317309114]]]},"properties":{"FID":274,"Id":275,"gridcode":5}},{"type":"Feature","id":275,"geometry":{"type":"Polygon","coordinates":[[[105.25136602606405,-5.5624216399155655],[105.25154660392739,-5.5624215629482991],[105.25154656550464,-5.5623310992243749],[105.25136598766888,-5.5623311761903818],[105.25136602606405,-5.5624216399155655]]]},"properties":{"FID":275,"Id":276,"gridcode":4}},{"type":"Feature","id":276,"geometry":{"type":"Polygon","coordinates":[[[105.25163693129529,-5.562511988166956],[105.25172722023918,-5.5625119496481474],[105.2517271817882,-5.5624214859257606],[105.25163689285812,-5.5624215244439386],[105.25163693129529,-5.562511988166956]]]},"properties":{"FID":276,"Id":277,"gridcode":4}},{"type":"Feature","id":277,"geometry":{"type":"Polygon","coordinates":[[[105.2517271817882,-5.5624214859257606],[105.2518599565197,-5.5623691228413907],[105.25220343078465,-5.5624198284948871],[105.25203732542072,-5.562291481507641],[105.25199797159189,-5.5622404428464991],[105.25172710488818,-5.5622405584801546],[105.25172714333787,-5.5623310222030966],[105.2517271817882,-5.5624214859257606]]]},"properties":{"FID":277,"Id":278,"gridcode":4}},{"type":"Feature","id":278,"geometry":{"type":"Polygon","coordinates":[[[105.25253962783641,-5.5620592837707701],[105.25263007105411,-5.5624210999840047],[105.25275066532065,-5.5623599104799126],[105.25267171806917,-5.5621261642766902],[105.25253962783641,-5.5620592837707701]]]},"properties":{"FID":278,"Id":279,"gridcode":4}},{"type":"Feature","id":279,"geometry":{"type":"Polygon","coordinates":[[[105.24450414008962,-5.5626054512598193],[105.24447321506698,-5.5625002123977021],[105.24439332508003,-5.5625728612479506],[105.24450414008962,-5.5626054512598193]]]},"properties":{"FID":279,"Id":280,"gridcode":4}},{"type":"Feature","id":280,"geometry":{"type":"Polygon","coordinates":[[[105.24621963111923,-5.5626047377687016],[105.24621959350891,-5.5625142740085618],[105.24612930452673,-5.5625143116844731],[105.24612934212327,-5.5626047754452301],[105.24621963111923,-5.5626047377687016]]]},"properties":{"FID":280,"Id":281,"gridcode":4}},{"type":"Feature","id":281,"geometry":{"type":"Polygon","coordinates":[[[105.24965049810282,-5.5623319046108648],[105.24965057436974,-5.5625128320847921],[105.24974086332753,-5.5625127938699794],[105.24974078703303,-5.5623318663973018],[105.24965049810282,-5.5623319046108648]]]},"properties":{"FID":281,"Id":282,"gridcode":4}},{"type":"Feature","id":282,"geometry":{"type":"Polygon","coordinates":[[[105.24974078703303,-5.5623318663973018],[105.24974086332753,-5.5625127938699794],[105.24983115228468,-5.5625127556413485],[105.24983107596262,-5.5623318281699223],[105.24974078703303,-5.5623318663973018]]]},"properties":{"FID":282,"Id":283,"gridcode":5}},{"type":"Feature","id":283,"geometry":{"type":"Polygon","coordinates":[[[105.25001176838668,-5.5626031428766787],[105.24996657499857,-5.5624872981907849],[105.249921479417,-5.5626031811335714],[105.25001176838668,-5.5626031428766787]]]},"properties":{"FID":283,"Id":284,"gridcode":4}},{"type":"Feature","id":284,"geometry":{"type":"Polygon","coordinates":[[[105.25019234632418,-5.5626030663214383],[105.25030796718573,-5.5625577854013732],[105.25019230810703,-5.5625126025886447],[105.25019234632418,-5.5626030663214383]]]},"properties":{"FID":284,"Id":285,"gridcode":5}},{"type":"Feature","id":285,"geometry":{"type":"Polygon","coordinates":[[[105.2504632132257,-5.5626029513849407],[105.25055350219161,-5.5626029130451391],[105.25055346391929,-5.5625124493148537],[105.25046317496718,-5.5625124876540282],[105.2504632132257,-5.5626029513849407]]]},"properties":{"FID":285,"Id":286,"gridcode":4}},{"type":"Feature","id":286,"geometry":{"type":"Polygon","coordinates":[[[105.25136610285628,-5.5626025673651025],[105.25136606445986,-5.562512103640473],[105.25127577551343,-5.5625121421040093],[105.25127581389607,-5.5626026058292677],[105.25136610285628,-5.5626025673651025]]]},"properties":{"FID":286,"Id":287,"gridcode":5}},{"type":"Feature","id":287,"geometry":{"type":"Polygon","coordinates":[[[105.25100483198973,-5.5623313299565877],[105.25100490867038,-5.5625122574117105],[105.25127577551343,-5.5625121421040093],[105.25136606445986,-5.562512103640473],[105.25136602606405,-5.5624216399155655],[105.25118544819816,-5.5624217168275623],[105.25118540983057,-5.56233125310112],[105.25100483198973,-5.5623313299565877]]]},"properties":{"FID":287,"Id":288,"gridcode":4}},{"type":"Feature","id":288,"geometry":{"type":"Polygon","coordinates":[[[105.24667111376974,-5.562695012935567],[105.24678673494888,-5.5626497326929361],[105.24667107608983,-5.5626045491787881],[105.24667111376974,-5.562695012935567]]]},"properties":{"FID":288,"Id":289,"gridcode":4}},{"type":"Feature","id":289,"geometry":{"type":"Polygon","coordinates":[[[105.24992151759341,-5.5626936448679656],[105.249921479417,-5.5626031811335714],[105.2498058585138,-5.5626484619795473],[105.24992151759341,-5.5626936448679656]]]},"properties":{"FID":289,"Id":290,"gridcode":4}},{"type":"Feature","id":290,"geometry":{"type":"Polygon","coordinates":[[[105.25055346391929,-5.5625124493148537],[105.25073408012152,-5.5626028363240811],[105.25073404182163,-5.5625123725950498],[105.25082433077183,-5.5625123342144223],[105.25082429245879,-5.5624218704857427],[105.25073400352235,-5.5624219088657432],[105.25046313670929,-5.5624220239228386],[105.25046317496718,-5.5625124876540282],[105.25055346391929,-5.5625124493148537]]]},"properties":{"FID":290,"Id":291,"gridcode":5}},{"type":"Feature","id":291,"geometry":{"type":"Polygon","coordinates":[[[105.25136614125336,-5.5626930310894558],[105.25136610285628,-5.5626025673651025],[105.25127581389607,-5.5626026058292677],[105.25127585227935,-5.5626930695542507],[105.25136614125336,-5.5626930310894558]]]},"properties":{"FID":291,"Id":292,"gridcode":3}},{"type":"Feature","id":292,"geometry":{"type":"Polygon","coordinates":[[[105.2521787034696,-5.5626022205657923],[105.25212959585569,-5.5624873787816798],[105.25197105148784,-5.5625656416305578],[105.2521787034696,-5.5626022205657923]]]},"properties":{"FID":292,"Id":293,"gridcode":4}},{"type":"Feature","id":293,"geometry":{"type":"Polygon","coordinates":[[[105.25263007105411,-5.5624210999840047],[105.25253978213038,-5.5624211386403601],[105.2525398592812,-5.5626020660734925],[105.25263014823251,-5.5626020274158723],[105.25263007105411,-5.5624210999840047]]]},"properties":{"FID":293,"Id":294,"gridcode":4}},{"type":"Feature","id":294,"geometry":{"type":"Polygon","coordinates":[[[105.25001184476773,-5.5627840703439393],[105.25001180657689,-5.5626936066104475],[105.24992151759341,-5.5626936448679656],[105.24992155577044,-5.5627841086020835],[105.25001184476773,-5.5627840703439393]]]},"properties":{"FID":294,"Id":295,"gridcode":4}},{"type":"Feature","id":295,"geometry":{"type":"Polygon","coordinates":[[[105.25010205735576,-5.5626031046059676],[105.25010209555975,-5.5626935683391094],[105.25046325148486,-5.5626934151155769],[105.2504632132257,-5.5626029513849407],[105.25033720295508,-5.5625125411221239],[105.25046313670929,-5.5624220239228386],[105.25073400352235,-5.5624219088657432],[105.25064363801626,-5.5622410197712249],[105.25055334910614,-5.5622410581223347],[105.25050825365798,-5.5623569411049241],[105.2504630601954,-5.5622410964596281],[105.25022247383265,-5.5621203446308449],[105.25019211703078,-5.5620602839205233],[105.25010182814508,-5.5620603222012939],[105.2501017899455,-5.5619698584662114],[105.25001150107298,-5.5619698967325402],[105.25001142470332,-5.5617889692602924],[105.24992113585773,-5.5617890075115515],[105.24985387246775,-5.5619247316291647],[105.2499908695788,-5.5622005786552942],[105.25019219345938,-5.5622412113886028],[105.25030785248414,-5.5622863942041549],[105.25019223167465,-5.5623316751222269],[105.25019230810703,-5.5625126025886447],[105.25030796718573,-5.5625577854013732],[105.25019234632418,-5.5626030663214383],[105.25010205735576,-5.5626031046059676]]]},"properties":{"FID":295,"Id":296,"gridcode":4}},{"type":"Feature","id":296,"geometry":{"type":"Polygon","coordinates":[[[105.25127589066327,-5.5627835332789557],[105.25136617965106,-5.5627834948135311],[105.25136614125336,-5.5626930310894558],[105.25127585227935,-5.5626930695542507],[105.25127589066327,-5.5627835332789557]]]},"properties":{"FID":296,"Id":297,"gridcode":4}},{"type":"Feature","id":297,"geometry":{"type":"Polygon","coordinates":[[[105.25136606445986,-5.562512103640473],[105.25136610285628,-5.5626025673651025],[105.25136614125336,-5.5626930310894558],[105.25148603048555,-5.5626321996678287],[105.25154664235077,-5.5625120266719454],[105.25136606445986,-5.562512103640473]]]},"properties":{"FID":297,"Id":298,"gridcode":4}},{"type":"Feature","id":298,"geometry":{"type":"Polygon","coordinates":[[[105.25235935847486,-5.5627830707818324],[105.25235931992545,-5.5626926070646947],[105.25226903095843,-5.5626926456814925],[105.25226906949406,-5.5627831093992617],[105.25235935847486,-5.5627830707818324]]]},"properties":{"FID":298,"Id":299,"gridcode":4}},{"type":"Feature","id":299,"geometry":{"type":"Polygon","coordinates":[[[105.25235935847486,-5.5627830707818324],[105.25244964745502,-5.5627830321505849],[105.25244960889182,-5.5626925684340778],[105.25235931992545,-5.5626926070646947],[105.25235935847486,-5.5627830707818324]]]},"properties":{"FID":299,"Id":300,"gridcode":3}},{"type":"Feature","id":300,"geometry":{"type":"Polygon","coordinates":[[[105.25235931992545,-5.5626926070646947],[105.25244960889182,-5.5626925684340778],[105.25253989785756,-5.5626925297896435],[105.2525398592812,-5.5626020660734925],[105.25235928137667,-5.562602143347279],[105.25235931992545,-5.5626926070646947]]]},"properties":{"FID":300,"Id":301,"gridcode":4}},{"type":"Feature","id":301,"geometry":{"type":"Polygon","coordinates":[[[105.24919909150651,-5.5624225592116385],[105.24924440337513,-5.5628202829695175],[105.24928938045366,-5.5624225210665399],[105.24919909150651,-5.5624225592116385]]]},"properties":{"FID":301,"Id":302,"gridcode":4}},{"type":"Feature","id":302,"geometry":{"type":"Polygon","coordinates":[[[105.2494701488833,-5.562874763422494],[105.24943922297352,-5.5627695248615003],[105.24935933359066,-5.5628421743581553],[105.2494701488833,-5.562874763422494]]]},"properties":{"FID":302,"Id":303,"gridcode":4}},{"type":"Feature","id":303,"geometry":{"type":"Polygon","coordinates":[[[105.25226910803032,-5.5628735731167547],[105.25226906949406,-5.5627831093992617],[105.25217878051262,-5.5627831480028735],[105.25217881903508,-5.5628736117209971],[105.25226910803032,-5.5628735731167547]]]},"properties":{"FID":303,"Id":304,"gridcode":3}},{"type":"Feature","id":304,"geometry":{"type":"Polygon","coordinates":[[[105.24640024674787,-5.5626951261328212],[105.2464003220268,-5.5628760536492496],[105.24658090009716,-5.5628759781957626],[105.24652018713741,-5.5627558563719184],[105.24640024674787,-5.5626951261328212]]]},"properties":{"FID":304,"Id":305,"gridcode":4}},{"type":"Feature","id":305,"geometry":{"type":"Polygon","coordinates":[[[105.24640024674787,-5.5626951261328212],[105.24652018713741,-5.5627558563719184],[105.24658090009716,-5.5628759781957626],[105.24667118913142,-5.5628759404482908],[105.24667115145026,-5.5627854766920679],[105.24667111376974,-5.562695012935567],[105.24667107608983,-5.5626045491787881],[105.24685154095496,-5.5623330823778065],[105.24685150324997,-5.5622426186211564],[105.24685142784185,-5.5620616911070258],[105.24667085002346,-5.5620617666323042],[105.24667077467298,-5.5618808391145915],[105.24649019690726,-5.5618809145821322],[105.24649012161443,-5.5616999870608437],[105.24649008396895,-5.5616095232997846],[105.24639979512652,-5.5616095610109797],[105.24627914989792,-5.5615495377767816],[105.24612889100581,-5.5615192102978632],[105.24594831334295,-5.5615192855946791],[105.24594827578144,-5.5614288218293657],[105.24576769814368,-5.5614288970696881],[105.24576766061037,-5.5613384333028657],[105.24531621657405,-5.5613386211588285],[105.24513563895518,-5.5613386962045084],[105.24513567639198,-5.5614291599756323],[105.24525304447903,-5.5614794253904529],[105.2451719261223,-5.5616347268827315],[105.24513567639198,-5.5614291599756323],[105.24504538756783,-5.5614291974783638],[105.24504535014482,-5.5613387337066253],[105.24495506133384,-5.5613387711949276],[105.24495509874306,-5.5614292349672789],[105.24486480991767,-5.5614292724423793],[105.24486488471038,-5.5616101999874772],[105.2447745958568,-5.5616102374499885],[105.24477474539447,-5.5619720925393121],[105.2448650343032,-5.5619720550743486],[105.24495532321131,-5.5619720175955685],[105.24495539803902,-5.5621529451361154],[105.24495543545379,-5.5622434089059736],[105.24504572440266,-5.5622433714115367],[105.24509082093051,-5.5621274887987813],[105.24513601335092,-5.5622433339032824],[105.24517667541944,-5.5622960705079896],[105.24549716913775,-5.5622431837320914],[105.24549709414332,-5.562062256199467],[105.24549705664705,-5.5619717924327388],[105.24540676774264,-5.5619718299944187],[105.24513590102571,-5.5619719425965579],[105.2451358635852,-5.5618814788270958],[105.24513582614532,-5.5617910150573575],[105.24522611502401,-5.5617909775383554],[105.24549698165634,-5.5617908648984518],[105.24549701915139,-5.5618813286657334],[105.24558730804138,-5.5618812910908515],[105.24571331749341,-5.5619717024084636],[105.24558738306089,-5.5620622186233559],[105.24567774702744,-5.5622431085635915],[105.24576803597137,-5.5622430709586164],[105.24576807351087,-5.5623335347226668],[105.24585836246797,-5.5623334971032588],[105.24585840002189,-5.5624239608664174],[105.24594868899214,-5.5624239232325756],[105.24594872656048,-5.5625143869948417],[105.24612930452673,-5.5625143116844731],[105.24621959350891,-5.5625142740085618],[105.24621963111923,-5.5626047377687016],[105.24621966873019,-5.562695201528566],[105.24640024674787,-5.5626951261328212]]]},"properties":{"FID":305,"Id":306,"gridcode":5}},{"type":"Feature","id":306,"geometry":{"type":"Polygon","coordinates":[[[105.2499216321264,-5.562965036069488],[105.24989070613201,-5.5628597975362997],[105.24981081679557,-5.5629324470919359],[105.2499216321264,-5.562965036069488]]]},"properties":{"FID":306,"Id":307,"gridcode":3}},{"type":"Feature","id":307,"geometry":{"type":"Polygon","coordinates":[[[105.25046325148486,-5.5626934151155769],[105.25046332800505,-5.5628743425760181],[105.25055361701234,-5.5628743042343336],[105.25055354046455,-5.5626933767751483],[105.25046325148486,-5.5626934151155769]]]},"properties":{"FID":307,"Id":308,"gridcode":4}},{"type":"Feature","id":308,"geometry":{"type":"Polygon","coordinates":[[[105.25091481136515,-5.5629646144560754],[105.25091477303515,-5.5628741507294093],[105.25079915216465,-5.5629194317686137],[105.25091481136515,-5.5629646144560754]]]},"properties":{"FID":308,"Id":309,"gridcode":5}},{"type":"Feature","id":309,"geometry":{"type":"Polygon","coordinates":[[[105.25091481136515,-5.5629646144560754],[105.25103043223444,-5.5629193333942712],[105.25091477303515,-5.5628741507294093],[105.25091481136515,-5.5629646144560754]]]},"properties":{"FID":309,"Id":310,"gridcode":4}},{"type":"Feature","id":310,"geometry":{"type":"Polygon","coordinates":[[[105.25208856854853,-5.5629641140298993],[105.25208853003923,-5.5628736503114204],[105.25199824104271,-5.5628736888880255],[105.25199827953824,-5.5629641526071358],[105.25208856854853,-5.5629641140298993]]]},"properties":{"FID":310,"Id":311,"gridcode":4}},{"type":"Feature","id":311,"geometry":{"type":"Polygon","coordinates":[[[105.25217885755819,-5.5629640754388454],[105.25217881903508,-5.5628736117209971],[105.25208853003923,-5.5628736503114204],[105.25208856854853,-5.5629641140298993],[105.25217885755819,-5.5629640754388454]]]},"properties":{"FID":311,"Id":312,"gridcode":3}},{"type":"Feature","id":312,"geometry":{"type":"Polygon","coordinates":[[[105.25217885755819,-5.5629640754388454],[105.25226914656722,-5.5629640368339706],[105.25226910803032,-5.5628735731167547],[105.25217881903508,-5.5628736117209971],[105.25217885755819,-5.5629640754388454]]]},"properties":{"FID":312,"Id":313,"gridcode":2}},{"type":"Feature","id":313,"geometry":{"type":"Polygon","coordinates":[[[105.24667126449559,-5.5630568679599071],[105.24667122681319,-5.5629664042042375],[105.24655560556344,-5.56301168442688],[105.24667126449559,-5.5630568679599071]]]},"properties":{"FID":313,"Id":314,"gridcode":3}},{"type":"Feature","id":314,"geometry":{"type":"Polygon","coordinates":[[[105.24667115145026,-5.5627854766920679],[105.24667118913142,-5.5628759404482908],[105.24667122681319,-5.5629664042042375],[105.24676151586061,-5.5629663664423292],[105.2467614404701,-5.5627854389313942],[105.24667115145026,-5.5627854766920679]]]},"properties":{"FID":314,"Id":315,"gridcode":4}},{"type":"Feature","id":315,"geometry":{"type":"Polygon","coordinates":[[[105.24703242073669,-5.5630567168268863],[105.24703238299912,-5.5629662530736894],[105.24694209395356,-5.5629662908770552],[105.24694213167734,-5.5630567546308702],[105.24703242073669,-5.5630567168268863]]]},"properties":{"FID":315,"Id":316,"gridcode":5}},{"type":"Feature","id":316,"geometry":{"type":"Polygon","coordinates":[[[105.25001184476773,-5.5627840703439393],[105.25001192115127,-5.5629649978100923],[105.25022389083284,-5.5628340134620062],[105.25001184476773,-5.5627840703439393]]]},"properties":{"FID":316,"Id":317,"gridcode":4}},{"type":"Feature","id":317,"geometry":{"type":"Polygon","coordinates":[[[105.25127589066327,-5.5627835332789557],[105.25109531268578,-5.5627836101683483],[105.25109538940035,-5.5629645376194432],[105.25121527871654,-5.5629037062496582],[105.25127589066327,-5.5627835332789557]]]},"properties":{"FID":317,"Id":318,"gridcode":4}},{"type":"Feature","id":318,"geometry":{"type":"Polygon","coordinates":[[[105.24937997415697,-5.563146192809465],[105.24949559519193,-5.5631009120418984],[105.24937993606017,-5.5630557290727038],[105.24937997415697,-5.563146192809465]]]},"properties":{"FID":318,"Id":319,"gridcode":3}},{"type":"Feature","id":319,"geometry":{"type":"Polygon","coordinates":[[[105.2497411303781,-5.5631460400156234],[105.24974109222613,-5.5630555762813616],[105.24962547122078,-5.5631008570958791],[105.2497411303781,-5.5631460400156234]]]},"properties":{"FID":319,"Id":320,"gridcode":3}},{"type":"Feature","id":320,"geometry":{"type":"Polygon","coordinates":[[[105.25055373183876,-5.563145695421035],[105.25050853830032,-5.5630298507854228],[105.25046344279011,-5.5631457337646006],[105.25055373183876,-5.563145695421035]]]},"properties":{"FID":320,"Id":321,"gridcode":4}},{"type":"Feature","id":321,"geometry":{"type":"Polygon","coordinates":[[[105.2518177784535,-5.5631451571600614],[105.25190806749266,-5.5631451186092029],[105.25190802900967,-5.5630546548900153],[105.2518177399843,-5.5630546934402441],[105.2518177784535,-5.5631451571600614]]]},"properties":{"FID":321,"Id":322,"gridcode":4}},{"type":"Feature","id":322,"geometry":{"type":"Polygon","coordinates":[[[105.24685176719804,-5.5628758649118906],[105.24685188032799,-5.5631472561751938],[105.24703245847488,-5.5631471805798069],[105.24703242073669,-5.5630567168268863],[105.24694213167734,-5.5630567546308702],[105.24694209395356,-5.5629662908770552],[105.24694205623042,-5.5628758271229621],[105.24685176719804,-5.5628758649118906]]]},"properties":{"FID":322,"Id":323,"gridcode":4}},{"type":"Feature","id":323,"geometry":{"type":"Polygon","coordinates":[[[105.25055361701234,-5.5628743042343336],[105.25060735850711,-5.5629414864804785],[105.25099102883857,-5.5631857376112039],[105.25109542775857,-5.5630550013445745],[105.2509148496958,-5.5630550781824644],[105.25091481136515,-5.5629646144560754],[105.25079915216465,-5.5629194317686137],[105.25091477303515,-5.5628741507294093],[105.25091461972143,-5.5625122958199755],[105.25082433077183,-5.5625123342144223],[105.25073404182163,-5.5625123725950498],[105.25073408012152,-5.5626028363240811],[105.25084929036156,-5.562648019218674],[105.25064579943391,-5.5627280233995853],[105.25073591077793,-5.5628442984311253],[105.25055361701234,-5.5628743042343336]]]},"properties":{"FID":323,"Id":324,"gridcode":4}},{"type":"Feature","id":324,"geometry":{"type":"Polygon","coordinates":[[[105.24937993606017,-5.5630557290727038],[105.24923279054286,-5.5629825225782277],[105.24916910876128,-5.5632513228674796],[105.24937997415697,-5.563146192809465],[105.24937993606017,-5.5630557290727038]]]},"properties":{"FID":324,"Id":325,"gridcode":4}},{"type":"Feature","id":325,"geometry":{"type":"Polygon","coordinates":[[[105.24947033943627,-5.5633270821031751],[105.24943941349925,-5.5632218435448602],[105.24935952405785,-5.5632944930431671],[105.24947033943627,-5.5633270821031751]]]},"properties":{"FID":325,"Id":326,"gridcode":5}},{"type":"Feature","id":326,"geometry":{"type":"Polygon","coordinates":[[[105.24983149576524,-5.5633269292490537],[105.2499217848459,-5.5633268910009734],[105.24992174666508,-5.5632364272685182],[105.24983145759821,-5.5632364655159723],[105.24983149576524,-5.5633269292490537]]]},"properties":{"FID":326,"Id":327,"gridcode":4}},{"type":"Feature","id":327,"geometry":{"type":"Polygon","coordinates":[[[105.24992174666508,-5.5632364272685182],[105.25028290292626,-5.5632362741405013],[105.25028286469089,-5.5631458104102736],[105.24992170848489,-5.5631459635357849],[105.24992174666508,-5.5632364272685182]]]},"properties":{"FID":327,"Id":328,"gridcode":4}},{"type":"Feature","id":328,"geometry":{"type":"Polygon","coordinates":[[[105.25163723881555,-5.5632356979411224],[105.25181781692336,-5.5632356208796034],[105.2518177784535,-5.5631451571600614],[105.25163720037331,-5.5631452342203209],[105.25163723881555,-5.5632356979411224]]]},"properties":{"FID":328,"Id":329,"gridcode":4}},{"type":"Feature","id":329,"geometry":{"type":"Polygon","coordinates":[[[105.24712286080708,-5.5634185340166269],[105.24712282305323,-5.5633280702651566],[105.24703253395313,-5.5633281080848169],[105.24703257169318,-5.5634185718369062],[105.24712286080708,-5.5634185340166269]]]},"properties":{"FID":329,"Id":330,"gridcode":4}},{"type":"Feature","id":330,"geometry":{"type":"Polygon","coordinates":[[[105.24721314992034,-5.5634184961825284],[105.24721311215271,-5.5633280324316772],[105.24712282305323,-5.5633280702651566],[105.24712286080708,-5.5634185340166269],[105.24721314992034,-5.5634184961825284]]]},"properties":{"FID":330,"Id":331,"gridcode":5}},{"type":"Feature","id":331,"geometry":{"type":"Polygon","coordinates":[[[105.24703249621369,-5.5632376443324505],[105.24712278529999,-5.5632376065134101],[105.24712282305323,-5.5633280702651566],[105.24721311215271,-5.5633280324316772],[105.24721303661929,-5.5631471049291426],[105.24703245847488,-5.5631471805798069],[105.24703249621369,-5.5632376443324505]]]},"properties":{"FID":331,"Id":332,"gridcode":4}},{"type":"Feature","id":332,"geometry":{"type":"Polygon","coordinates":[[[105.25046355758084,-5.563417124950691],[105.25055384667088,-5.5634170866052433],[105.25055380839287,-5.5633266228774509],[105.25046351931663,-5.5633266612222716],[105.25046355758084,-5.563417124950691]]]},"properties":{"FID":332,"Id":333,"gridcode":4}},{"type":"Feature","id":333,"geometry":{"type":"Polygon","coordinates":[[[105.25082471393721,-5.5634169714859789],[105.25079378775723,-5.5633117330100346],[105.25071389847861,-5.5633843826846272],[105.25082471393721,-5.5634169714859789]]]},"properties":{"FID":333,"Id":334,"gridcode":4}},{"type":"Feature","id":334,"geometry":{"type":"Polygon","coordinates":[[[105.25136644845276,-5.5634167408743043],[105.2513355221778,-5.5633115024311106],[105.25125563296896,-5.5633841521760727],[105.25136644845276,-5.5634167408743043]]]},"properties":{"FID":334,"Id":335,"gridcode":4}},{"type":"Feature","id":335,"geometry":{"type":"Polygon","coordinates":[[[105.24667126449559,-5.5630568679599071],[105.24676155355679,-5.5630568301973815],[105.24676162895103,-5.5632377577066556],[105.24694220712676,-5.5632376821376726],[105.24694228257867,-5.5634186096433647],[105.24703257169318,-5.5634185718369062],[105.24703253395313,-5.5633281080848169],[105.24703249621369,-5.5632376443324505],[105.24703245847488,-5.5631471805798069],[105.24685188032799,-5.5631472561751938],[105.24685176719804,-5.5628758649118906],[105.24685172948931,-5.5627854011569031],[105.2467614404701,-5.5627854389313942],[105.24676151586061,-5.5629663664423292],[105.24667122681319,-5.5629664042042375],[105.24667126449559,-5.5630568679599071]]]},"properties":{"FID":335,"Id":336,"gridcode":5}},{"type":"Feature","id":336,"geometry":{"type":"Polygon","coordinates":[[[105.24721318768862,-5.5635089599331025],[105.24721314992034,-5.5634184961825284],[105.24712286080708,-5.5634185340166269],[105.24712289856156,-5.56350899776782],[105.24721318768862,-5.5635089599331025]]]},"properties":{"FID":336,"Id":337,"gridcode":4}},{"type":"Feature","id":337,"geometry":{"type":"Polygon","coordinates":[[[105.25001215031705,-5.5635077802019],[105.25001211212117,-5.5634173164706251],[105.24992182302735,-5.5634173547331525],[105.24992186120943,-5.5635078184650526],[105.25001215031705,-5.5635077802019]]]},"properties":{"FID":337,"Id":338,"gridcode":4}},{"type":"Feature","id":338,"geometry":{"type":"Polygon","coordinates":[[[105.24712289856156,-5.56350899776782],[105.24716809148995,-5.5636248426889656],[105.24721318768862,-5.5635089599331025],[105.24712289856156,-5.56350899776782]]]},"properties":{"FID":338,"Id":339,"gridcode":5}},{"type":"Feature","id":339,"geometry":{"type":"Polygon","coordinates":[[[105.24775492243788,-5.563508732634566],[105.24793550068264,-5.5635086567578238],[105.24788547530974,-5.5632962424575441],[105.24775492243788,-5.563508732634566]]]},"properties":{"FID":339,"Id":340,"gridcode":4}},{"type":"Feature","id":340,"geometry":{"type":"Polygon","coordinates":[[[105.25136652525894,-5.5635976683177448],[105.25136648685553,-5.5635072045961627],[105.25127619775739,-5.5635072430666215],[105.25127623614701,-5.5635977067888334],[105.25136652525894,-5.5635976683177448]]]},"properties":{"FID":340,"Id":341,"gridcode":4}},{"type":"Feature","id":341,"geometry":{"type":"Polygon","coordinates":[[[105.25136648685553,-5.5635072045961627],[105.25154706504991,-5.5635071276137831],[105.25154694976071,-5.5632357364511531],[105.25145666070522,-5.5632357749473638],[105.25145673753646,-5.5634167023906542],[105.25136644845276,-5.5634167408743043],[105.25136648685553,-5.5635072045961627]]]},"properties":{"FID":341,"Id":342,"gridcode":4}},{"type":"Feature","id":342,"geometry":{"type":"Polygon","coordinates":[[[105.2475744198394,-5.5636897359513888],[105.24769004113247,-5.5636444555276574],[105.24757438201469,-5.563599272203847],[105.2475744198394,-5.5636897359513888]]]},"properties":{"FID":342,"Id":343,"gridcode":4}},{"type":"Feature","id":343,"geometry":{"type":"Polygon","coordinates":[[[105.25127627453728,-5.5636881705107681],[105.25136656366298,-5.5636881320390508],[105.25136652525894,-5.5635976683177448],[105.25127623614701,-5.5635977067888334],[105.25127627453728,-5.5636881705107681]]]},"properties":{"FID":343,"Id":344,"gridcode":3}},{"type":"Feature","id":344,"geometry":{"type":"Polygon","coordinates":[[[105.24802590348507,-5.5637800100320414],[105.24802586559079,-5.563689546287879],[105.24793557644175,-5.5636895842482224],[105.24793561432224,-5.5637800479930055],[105.24802590348507,-5.5637800100320414]]]},"properties":{"FID":344,"Id":345,"gridcode":4}},{"type":"Feature","id":345,"geometry":{"type":"Polygon","coordinates":[[[105.24811619264727,-5.5637799720572554],[105.24811615473918,-5.5636895083137139],[105.24802586559079,-5.563689546287879],[105.24802590348507,-5.5637800100320414],[105.24811619264727,-5.5637799720572554]]]},"properties":{"FID":345,"Id":346,"gridcode":5}},{"type":"Feature","id":346,"geometry":{"type":"Polygon","coordinates":[[[105.25001226490845,-5.5637791713940645],[105.25001222671069,-5.563688707663621],[105.24989660560699,-5.5637339885349384],[105.25001226490845,-5.5637791713940645]]]},"properties":{"FID":346,"Id":347,"gridcode":4}},{"type":"Feature","id":347,"geometry":{"type":"Polygon","coordinates":[[[105.24784532515879,-5.5637800859401496],[105.24780009257799,-5.5635698345865379],[105.24775503599473,-5.5637801238734719],[105.24784532515879,-5.5637800859401496]]]},"properties":{"FID":347,"Id":348,"gridcode":4}},{"type":"Feature","id":348,"geometry":{"type":"Polygon","coordinates":[[[105.24775503599473,-5.5637801238734719],[105.24780009257799,-5.5635698345865379],[105.24784532515879,-5.5637800859401496],[105.24793561432224,-5.5637800479930055],[105.24793557644175,-5.5636895842482224],[105.24793550068264,-5.5635086567578238],[105.24775492243788,-5.563508732634566],[105.24757434419062,-5.5635088084560271],[105.24757438201469,-5.563599272203847],[105.24769004113247,-5.5636444555276574],[105.2475744198394,-5.5636897359513888],[105.24757445766471,-5.5637801996986536],[105.24775503599473,-5.5637801238734719]]]},"properties":{"FID":348,"Id":349,"gridcode":5}},{"type":"Feature","id":349,"geometry":{"type":"Polygon","coordinates":[[[105.24811623055599,-5.5638704358005189],[105.24811619264727,-5.5637799720572554],[105.24802590348507,-5.5637800100320414],[105.24802594137999,-5.5638704737759266],[105.24811623055599,-5.5638704358005189]]]},"properties":{"FID":349,"Id":350,"gridcode":4}},{"type":"Feature","id":350,"geometry":{"type":"Polygon","coordinates":[[[105.25127623614701,-5.5635977067888334],[105.25118594703444,-5.563597745246101],[105.25118602378801,-5.5637786726909511],[105.25127631292816,-5.5637786342324249],[105.25127627453728,-5.5636881705107681],[105.25127623614701,-5.5635977067888334]]]},"properties":{"FID":350,"Id":351,"gridcode":4}},{"type":"Feature","id":351,"geometry":{"type":"Polygon","coordinates":[[[105.24793569008511,-5.5639609754817414],[105.24793565220338,-5.5638705117375125],[105.24782003088784,-5.5639157922101745],[105.24793569008511,-5.5639609754817414]]]},"properties":{"FID":351,"Id":352,"gridcode":4}},{"type":"Feature","id":352,"geometry":{"type":"Polygon","coordinates":[[[105.24956078102834,-5.5636888988474311],[105.24956085728657,-5.5638698263142974],[105.24968679144621,-5.5637793092665895],[105.24956078102834,-5.5636888988474311]]]},"properties":{"FID":352,"Id":353,"gridcode":4}},{"type":"Feature","id":353,"geometry":{"type":"Polygon","coordinates":[[[105.25091515636375,-5.563778787983602],[105.2509151947001,-5.563869251707497],[105.25118606216573,-5.5638691364129604],[105.25118602378801,-5.5637786726909511],[105.25091515636375,-5.563778787983602]]]},"properties":{"FID":353,"Id":354,"gridcode":4}},{"type":"Feature","id":354,"geometry":{"type":"Polygon","coordinates":[[[105.25010266869529,-5.5640505243030045],[105.25019295788442,-5.564050486008453],[105.25019291965717,-5.5639600222800931],[105.25010263048183,-5.5639600605740176],[105.25010266869529,-5.5640505243030045]]]},"properties":{"FID":354,"Id":355,"gridcode":4}},{"type":"Feature","id":355,"geometry":{"type":"Polygon","coordinates":[[[105.25028313235167,-5.5637790565160472],[105.25028320883186,-5.5639599839723459],[105.25040914289274,-5.5638694667747801],[105.25028313235167,-5.5637790565160472]]]},"properties":{"FID":355,"Id":356,"gridcode":4}},{"type":"Feature","id":356,"geometry":{"type":"Polygon","coordinates":[[[105.24820663350262,-5.5641417890375582],[105.24820659557824,-5.5640513252957451],[105.24811630637528,-5.5640513632862172],[105.24811634428586,-5.5641418270286502],[105.24820663350262,-5.5641417890375582]]]},"properties":{"FID":356,"Id":357,"gridcode":4}},{"type":"Feature","id":357,"geometry":{"type":"Polygon","coordinates":[[[105.24829692271874,-5.5641417510326434],[105.24829688478056,-5.5640512872914512],[105.24820659557824,-5.5640513252957451],[105.24820663350262,-5.5641417890375582],[105.24829692271874,-5.5641417510326434]]]},"properties":{"FID":357,"Id":358,"gridcode":5}},{"type":"Feature","id":358,"geometry":{"type":"Polygon","coordinates":[[[105.24938035515959,-5.5640508301618317],[105.2495609335473,-5.5640507537800552],[105.24956085728657,-5.5638698263142974],[105.24944096759415,-5.5639306573622873],[105.24938035515959,-5.5640508301618317]]]},"properties":{"FID":358,"Id":359,"gridcode":4}},{"type":"Feature","id":359,"geometry":{"type":"Polygon","coordinates":[[[105.24793569008511,-5.5639609754817414],[105.24802597927552,-5.5639609375195347],[105.24802605506849,-5.5641418650059213],[105.24811634428586,-5.5641418270286502],[105.24811630637528,-5.5640513632862172],[105.24811623055599,-5.5638704358005189],[105.24802594137999,-5.5638704737759266],[105.24793565220338,-5.5638705117375125],[105.24793569008511,-5.5639609754817414]]]},"properties":{"FID":359,"Id":360,"gridcode":5}},{"type":"Feature","id":360,"geometry":{"type":"Polygon","coordinates":[[[105.25064444211742,-5.564140758053318],[105.25082502051505,-5.5641406812832752],[105.25073467786534,-5.56401450382024],[105.25064444211742,-5.564140758053318]]]},"properties":{"FID":360,"Id":361,"gridcode":4}},{"type":"Feature","id":361,"geometry":{"type":"Polygon","coordinates":[[[105.24820667142764,-5.5642322527790933],[105.24883869602391,-5.5642319864500696],[105.24883861998138,-5.5640510589754335],[105.24829692271874,-5.5641417510326434],[105.24820663350262,-5.5641417890375582],[105.24820667142764,-5.5642322527790933]]]},"properties":{"FID":361,"Id":362,"gridcode":4}},{"type":"Feature","id":362,"geometry":{"type":"Polygon","coordinates":[[[105.25010270690937,-5.5641409880317152],[105.24998836855805,-5.5641900692345061],[105.25023311792175,-5.5642585073117701],[105.25028328531458,-5.564140911427538],[105.25010270690937,-5.5641409880317152]]]},"properties":{"FID":362,"Id":363,"gridcode":4}},{"type":"Feature","id":363,"geometry":{"type":"Polygon","coordinates":[[[105.25010282155542,-5.5644123792161819],[105.25007189544212,-5.5643071407024882],[105.24999200594171,-5.5643797902868917],[105.25010282155542,-5.5644123792161819]]]},"properties":{"FID":363,"Id":364,"gridcode":4}},{"type":"Feature","id":364,"geometry":{"type":"Polygon","coordinates":[[[105.24919996715631,-5.5645032251603546],[105.24916904119593,-5.5643979865926472],[105.24908915156749,-5.5644706360600455],[105.24919996715631,-5.5645032251603546]]]},"properties":{"FID":364,"Id":365,"gridcode":4}},{"type":"Feature","id":365,"geometry":{"type":"Polygon","coordinates":[[[105.25046397852886,-5.5644122259450173],[105.2506445570118,-5.5644121492264986],[105.25064451871303,-5.5643216855023825],[105.2504639402577,-5.5643217622196453],[105.25046397852886,-5.5644122259450173]]]},"properties":{"FID":365,"Id":366,"gridcode":4}},{"type":"Feature","id":366,"geometry":{"type":"Polygon","coordinates":[[[105.24820667142764,-5.5642322527790933],[105.24811638219708,-5.5642322907708071],[105.24811649593448,-5.5645036819956113],[105.24820678520642,-5.5645036440020332],[105.24820667142764,-5.5642322527790933]]]},"properties":{"FID":366,"Id":367,"gridcode":4}},{"type":"Feature","id":367,"geometry":{"type":"Polygon","coordinates":[[[105.25046397852886,-5.5644122259450173],[105.25037368928645,-5.5644122642835425],[105.25037376580306,-5.5645931917347076],[105.25046405507308,-5.5645931533949282],[105.25046397852886,-5.5644122259450173]]]},"properties":{"FID":367,"Id":368,"gridcode":4}},{"type":"Feature","id":368,"geometry":{"type":"Polygon","coordinates":[[[105.25019322549284,-5.5646837320992182],[105.25015524073967,-5.564475758197716],[105.25010289798927,-5.5645933066711075],[105.25010293620713,-5.5646837703981546],[105.25019322549284,-5.5646837320992182]]]},"properties":{"FID":368,"Id":369,"gridcode":4}},{"type":"Feature","id":369,"geometry":{"type":"Polygon","coordinates":[[[105.24847780489785,-5.5648653848909388],[105.24847776692707,-5.5647749211532105],[105.24838747761561,-5.5647749591901237],[105.24838751557259,-5.5648654229284755],[105.24847780489785,-5.5648653848909388]]]},"properties":{"FID":369,"Id":370,"gridcode":4}},{"type":"Feature","id":370,"geometry":{"type":"Polygon","coordinates":[[[105.2499224340163,-5.5648647744103235],[105.25003805533474,-5.5648194935258326],[105.24992239582475,-5.5647743106825782],[105.2499224340163,-5.5648647744103235]]]},"properties":{"FID":370,"Id":371,"gridcode":3}},{"type":"Feature","id":371,"geometry":{"type":"Polygon","coordinates":[[[105.24892925151464,-5.5648651944959031],[105.24901959392986,-5.5649913722433464],[105.24910983015697,-5.5648651182411211],[105.24892925151464,-5.5648651944959031]]]},"properties":{"FID":371,"Id":372,"gridcode":4}},{"type":"Feature","id":372,"geometry":{"type":"Polygon","coordinates":[[[105.24947106368107,-5.5650458930265829],[105.24947102555726,-5.5649554292962655],[105.24938073622512,-5.5649554674864881],[105.24938077433514,-5.5650459312174299],[105.24947106368107,-5.5650458930265829]]]},"properties":{"FID":372,"Id":373,"gridcode":4}},{"type":"Feature","id":373,"geometry":{"type":"Polygon","coordinates":[[[105.24974193171506,-5.5650457783710952],[105.24983222105848,-5.5650457401249502],[105.24983218287947,-5.5649552763971339],[105.24974189354987,-5.5649553146426527],[105.24974193171506,-5.5650457783710952]]]},"properties":{"FID":373,"Id":374,"gridcode":4}},{"type":"Feature","id":374,"geometry":{"type":"Polygon","coordinates":[[[105.24956142930347,-5.5652267822804653],[105.2495613911646,-5.5651363185513256],[105.24947110180551,-5.5651363567566223],[105.24947113993058,-5.5652268204863855],[105.24956142930347,-5.5652267822804653]]]},"properties":{"FID":374,"Id":375,"gridcode":4}},{"type":"Feature","id":375,"geometry":{"type":"Polygon","coordinates":[[[105.24956142930347,-5.5652267822804653],[105.24965171867574,-5.5652267440607188],[105.24965168052307,-5.5651362803322044],[105.2495613911646,-5.5651363185513256],[105.24956142930347,-5.5652267822804653]]]},"properties":{"FID":375,"Id":376,"gridcode":3}},{"type":"Feature","id":376,"geometry":{"type":"MultiPolygon","coordinates":[[[[105.2521787034696,-5.5626022205657923],[105.25197105148784,-5.5625656416305578],[105.25212959585569,-5.5624873787816798],[105.2521787034696,-5.5626022205657923]]],[[[105.25082471393721,-5.5634169714859789],[105.25071389847861,-5.5633843826846272],[105.25079378775723,-5.5633117330100346],[105.25082471393721,-5.5634169714859789]]],[[[105.25010282155542,-5.5644123792161819],[105.24999200594171,-5.5643797902868917],[105.25007189544212,-5.5643071407024882],[105.25010282155542,-5.5644123792161819]]],[[[105.24919996715631,-5.5645032251603546],[105.24908915156749,-5.5644706360600455],[105.24916904119593,-5.5643979865926472],[105.24919996715631,-5.5645032251603546]],[[105.24947110180551,-5.5651363567566223],[105.2495613911646,-5.5651363185513256],[105.24965168052307,-5.5651362803322044],[105.24965164237103,-5.5650458166034156],[105.24974193171506,-5.5650457783710952],[105.24974189354987,-5.5649553146426527],[105.24983218287947,-5.5649552763971339],[105.2498321447011,-5.5648648126690405],[105.2499224340163,-5.5648647744103235],[105.24992239582475,-5.5647743106825782],[105.24998300821429,-5.5646541378318775],[105.25010289798927,-5.5645933066711075],[105.25015524073967,-5.564475758197716],[105.25019322549284,-5.5646837320992182],[105.25037380406233,-5.5646836554598762],[105.25037376580306,-5.5645931917347076],[105.25037368928645,-5.5644122642835425],[105.25046397852886,-5.5644122259450173],[105.2504639402577,-5.5643217622196453],[105.25064451871303,-5.5643216855023825],[105.2507644083482,-5.5642608542125398],[105.25082502051505,-5.5641406812832752],[105.25064444211742,-5.564140758053318],[105.25028328531458,-5.564140911427538],[105.25023311792175,-5.5642585073117701],[105.24998836855805,-5.5641900692345061],[105.25010270690937,-5.5641409880317152],[105.25010266869529,-5.5640505243030045],[105.25010263048183,-5.5639600605740176],[105.25019291965717,-5.5639600222800931],[105.25028320883186,-5.5639599839723459],[105.25028313235167,-5.5637790565160472],[105.25005156385603,-5.5638361487011752],[105.25001226490845,-5.5637791713940645],[105.24989660560699,-5.5637339885349384],[105.25001222671069,-5.563688707663621],[105.25001215031705,-5.5635077802019],[105.24992186120943,-5.5635078184650526],[105.24992182302735,-5.5634173547331525],[105.24983153393289,-5.563417392981858],[105.24983149576524,-5.5633269292490537],[105.24983145759821,-5.5632364655159723],[105.24992174666508,-5.5632364272685182],[105.24992170848489,-5.5631459635357849],[105.25028286469089,-5.5631458104102736],[105.25028290292626,-5.5632362741405013],[105.25046348105305,-5.5632361974935751],[105.25046344279011,-5.5631457337646006],[105.25050853830032,-5.5630298507854228],[105.25055373183876,-5.563145695421035],[105.25055380839287,-5.5633266228774509],[105.25055384667088,-5.5634170866052433],[105.25046355758084,-5.563417124950691],[105.25054559038794,-5.5637368382854673],[105.25091515636375,-5.563778787983602],[105.25118602378801,-5.5637786726909511],[105.25118594703444,-5.563597745246101],[105.25127623614701,-5.5635977067888334],[105.25127619775739,-5.5635072430666215],[105.25136648685553,-5.5635072045961627],[105.25136644845276,-5.5634167408743043],[105.25125563296896,-5.5633841521760727],[105.2513355221778,-5.5633115024311106],[105.25136644845276,-5.5634167408743043],[105.25145673753646,-5.5634167023906542],[105.25145666070522,-5.5632357749473638],[105.25154694976071,-5.5632357364511531],[105.25163723881555,-5.5632356979411224],[105.25163720037331,-5.5631452342203209],[105.2518177784535,-5.5631451571600614],[105.2518177399843,-5.5630546934402441],[105.25190802900967,-5.5630546548900153],[105.2519983180344,-5.5630546163259682],[105.25199827953824,-5.5629641526071358],[105.25199824104271,-5.5628736888880255],[105.25208853003923,-5.5628736503114204],[105.25217881903508,-5.5628736117209971],[105.25217878051262,-5.5627831480028735],[105.25217874199079,-5.5626926842844711],[105.25226903095843,-5.5626926456814925],[105.25235931992545,-5.5626926070646947],[105.25235928137667,-5.562602143347279],[105.2525398592812,-5.5626020660734925],[105.25253978213038,-5.5624211386403601],[105.25263007105411,-5.5624210999840047],[105.25253962783641,-5.5620592837707701],[105.25244933896721,-5.5620593224107786],[105.25244941608534,-5.5622402498473926],[105.25199797159189,-5.5622404428464991],[105.25203732542072,-5.562291481507641],[105.25220343078465,-5.5624198284948871],[105.2518599565197,-5.5623691228413907],[105.2517271817882,-5.5624214859257606],[105.25172722023918,-5.5625119496481474],[105.25163693129529,-5.562511988166956],[105.25154664235077,-5.5625120266719454],[105.25148603048555,-5.5626321996678287],[105.25136614125336,-5.5626930310894558],[105.25136617965106,-5.5627834948135311],[105.25127589066327,-5.5627835332789557],[105.25121527871654,-5.5629037062496582],[105.25109538940035,-5.5629645376194432],[105.25109542775857,-5.5630550013445745],[105.25099102883857,-5.5631857376112039],[105.25060735850711,-5.5629414864804785],[105.25055361701234,-5.5628743042343336],[105.25046332800505,-5.5628743425760181],[105.25046325148486,-5.5626934151155769],[105.25010209555975,-5.5626935683391094],[105.25010205735576,-5.5626031046059676],[105.25001176838668,-5.5626031428766787],[105.249921479417,-5.5626031811335714],[105.24992151759341,-5.5626936448679656],[105.25001180657689,-5.5626936066104475],[105.25001184476773,-5.5627840703439393],[105.25022389083284,-5.5628340134620062],[105.25001192115127,-5.5629649978100923],[105.2499216321264,-5.562965036069488],[105.24992167030533,-5.5630554998027746],[105.24974109222613,-5.5630555762813616],[105.2497411303781,-5.5631460400156234],[105.2497411685307,-5.5632365037496081],[105.24956059039381,-5.5632365801754178],[105.24956078102834,-5.5636888988474311],[105.24968679144621,-5.5637793092665895],[105.24956085728657,-5.5638698263142974],[105.2495609335473,-5.5640507537800552],[105.24938035515959,-5.5640508301618317],[105.24883861998138,-5.5640510589754335],[105.24883869602391,-5.5642319864500696],[105.24820667142764,-5.5642322527790933],[105.24820678520642,-5.5645036440020332],[105.24820689899084,-5.564775035222481],[105.24838747761561,-5.5647749591901237],[105.24847776692707,-5.5647749211532105],[105.24847780489785,-5.5648653848909388],[105.24892925151464,-5.5648651944959031],[105.24910983015697,-5.5648651182411211],[105.24926009002466,-5.5648954449126338],[105.24938073622512,-5.5649554674864881],[105.24947102555726,-5.5649554292962655],[105.24947106368107,-5.5650458930265829],[105.24947110180551,-5.5651363567566223]]]]},"properties":{"FID":376,"Id":377,"gridcode":5}}]
}