{
  "type" : "FeatureCollection",
  "features" : [{"type":"Feature","id":0,"geometry":{"type":"Polygon","coordinates":[[[105.25912281084811,-5.5439636859594295],[105.25909188438798,-5.5438584478697956],[105.25901199868788,-5.5439310985469605],[105.25912281084811,-5.5439636859594295]]]},"properties":{"FID":0,"Id":1,"gridcode":3}},{"type":"Feature","id":1,"geometry":{"type":"Polygon","coordinates":[[[105.25957424118144,-5.5439634881584281],[105.25954331464249,-5.5438582500961227],[105.25946342900045,-5.543930900831632],[105.25957424118144,-5.5439634881584281]]]},"properties":{"FID":1,"Id":2,"gridcode":4}},{"type":"Feature","id":2,"geometry":{"type":"Polygon","coordinates":[[[105.24648275498387,-5.5439690846057417],[105.24634635299276,-5.5436301651603088],[105.24626282633216,-5.5439078201078562],[105.24648275498387,-5.5439690846057417]]]},"properties":{"FID":2,"Id":3,"gridcode":4}},{"type":"Feature","id":3,"geometry":{"type":"Polygon","coordinates":[[[105.25451829801528,-5.5441466113818638],[105.25451825926714,-5.5440561476229817],[105.25440264230636,-5.5441014292165072],[105.25451829801528,-5.5441466113818638]]]},"properties":{"FID":3,"Id":4,"gridcode":2}},{"type":"Feature","id":4,"geometry":{"type":"Polygon","coordinates":[[[105.25487944252548,-5.5441464559729079],[105.25499505945427,-5.5441011742875821],[105.25487940372236,-5.5440559922165766],[105.25487944252548,-5.5441464559729079]]]},"properties":{"FID":4,"Id":5,"gridcode":2}},{"type":"Feature","id":5,"geometry":{"type":"Polygon","coordinates":[[[105.25451829801528,-5.5441466113818638],[105.25487944252548,-5.5441464559729079],[105.25487940372236,-5.5440559922165766],[105.25451825926714,-5.5440561476229817],[105.25451829801528,-5.5441466113818638]]]},"properties":{"FID":5,"Id":6,"gridcode":3}},{"type":"Feature","id":6,"geometry":{"type":"Polygon","coordinates":[[[105.26119950954144,-5.5442341643574142],[105.26119946977553,-5.5441437006465879],[105.2611091836945,-5.5441437404835279],[105.26110922344668,-5.544234204195007],[105.26119950954144,-5.5442341643574142]]]},"properties":{"FID":6,"Id":7,"gridcode":3}},{"type":"Feature","id":7,"geometry":{"type":"Polygon","coordinates":[[[105.26128979563556,-5.5442341245060485],[105.2612897558559,-5.5441436607958767],[105.26119946977553,-5.5441437006465879],[105.26119950954144,-5.5442341643574142],[105.26128979563556,-5.5442341245060485]]]},"properties":{"FID":7,"Id":8,"gridcode":2}},{"type":"Feature","id":8,"geometry":{"type":"Polygon","coordinates":[[[105.24657319129675,-5.5443309022569229],[105.24654226700738,-5.5442256634123046],[105.24646237964861,-5.5442983124669984],[105.24657319129675,-5.5443309022569229]]]},"properties":{"FID":8,"Id":9,"gridcode":4}},{"type":"Feature","id":9,"geometry":{"type":"Polygon","coordinates":[[[105.25415723088305,-5.5443276940924999],[105.25415719218861,-5.5442372303316212],[105.25406690604315,-5.5442372690949782],[105.25406694472385,-5.5443277328564937],[105.25415723088305,-5.5443276940924999]]]},"properties":{"FID":9,"Id":10,"gridcode":4}},{"type":"Feature","id":10,"geometry":{"type":"Polygon","coordinates":[[[105.25424751704163,-5.5443276553147349],[105.25424747833344,-5.5442371915544921],[105.25415719218861,-5.5442372303316212],[105.25415723088305,-5.5443276940924999],[105.25424751704163,-5.5443276553147349]]]},"properties":{"FID":10,"Id":11,"gridcode":5}},{"type":"Feature","id":11,"geometry":{"type":"Polygon","coordinates":[[[105.25677552922033,-5.5443265639456563],[105.25674460314838,-5.5442213257161814],[105.25666471709987,-5.5442939760912768],[105.25677552922033,-5.5443265639456563]]]},"properties":{"FID":11,"Id":12,"gridcode":4}},{"type":"Feature","id":12,"geometry":{"type":"Polygon","coordinates":[[[105.26147040762962,-5.5443245084705888],[105.2614703678218,-5.5442340447619998],[105.26138008172902,-5.5442340846409097],[105.26138012152308,-5.5443245483501533],[105.26147040762962,-5.5443245084705888]]]},"properties":{"FID":12,"Id":13,"gridcode":3}},{"type":"Feature","id":13,"geometry":{"type":"Polygon","coordinates":[[[105.24666351506258,-5.5444213284486947],[105.24666347750838,-5.5443308646360503],[105.24657319129675,-5.5443309022569229],[105.24657322883719,-5.5444213660701855],[105.24666351506258,-5.5444213284486947]]]},"properties":{"FID":13,"Id":14,"gridcode":4}},{"type":"Feature","id":14,"geometry":{"type":"Polygon","coordinates":[[[105.25379612488247,-5.5444183128289835],[105.25388641105735,-5.5444182741056718],[105.2538863724035,-5.5443278103431632],[105.25379608624237,-5.5443278490658381],[105.25379612488247,-5.5444183128289835]]]},"properties":{"FID":14,"Id":15,"gridcode":3}},{"type":"Feature","id":15,"geometry":{"type":"Polygon","coordinates":[[[105.2538863724035,-5.5443278103431632],[105.25406694472385,-5.5443277328564937],[105.25406690604315,-5.5442372690949782],[105.2538863337503,-5.5442373465803749],[105.2538863724035,-5.5443278103431632]]]},"properties":{"FID":15,"Id":16,"gridcode":3}},{"type":"Feature","id":16,"geometry":{"type":"Polygon","coordinates":[[[105.25424751704163,-5.5443276553147349],[105.2544573552141,-5.5442823332486855],[105.25424747833344,-5.5442371915544921],[105.25424751704163,-5.5443276553147349]]]},"properties":{"FID":16,"Id":17,"gridcode":4}},{"type":"Feature","id":17,"geometry":{"type":"Polygon","coordinates":[[[105.25587266778598,-5.5443269549598524],[105.25582356114512,-5.5442121133754236],[105.25566502208422,-5.5442903770178908],[105.25587266778598,-5.5443269549598524]]]},"properties":{"FID":17,"Id":18,"gridcode":4}},{"type":"Feature","id":18,"geometry":{"type":"Polygon","coordinates":[[[105.26092865125517,-5.5442342838288772],[105.26071881369937,-5.5442796081656081],[105.26092869098051,-5.5443247475413902],[105.26092865125517,-5.5442342838288772]]]},"properties":{"FID":18,"Id":19,"gridcode":3}},{"type":"Feature","id":19,"geometry":{"type":"Polygon","coordinates":[[[105.26092869098051,-5.5443247475413902],[105.26110926319951,-5.5443246679062126],[105.26110922344668,-5.544234204195007],[105.2611091836945,-5.5441437404835279],[105.26092861153047,-5.5441438201160906],[105.26092865125517,-5.5442342838288772],[105.26092869098051,-5.5443247475413902]]]},"properties":{"FID":19,"Id":20,"gridcode":2}},{"type":"Feature","id":20,"geometry":{"type":"Polygon","coordinates":[[[105.24666351506258,-5.5444213284486947],[105.24669443938487,-5.5445265672848745],[105.24677432674332,-5.5444539181993138],[105.24666351506258,-5.5444213284486947]]]},"properties":{"FID":20,"Id":21,"gridcode":4}},{"type":"Feature","id":21,"geometry":{"type":"Polygon","coordinates":[[[105.24792755989971,-5.5445112641053802],[105.24789663536279,-5.5444060253432941],[105.24781674815448,-5.5444786745740497],[105.24792755989971,-5.5445112641053802]]]},"properties":{"FID":21,"Id":22,"gridcode":4}},{"type":"Feature","id":22,"geometry":{"type":"Polygon","coordinates":[[[105.26156077338059,-5.5445053959922861],[105.26156073355772,-5.5444149322849059],[105.26147044743809,-5.5444149721788989],[105.26147048724722,-5.5445054358869328],[105.26156077338059,-5.5445053959922861]]]},"properties":{"FID":22,"Id":23,"gridcode":5}},{"type":"Feature","id":23,"geometry":{"type":"Polygon","coordinates":[[[105.26165105951331,-5.5445053560838664],[105.26165101967669,-5.5444148923771417],[105.26156073355772,-5.5444149322849059],[105.26156077338059,-5.5445053959922861],[105.26165105951331,-5.5445053560838664]]]},"properties":{"FID":23,"Id":24,"gridcode":3}},{"type":"Feature","id":24,"geometry":{"type":"Polygon","coordinates":[[[105.24657330391996,-5.544602293695883],[105.24654237961433,-5.5444970548528625],[105.24646249222056,-5.5445697039085298],[105.24657330391996,-5.544602293695883]]]},"properties":{"FID":24,"Id":25,"gridcode":4}},{"type":"Feature","id":25,"geometry":{"type":"Polygon","coordinates":[[[105.24819841858714,-5.544511150577951],[105.24814931338386,-5.5443963082907182],[105.24799077317098,-5.5444745699251836],[105.24819841858714,-5.544511150577951]]]},"properties":{"FID":25,"Id":26,"gridcode":4}},{"type":"Feature","id":26,"geometry":{"type":"Polygon","coordinates":[[[105.25379608624237,-5.5443278490658381],[105.25358412383576,-5.5444588344411816],[105.25379616352322,-5.5445087765918526],[105.25379612488247,-5.5444183128289835],[105.25379608624237,-5.5443278490658381]]]},"properties":{"FID":26,"Id":27,"gridcode":2}},{"type":"Feature","id":27,"geometry":{"type":"Polygon","coordinates":[[[105.25379616352322,-5.5445087765918526],[105.25406702208716,-5.5445086603786926],[105.25406694472385,-5.5443277328564937],[105.2538863724035,-5.5443278103431632],[105.25388641105735,-5.5444182741056718],[105.25379612488247,-5.5444183128289835],[105.25379616352322,-5.5445087765918526]]]},"properties":{"FID":27,"Id":28,"gridcode":4}},{"type":"Feature","id":28,"geometry":{"type":"Polygon","coordinates":[[[105.25767846905288,-5.5445070990251546],[105.25760809297134,-5.5443882716258974],[105.25728370345048,-5.5444666927966262],[105.25767846905288,-5.5445070990251546]]]},"properties":{"FID":28,"Id":29,"gridcode":4}},{"type":"Feature","id":29,"geometry":{"type":"Polygon","coordinates":[[[105.26110926319951,-5.5443246679062126],[105.26132677497102,-5.5444685505822138],[105.26147048724722,-5.5445054358869328],[105.26147044743809,-5.5444149721788989],[105.26156073355772,-5.5444149322849059],[105.2615606937355,-5.5443244685772513],[105.26147040762962,-5.5443245084705888],[105.26138012152308,-5.5443245483501533],[105.26138008172902,-5.5442340846409097],[105.26128979563556,-5.5442341245060485],[105.26119950954144,-5.5442341643574142],[105.26110922344668,-5.544234204195007],[105.26110926319951,-5.5443246679062126]]]},"properties":{"FID":29,"Id":30,"gridcode":4}},{"type":"Feature","id":30,"geometry":{"type":"Polygon","coordinates":[[[105.24774706287972,-5.5446922673305217],[105.24771613836351,-5.5445870285586363],[105.24763625110867,-5.5446596777666617],[105.24774706287972,-5.5446922673305217]]]},"properties":{"FID":30,"Id":31,"gridcode":4}},{"type":"Feature","id":31,"geometry":{"type":"Polygon","coordinates":[[[105.24675398913639,-5.5448736098694269],[105.24671774014274,-5.5446680429220594],[105.24663662428279,-5.5448233445845849],[105.24675398913639,-5.5448736098694269]]]},"properties":{"FID":31,"Id":32,"gridcode":4}},{"type":"Feature","id":32,"geometry":{"type":"Polygon","coordinates":[[[105.24756656574975,-5.5448732705044286],[105.24752778485127,-5.5445752131068016],[105.24744510400114,-5.544809233554882],[105.24756656574975,-5.5448732705044286]]]},"properties":{"FID":32,"Id":33,"gridcode":4}},{"type":"Feature","id":33,"geometry":{"type":"Polygon","coordinates":[[[105.24738606850981,-5.5450542736270929],[105.24735514403501,-5.5449490348356125],[105.24727525668716,-5.5450216839981668],[105.24738606850981,-5.5450542736270929]]]},"properties":{"FID":33,"Id":34,"gridcode":5}},{"type":"Feature","id":34,"geometry":{"type":"Polygon","coordinates":[[[105.26165129854692,-5.5450481383184149],[105.26165125870634,-5.5449576746133475],[105.26156097250488,-5.5449577145250419],[105.26156101233173,-5.5450481782307657],[105.26165129854692,-5.5450481383184149]]]},"properties":{"FID":34,"Id":35,"gridcode":3}},{"type":"Feature","id":35,"geometry":{"type":"Polygon","coordinates":[[[105.26165129854692,-5.5450481383184149],[105.26174158476144,-5.5450480983922903],[105.26174154490711,-5.5449576346878775],[105.26165125870634,-5.5449576746133475],[105.26165129854692,-5.5450481383184149]]]},"properties":{"FID":35,"Id":36,"gridcode":2}},{"type":"Feature","id":36,"geometry":{"type":"Polygon","coordinates":[[[105.26174146520043,-5.544776707278225],[105.26165117902714,-5.5447767472023841],[105.26165125870634,-5.5449576746133475],[105.26174154490711,-5.5449576346878775],[105.26174146520043,-5.544776707278225]]]},"properties":{"FID":36,"Id":37,"gridcode":3}},{"type":"Feature","id":37,"geometry":{"type":"Polygon","coordinates":[[[105.25831070814723,-5.5450496059017045],[105.25839374504484,-5.5448376949783587],[105.25818104740199,-5.5449494179701153],[105.25831070814723,-5.5450496059017045]]]},"properties":{"FID":37,"Id":38,"gridcode":4}},{"type":"Feature","id":38,"geometry":{"type":"Polygon","coordinates":[[[105.26156105215924,-5.5451386419362114],[105.26165133838816,-5.5451386020232061],[105.26165129854692,-5.5450481383184149],[105.26156101233173,-5.5450481782307657],[105.26156105215924,-5.5451386419362114]]]},"properties":{"FID":38,"Id":39,"gridcode":2}},{"type":"Feature","id":39,"geometry":{"type":"Polygon","coordinates":[[[105.2472055711599,-5.5452352766985129],[105.2471746467058,-5.5451300378972332],[105.24709475931145,-5.5452026870370492],[105.2472055711599,-5.5452352766985129]]]},"properties":{"FID":39,"Id":40,"gridcode":4}},{"type":"Feature","id":40,"geometry":{"type":"Polygon","coordinates":[[[105.26147080574404,-5.5452291455412679],[105.26156109198739,-5.5452291056413818],[105.26156105215924,-5.5451386419362114],[105.26147076592963,-5.545138681835442],[105.26147080574404,-5.5452291455412679]]]},"properties":{"FID":40,"Id":41,"gridcode":2}},{"type":"Feature","id":41,"geometry":{"type":"Polygon","coordinates":[[[105.24693471212194,-5.5452353897862805],[105.24689593150688,-5.5449373323377937],[105.24681325035991,-5.5451713527080937],[105.24693471212194,-5.5452353897862805]]]},"properties":{"FID":41,"Id":42,"gridcode":4}},{"type":"Feature","id":42,"geometry":{"type":"Polygon","coordinates":[[[105.25912340264387,-5.5453206418258594],[105.25909247610183,-5.5452154037443737],[105.25901259022707,-5.5452880544268277],[105.25912340264387,-5.5453206418258594]]]},"properties":{"FID":42,"Id":43,"gridcode":4}},{"type":"Feature","id":43,"geometry":{"type":"Polygon","coordinates":[[[105.26138055930136,-5.5453196491335817],[105.26138051950004,-5.5452291854273783],[105.26129023325538,-5.5452292252997157],[105.26129027304295,-5.5453196890065728],[105.26138055930136,-5.5453196491335817]]]},"properties":{"FID":43,"Id":44,"gridcode":5}},{"type":"Feature","id":44,"geometry":{"type":"Polygon","coordinates":[[[105.26138055930136,-5.5453196491335817],[105.26147084555912,-5.5453196092468167],[105.26147080574404,-5.5452291455412679],[105.26138051950004,-5.5452291854273783],[105.26138055930136,-5.5453196491335817]]]},"properties":{"FID":44,"Id":45,"gridcode":3}},{"type":"Feature","id":45,"geometry":{"type":"Polygon","coordinates":[[[105.26129023325538,-5.5452292252997157],[105.26138051950004,-5.5452291854273783],[105.26147080574404,-5.5452291455412679],[105.26147076592963,-5.545138681835442],[105.26156105215924,-5.5451386419362114],[105.26156101233173,-5.5450481782307657],[105.26156097250488,-5.5449577145250419],[105.26165125870634,-5.5449576746133475],[105.26165117902714,-5.5447767472023841],[105.26174146520043,-5.544776707278225],[105.26168145631064,-5.5446558799350338],[105.26165105951331,-5.5445053560838664],[105.26156077338059,-5.5445053959922861],[105.26147048724722,-5.5445054358869328],[105.26147072611587,-5.5450482181293408],[105.26110958124589,-5.5450483775859025],[105.26110966076408,-5.5452293050030628],[105.26119994701006,-5.5452292651582766],[105.26124503918358,-5.5451133814491005],[105.26129023325538,-5.5452292252997157]]]},"properties":{"FID":45,"Id":46,"gridcode":4}},{"type":"Feature","id":46,"geometry":{"type":"Polygon","coordinates":[[[105.24684450095116,-5.5454163550716746],[105.24681357654933,-5.5453111162497368],[105.2467336890853,-5.5453837653434181],[105.24684450095116,-5.5454163550716746]]]},"properties":{"FID":46,"Id":47,"gridcode":4}},{"type":"Feature","id":47,"geometry":{"type":"Polygon","coordinates":[[[105.25334511832578,-5.5454136076502474],[105.25331419278783,-5.5453083692199945],[105.25323430615855,-5.5453810191553963],[105.25334511832578,-5.5454136076502474]]]},"properties":{"FID":47,"Id":48,"gridcode":4}},{"type":"Feature","id":48,"geometry":{"type":"Polygon","coordinates":[[[105.26129031283118,-5.5454101527131554],[105.26138059910333,-5.5454101128395106],[105.26138055930136,-5.5453196491335817],[105.26129027304295,-5.5453196890065728],[105.26129031283118,-5.5454101527131554]]]},"properties":{"FID":48,"Id":49,"gridcode":3}},{"type":"Feature","id":49,"geometry":{"type":"Polygon","coordinates":[[[105.25930405416376,-5.5455014901688688],[105.25925886044897,-5.5453856461504056],[105.25921376786275,-5.5455015297263337],[105.25930405416376,-5.5455014901688688]]]},"properties":{"FID":49,"Id":50,"gridcode":5}},{"type":"Feature","id":50,"geometry":{"type":"Polygon","coordinates":[[[105.26110966076408,-5.5452293050030628],[105.26092908827013,-5.5452293846513125],[105.26092916773597,-5.5454103120699836],[105.26101945401076,-5.5454102722514396],[105.26101941426376,-5.545319808542895],[105.26110970052414,-5.545319768711229],[105.26110966076408,-5.5452293050030628]]]},"properties":{"FID":50,"Id":51,"gridcode":4}},{"type":"Feature","id":51,"geometry":{"type":"Polygon","coordinates":[[[105.26120006633352,-5.5455006562799856],[105.26120002655837,-5.5454101925730255],[105.26110974028489,-5.5454102324191199],[105.26110978004628,-5.5455006961267337],[105.26120006633352,-5.5455006562799856]]]},"properties":{"FID":51,"Id":52,"gridcode":4}},{"type":"Feature","id":52,"geometry":{"type":"Polygon","coordinates":[[[105.26110966076408,-5.5452293050030628],[105.26110970052414,-5.545319768711229],[105.26110974028489,-5.5454102324191199],[105.26120002655837,-5.5454101925730255],[105.26119994701006,-5.5452292651582766],[105.26110966076408,-5.5452293050030628]]]},"properties":{"FID":52,"Id":53,"gridcode":5}},{"type":"Feature","id":53,"geometry":{"type":"Polygon","coordinates":[[[105.26120006633352,-5.5455006562799856],[105.26129035262007,-5.5455006164194609],[105.26129031283118,-5.5454101527131554],[105.26120002655837,-5.5454101925730255],[105.26120006633352,-5.5455006562799856]]]},"properties":{"FID":53,"Id":54,"gridcode":2}},{"type":"Feature","id":54,"geometry":{"type":"Polygon","coordinates":[[[105.26119994701006,-5.5452292651582766],[105.26120002655837,-5.5454101925730255],[105.26129031283118,-5.5454101527131554],[105.26129027304295,-5.5453196890065728],[105.26129023325538,-5.5452292252997157],[105.26119994701006,-5.5452292651582766]]]},"properties":{"FID":54,"Id":55,"gridcode":4}},{"type":"Feature","id":55,"geometry":{"type":"Polygon","coordinates":[[[105.2590332347046,-5.5455920725222532],[105.25900230816194,-5.5454868344369297],[105.25892242224064,-5.5455594851087673],[105.2590332347046,-5.5455920725222532]]]},"properties":{"FID":55,"Id":56,"gridcode":4}},{"type":"Feature","id":56,"geometry":{"type":"Polygon","coordinates":[[[105.25921376786275,-5.5455015297263337],[105.25910278526869,-5.5455451664136897],[105.25925875787405,-5.5456174449505964],[105.25930405416376,-5.5455014901688688],[105.25921376786275,-5.5455015297263337]]]},"properties":{"FID":56,"Id":57,"gridcode":4}},{"type":"Feature","id":57,"geometry":{"type":"Polygon","coordinates":[[[105.26065842798756,-5.5456818225747773],[105.26065838829361,-5.5455913588644492],[105.26056810198868,-5.5455913986291989],[105.2605681416689,-5.545681862340178],[105.26065842798756,-5.5456818225747773]]]},"properties":{"FID":57,"Id":58,"gridcode":5}},{"type":"Feature","id":58,"geometry":{"type":"Polygon","coordinates":[[[105.26074871430558,-5.5456817827956],[105.26074867459786,-5.5455913190859247],[105.26065838829361,-5.5455913588644492],[105.26065842798756,-5.5456818225747773],[105.26074871430558,-5.5456817827956]]]},"properties":{"FID":58,"Id":59,"gridcode":4}},{"type":"Feature","id":59,"geometry":{"type":"Polygon","coordinates":[[[105.26074867459786,-5.5455913190859247],[105.26092924720442,-5.5455912394875497],[105.26092916773597,-5.5454103120699836],[105.2607485951844,-5.5454103916657473],[105.26074867459786,-5.5455913190859247]]]},"properties":{"FID":59,"Id":60,"gridcode":4}},{"type":"Feature","id":60,"geometry":{"type":"Polygon","coordinates":[[[105.26101957325567,-5.5456816633754134],[105.26101953350671,-5.5455911996676983],[105.26092924720442,-5.5455912394875497],[105.26092928693963,-5.5456817031959185],[105.26101957325567,-5.5456816633754134]]]},"properties":{"FID":60,"Id":61,"gridcode":3}},{"type":"Feature","id":61,"geometry":{"type":"Polygon","coordinates":[[[105.26092916773597,-5.5454103120699836],[105.26092924720442,-5.5455912394875497],[105.26101953350671,-5.5455911996676983],[105.2610194937584,-5.5455007359597062],[105.26110978004628,-5.5455006961267337],[105.26110974028489,-5.5454102324191199],[105.26101945401076,-5.5454102722514396],[105.26092916773597,-5.5454103120699836]]]},"properties":{"FID":61,"Id":62,"gridcode":5}},{"type":"Feature","id":62,"geometry":{"type":"Polygon","coordinates":[[[105.26101957325567,-5.5456816633754134],[105.26110985957106,-5.5456816235411326],[105.26110981980834,-5.5455911598340712],[105.26101953350671,-5.5455911996676983],[105.26101957325567,-5.5456816633754134]]]},"properties":{"FID":62,"Id":63,"gridcode":2}},{"type":"Feature","id":63,"geometry":{"type":"Polygon","coordinates":[[[105.26101953350671,-5.5455911996676983],[105.26110981980834,-5.5455911598340712],[105.26120010610931,-5.5455911199866685],[105.26120006633352,-5.5455006562799856],[105.26110978004628,-5.5455006961267337],[105.2610194937584,-5.5455007359597062],[105.26101953350671,-5.5455911996676983]]]},"properties":{"FID":63,"Id":64,"gridcode":3}},{"type":"Feature","id":64,"geometry":{"type":"Polygon","coordinates":[[[105.26083904034508,-5.5457722067113924],[105.26092932667551,-5.5457721669040101],[105.26092928693963,-5.5456817031959185],[105.26083900062294,-5.5456817430026462],[105.26083904034508,-5.5457722067113924]]]},"properties":{"FID":64,"Id":65,"gridcode":2}},{"type":"Feature","id":65,"geometry":{"type":"Polygon","coordinates":[[[105.26074871430558,-5.5456817827956],[105.26083900062294,-5.5456817430026462],[105.26092928693963,-5.5456817031959185],[105.26092924720442,-5.5455912394875497],[105.26074867459786,-5.5455913190859247],[105.26074871430558,-5.5456817827956]]]},"properties":{"FID":65,"Id":66,"gridcode":5}},{"type":"Feature","id":66,"geometry":{"type":"Polygon","coordinates":[[[105.26011678929061,-5.5458629883881976],[105.26011674967782,-5.5457725246745104],[105.26002646334146,-5.5457725643579083],[105.26002650294051,-5.5458630280722465],[105.26011678929061,-5.5458629883881976]]]},"properties":{"FID":66,"Id":67,"gridcode":4}},{"type":"Feature","id":67,"geometry":{"type":"Polygon","coordinates":[[[105.26056822103131,-5.5458627897613102],[105.26065850737749,-5.5458627499946038],[105.26065846768219,-5.5457722862848291],[105.26056818134978,-5.5457723260508827],[105.26056822103131,-5.5458627897613102]]]},"properties":{"FID":67,"Id":68,"gridcode":3}},{"type":"Feature","id":68,"geometry":{"type":"Polygon","coordinates":[[[105.26065846768219,-5.5457722862848291],[105.26083904034508,-5.5457722067113924],[105.26083900062294,-5.5456817430026462],[105.26074871430558,-5.5456817827956],[105.26065842798756,-5.5456818225747773],[105.26065846768219,-5.5457722862848291]]]},"properties":{"FID":68,"Id":69,"gridcode":3}},{"type":"Feature","id":69,"geometry":{"type":"Polygon","coordinates":[[[105.26011682890405,-5.5459534521016076],[105.26011678929061,-5.5458629883881976],[105.26002650294051,-5.5458630280722465],[105.26002654254019,-5.5459534917863076],[105.26011682890405,-5.5459534521016076]]]},"properties":{"FID":69,"Id":70,"gridcode":3}},{"type":"Feature","id":70,"geometry":{"type":"Polygon","coordinates":[[[105.2603876879917,-5.5459533329648494],[105.260387648337,-5.5458628692533933],[105.26029736198886,-5.545862908978771],[105.2602974016298,-5.545953372690879],[105.2603876879917,-5.5459533329648494]]]},"properties":{"FID":70,"Id":71,"gridcode":3}},{"type":"Feature","id":71,"geometry":{"type":"Polygon","coordinates":[[[105.26011678929061,-5.5458629883881976],[105.26029736198886,-5.545862908978771],[105.260387648337,-5.5458628692533933],[105.26047793468449,-5.54586282951424],[105.26047789501669,-5.5457723658031606],[105.26038760868296,-5.545772405541662],[105.26011674967782,-5.5457725246745104],[105.26011678929061,-5.5458629883881976]]]},"properties":{"FID":71,"Id":72,"gridcode":5}},{"type":"Feature","id":72,"geometry":{"type":"Polygon","coordinates":[[[105.26038760868296,-5.545772405541662],[105.26047789501669,-5.5457723658031606],[105.26047793468449,-5.54586282951424],[105.26056822103131,-5.5458627897613102],[105.26056818134978,-5.5457723260508827],[105.26065846768219,-5.5457722862848291],[105.26065842798756,-5.5456818225747773],[105.2605681416689,-5.545681862340178],[105.26056810198868,-5.5455913986291989],[105.26038752937686,-5.5455914781173687],[105.26038760868296,-5.545772405541662]]]},"properties":{"FID":72,"Id":73,"gridcode":4}},{"type":"Feature","id":73,"geometry":{"type":"Polygon","coordinates":[[[105.24666419114456,-5.5460496770290879],[105.24663326673632,-5.545944438200018],[105.24655337916742,-5.5460170872725785],[105.24666419114456,-5.5460496770290879]]]},"properties":{"FID":73,"Id":74,"gridcode":4}},{"type":"Feature","id":74,"geometry":{"type":"Polygon","coordinates":[[[105.25298420415609,-5.5459565447473125],[105.25293897141445,-5.5457462936815984],[105.25289391774109,-5.5459565833436644],[105.25298420415609,-5.5459565447473125]]]},"properties":{"FID":74,"Id":75,"gridcode":5}},{"type":"Feature","id":75,"geometry":{"type":"Polygon","coordinates":[[[105.26011686851815,-5.5460439158147432],[105.26020715489511,-5.5460438761156157],[105.26020711526726,-5.545953412403132],[105.26011682890405,-5.5459534521016076],[105.26011686851815,-5.5460439158147432]]]},"properties":{"FID":75,"Id":76,"gridcode":3}},{"type":"Feature","id":76,"geometry":{"type":"Polygon","coordinates":[[[105.26011682890405,-5.5459534521016076],[105.26020711526726,-5.545953412403132],[105.2602974016298,-5.545953372690879],[105.26029736198886,-5.545862908978771],[105.26011678929061,-5.5458629883881976],[105.26011682890405,-5.5459534521016076]]]},"properties":{"FID":76,"Id":77,"gridcode":4}},{"type":"Feature","id":77,"geometry":{"type":"Polygon","coordinates":[[[105.2603876879917,-5.5459533329648494],[105.2605682607135,-5.5459532534714615],[105.26056822103131,-5.5458627897613102],[105.26047793468449,-5.54586282951424],[105.260387648337,-5.5458628692533933],[105.2603876879917,-5.5459533329648494]]]},"properties":{"FID":77,"Id":78,"gridcode":2}},{"type":"Feature","id":78,"geometry":{"type":"Polygon","coordinates":[[[105.25289391774109,-5.5459565833436644],[105.25289399476999,-5.5461375108724242],[105.25298428121248,-5.5461374722748067],[105.25298420415609,-5.5459565447473125],[105.25289391774109,-5.5459565833436644]]]},"properties":{"FID":78,"Id":79,"gridcode":4}},{"type":"Feature","id":79,"geometry":{"type":"Polygon","coordinates":[[[105.25957522930784,-5.5462250811534464],[105.25957518977494,-5.5461346174369597],[105.25948490337963,-5.5461346570403007],[105.25948494289881,-5.5462251207574358],[105.25957522930784,-5.5462250811534464]]]},"properties":{"FID":79,"Id":80,"gridcode":5}},{"type":"Feature","id":80,"geometry":{"type":"Polygon","coordinates":[[[105.25984600938337,-5.5460440348294648],[105.26002662174156,-5.5461344192136037],[105.26002658214055,-5.5460439555000933],[105.26002654254019,-5.5459534917863076],[105.25984596981051,-5.5459535711143779],[105.25984600938337,-5.5460440348294648]]]},"properties":{"FID":80,"Id":81,"gridcode":4}},{"type":"Feature","id":81,"geometry":{"type":"Polygon","coordinates":[[[105.25271349885958,-5.5463185155565169],[105.25280378533083,-5.5463184769851868],[105.25280374682853,-5.5462280132208646],[105.25271346037103,-5.5462280517915605],[105.25271349885958,-5.5463185155565169]]]},"properties":{"FID":81,"Id":82,"gridcode":5}},{"type":"Feature","id":82,"geometry":{"type":"Polygon","coordinates":[[[105.25957522930784,-5.5462250811534464],[105.25975580212396,-5.5462250019041344],[105.25975576256354,-5.546134538188948],[105.25957518977494,-5.5461346174369597],[105.25957522930784,-5.5462250811534464]]]},"properties":{"FID":82,"Id":83,"gridcode":4}},{"type":"Feature","id":83,"geometry":{"type":"Polygon","coordinates":[[[105.25984612810586,-5.5463154259730718],[105.25984608853103,-5.5462249622588127],[105.25975580212396,-5.5462250019041344],[105.25975584168503,-5.5463154656190445],[105.25984612810586,-5.5463154259730718]]]},"properties":{"FID":83,"Id":84,"gridcode":4}},{"type":"Feature","id":84,"geometry":{"type":"Polygon","coordinates":[[[105.25993641452604,-5.5463153863133225],[105.26002670094555,-5.546315346639795],[105.26002666134322,-5.5462248829268379],[105.25993637493745,-5.5462249225997136],[105.25993641452604,-5.5463153863133225]]]},"properties":{"FID":84,"Id":85,"gridcode":4}},{"type":"Feature","id":85,"geometry":{"type":"Polygon","coordinates":[[[105.26002658214055,-5.5460439555000933],[105.26002662174156,-5.5461344192136037],[105.26002666134322,-5.5462248829268379],[105.26011694774833,-5.5462248432401839],[105.26011686851815,-5.5460439158147432],[105.26002658214055,-5.5460439555000933]]]},"properties":{"FID":85,"Id":86,"gridcode":3}},{"type":"Feature","id":86,"geometry":{"type":"Polygon","coordinates":[[[105.25289399476999,-5.5461375108724242],[105.25289407180145,-5.5463184384000801],[105.25298435827143,-5.5463183998011951],[105.25298428121248,-5.5461374722748067],[105.25289399476999,-5.5461375108724242]]]},"properties":{"FID":86,"Id":87,"gridcode":5}},{"type":"Feature","id":87,"geometry":{"type":"Polygon","coordinates":[[[105.25930444906405,-5.5464061273601271],[105.2593947355019,-5.5464060877823931],[105.25939469599517,-5.5463156240651585],[105.25930440957107,-5.5463156636422442],[105.25930444906405,-5.5464061273601271]]]},"properties":{"FID":87,"Id":88,"gridcode":5}},{"type":"Feature","id":88,"geometry":{"type":"Polygon","coordinates":[[[105.25957530837564,-5.5464060085855911],[105.25966559481152,-5.546405968966523],[105.25966555526355,-5.546315505251239],[105.25957526884142,-5.5463155448696568],[105.25957530837564,-5.5464060085855911]]]},"properties":{"FID":88,"Id":89,"gridcode":2}},{"type":"Feature","id":89,"geometry":{"type":"Polygon","coordinates":[[[105.25957526884142,-5.5463155448696568],[105.25966555526355,-5.546315505251239],[105.25975584168503,-5.5463154656190445],[105.25975580212396,-5.5462250019041344],[105.25957522930784,-5.5462250811534464],[105.25957526884142,-5.5463155448696568]]]},"properties":{"FID":89,"Id":90,"gridcode":3}},{"type":"Feature","id":90,"geometry":{"type":"Polygon","coordinates":[[[105.25984616768133,-5.5464058896870547],[105.25984612810586,-5.5463154259730718],[105.25975584168503,-5.5463154656190445],[105.25975588124676,-5.5464059293336785],[105.25984616768133,-5.5464058896870547]]]},"properties":{"FID":90,"Id":91,"gridcode":3}},{"type":"Feature","id":91,"geometry":{"type":"Polygon","coordinates":[[[105.25984616768133,-5.5464058896870547],[105.25993645411525,-5.5464058500266544],[105.25993641452604,-5.5463153863133225],[105.25984612810586,-5.5463154259730718],[105.25984616768133,-5.5464058896870547]]]},"properties":{"FID":91,"Id":92,"gridcode":4}},{"type":"Feature","id":92,"geometry":{"type":"Polygon","coordinates":[[[105.25975580212396,-5.5462250019041344],[105.25984608853103,-5.5462249622588127],[105.25984612810586,-5.5463154259730718],[105.25993641452604,-5.5463153863133225],[105.25993637493745,-5.5462249225997136],[105.26002666134322,-5.5462248829268379],[105.26002662174156,-5.5461344192136037],[105.25984600938337,-5.5460440348294648],[105.25984604895687,-5.5461344985442773],[105.25975576256354,-5.546134538188948],[105.25975580212396,-5.5462250019041344]]]},"properties":{"FID":92,"Id":93,"gridcode":5}},{"type":"Feature","id":93,"geometry":{"type":"Polygon","coordinates":[[[105.25948506146023,-5.5464965119071881],[105.25957534791051,-5.5464964723012482],[105.25957530837564,-5.5464060085855911],[105.2594850219391,-5.5464060481908808],[105.25948506146023,-5.5464965119071881]]]},"properties":{"FID":93,"Id":94,"gridcode":3}},{"type":"Feature","id":94,"geometry":{"type":"Polygon","coordinates":[[[105.25885309571538,-5.5465872524835573],[105.25882216914417,-5.546482014393276],[105.25874228307154,-5.5465546650456377],[105.25885309571538,-5.5465872524835573]]]},"properties":{"FID":94,"Id":95,"gridcode":4}},{"type":"Feature","id":95,"geometry":{"type":"Polygon","coordinates":[[[105.25939481451731,-5.5465870152160299],[105.259485100982,-5.5465869756232191],[105.25948506146023,-5.5464965119071881],[105.25939477500927,-5.5464965514993496],[105.25939481451731,-5.5465870152160299]]]},"properties":{"FID":95,"Id":96,"gridcode":3}},{"type":"Feature","id":96,"geometry":{"type":"Polygon","coordinates":[[[105.25930456754689,-5.5466775185121167],[105.25930452805196,-5.5465870547950633],[105.25921424158595,-5.5465870943603184],[105.25921428106713,-5.5466775580780219],[105.25930456754689,-5.5466775185121167]]]},"properties":{"FID":96,"Id":97,"gridcode":2}},{"type":"Feature","id":97,"geometry":{"type":"Polygon","coordinates":[[[105.25912395511928,-5.5465871339117951],[105.25921424158595,-5.5465870943603184],[105.25930452805196,-5.5465870547950633],[105.25930448855767,-5.5464965910777337],[105.25912391565251,-5.5464966701931679],[105.25912395511928,-5.5465871339117951]]]},"properties":{"FID":97,"Id":98,"gridcode":5}},{"type":"Feature","id":98,"geometry":{"type":"Polygon","coordinates":[[[105.25930456754689,-5.5466775185121167],[105.25939485402598,-5.5466774789324349],[105.25939481451731,-5.5465870152160299],[105.25930452805196,-5.5465870547950633],[105.25930456754689,-5.5466775185121167]]]},"properties":{"FID":98,"Id":99,"gridcode":3}},{"type":"Feature","id":99,"geometry":{"type":"Polygon","coordinates":[[[105.25912391565251,-5.5464966701931679],[105.25930448855767,-5.5464965910777337],[105.25930452805196,-5.5465870547950633],[105.25939481451731,-5.5465870152160299],[105.25939477500927,-5.5464965514993496],[105.25948506146023,-5.5464965119071881],[105.2594850219391,-5.5464060481908808],[105.25957530837564,-5.5464060085855911],[105.25957526884142,-5.5463155448696568],[105.25957522930784,-5.5462250811534464],[105.25948494289881,-5.5462251207574358],[105.25948498241863,-5.5463155844742964],[105.25939469599517,-5.5463156240651585],[105.2593947355019,-5.5464060877823931],[105.25930444906405,-5.5464061273601271],[105.25915687646325,-5.5463327091383317],[105.25912391565251,-5.5464966701931679]]]},"properties":{"FID":99,"Id":100,"gridcode":4}},{"type":"Feature","id":100,"geometry":{"type":"Polygon","coordinates":[[[105.25271353734875,-5.5464089793211961],[105.25271365282012,-5.5466803706135774],[105.25280393934638,-5.5466803320397151],[105.25280382383376,-5.5464089407492345],[105.25271353734875,-5.5464089793211961]]]},"properties":{"FID":100,"Id":101,"gridcode":5}},{"type":"Feature","id":101,"geometry":{"type":"Polygon","coordinates":[[[105.25912403405479,-5.5467680613482235],[105.25912399458672,-5.5466775976301479],[105.25903370810565,-5.5466776371684956],[105.25903374755998,-5.5467681008872196],[105.25912403405479,-5.5467680613482235]]]},"properties":{"FID":101,"Id":102,"gridcode":2}},{"type":"Feature","id":102,"geometry":{"type":"Polygon","coordinates":[[[105.25253315669478,-5.5468613752493665],[105.25253311822992,-5.5467709114848036],[105.2524175005812,-5.5468161927174071],[105.25253315669478,-5.5468613752493665]]]},"properties":{"FID":102,"Id":103,"gridcode":4}},{"type":"Feature","id":103,"geometry":{"type":"Polygon","coordinates":[[[105.25894350050575,-5.5468586041315344],[105.25903378701497,-5.5468585646056683],[105.25903374755998,-5.5467681008872196],[105.25894346106452,-5.5467681404124383],[105.25894350050575,-5.5468586041315344]]]},"properties":{"FID":103,"Id":104,"gridcode":3}},{"type":"Feature","id":104,"geometry":{"type":"Polygon","coordinates":[[[105.25903370810565,-5.5466776371684956],[105.25912399458672,-5.5466775976301479],[105.25912403405479,-5.5467680613482235],[105.25921432054898,-5.5467680217954491],[105.25921428106713,-5.5466775580780219],[105.25921424158595,-5.5465870943603184],[105.25912395511928,-5.5465871339117951],[105.25903366865197,-5.5465871734494945],[105.25903370810565,-5.5466776371684956]]]},"properties":{"FID":104,"Id":105,"gridcode":3}},{"type":"Feature","id":105,"geometry":{"type":"Polygon","coordinates":[[[105.25885325342401,-5.5469491073630905],[105.25894353994764,-5.5469490678503552],[105.25894350050575,-5.5468586041315344],[105.25885321399588,-5.5468586436436214],[105.25885325342401,-5.5469491073630905]]]},"properties":{"FID":105,"Id":106,"gridcode":3}},{"type":"Feature","id":106,"geometry":{"type":"Polygon","coordinates":[[[105.25009549565769,-5.5470433383876143],[105.25009545756286,-5.5469528746066121],[105.25000517097632,-5.546952912769],[105.25000520905741,-5.5470433765506275],[105.25009549565769,-5.5470433383876143]]]},"properties":{"FID":106,"Id":107,"gridcode":4}},{"type":"Feature","id":107,"geometry":{"type":"Polygon","coordinates":[[[105.25027595449129,-5.5467718706801739],[105.25015476191159,-5.5466409250432855],[105.25009545756286,-5.5469528746066121],[105.25021534382776,-5.5468920435484321],[105.25027595449129,-5.5467718706801739]]]},"properties":{"FID":107,"Id":108,"gridcode":4}},{"type":"Feature","id":108,"geometry":{"type":"Polygon","coordinates":[[[105.25036624104843,-5.5467718324777024],[105.25036631731871,-5.546952760036775],[105.25045660390273,-5.5469527218192711],[105.25045652760494,-5.5467717942614527],[105.25036624104843,-5.5467718324777024]]]},"properties":{"FID":108,"Id":109,"gridcode":4}},{"type":"Feature","id":109,"geometry":{"type":"Polygon","coordinates":[[[105.25858235446233,-5.5468587620972114],[105.25858239384921,-5.5469492258186248],[105.2586726803748,-5.5469491863472253],[105.25876296689974,-5.5469491468620475],[105.25876292748535,-5.5468586831419309],[105.25858235446233,-5.5468587620972114]]]},"properties":{"FID":109,"Id":110,"gridcode":5}},{"type":"Feature","id":110,"geometry":{"type":"Polygon","coordinates":[[[105.25912391565251,-5.5464966701931679],[105.25894334274473,-5.5464967492534907],[105.25894342162393,-5.546677676693065],[105.25876284865853,-5.5466777557008689],[105.25876292748535,-5.5468586831419309],[105.25876296689974,-5.5469491468620475],[105.25885325342401,-5.5469491073630905],[105.25885321399588,-5.5468586436436214],[105.25894350050575,-5.5468586041315344],[105.25894346106452,-5.5467681404124383],[105.25903374755998,-5.5467681008872196],[105.25903370810565,-5.5466776371684956],[105.25903366865197,-5.5465871734494945],[105.25912395511928,-5.5465871339117951],[105.25912391565251,-5.5464966701931679]]]},"properties":{"FID":110,"Id":111,"gridcode":4}},{"type":"Feature","id":111,"geometry":{"type":"Polygon","coordinates":[[[105.25831161296175,-5.5471302715960249],[105.2583115736148,-5.5470398078732233],[105.25822128707286,-5.5470398472901525],[105.25822132640604,-5.5471303110135999],[105.25831161296175,-5.5471302715960249]]]},"properties":{"FID":111,"Id":112,"gridcode":3}},{"type":"Feature","id":112,"geometry":{"type":"Polygon","coordinates":[[[105.2584018995168,-5.5471302321646681],[105.25840186015611,-5.5470397684425148],[105.2583115736148,-5.5470398078732233],[105.25831161296175,-5.5471302715960249],[105.2584018995168,-5.5471302321646681]]]},"properties":{"FID":112,"Id":113,"gridcode":2}},{"type":"Feature","id":113,"geometry":{"type":"Polygon","coordinates":[[[105.25840182079608,-5.5469493047200844],[105.25861830226005,-5.547057005697611],[105.2586726803748,-5.5469491863472253],[105.25858239384921,-5.5469492258186248],[105.25858235446233,-5.5468587620972114],[105.2584017814367,-5.5468588409973769],[105.25840182079608,-5.5469493047200844]]]},"properties":{"FID":113,"Id":114,"gridcode":4}},{"type":"Feature","id":114,"geometry":{"type":"Polygon","coordinates":[[[105.25831165230933,-5.5472207353185494],[105.25831161296175,-5.5471302715960249],[105.25822132640604,-5.5471303110135999],[105.25822136573987,-5.547220774736771],[105.25831165230933,-5.5472207353185494]]]},"properties":{"FID":114,"Id":115,"gridcode":4}},{"type":"Feature","id":115,"geometry":{"type":"Polygon","coordinates":[[[105.2584018995168,-5.5471302321646681],[105.25877948197689,-5.5470953793515205],[105.25885325342401,-5.5469491073630905],[105.25876296689974,-5.5469491468620475],[105.2586726803748,-5.5469491863472253],[105.25861830226005,-5.547057005697611],[105.25840182079608,-5.5469493047200844],[105.25840186015611,-5.5470397684425148],[105.2584018995168,-5.5471302321646681]]]},"properties":{"FID":115,"Id":116,"gridcode":3}},{"type":"Feature","id":116,"geometry":{"type":"Polygon","coordinates":[[[105.25244306240423,-5.5473137326049908],[105.25241213690971,-5.5472084941315458],[105.25233224991956,-5.5472811439571883],[105.25244306240423,-5.5473137326049908]]]},"properties":{"FID":116,"Id":117,"gridcode":4}},{"type":"Feature","id":117,"geometry":{"type":"Polygon","coordinates":[[[105.25831169165755,-5.5473111990407977],[105.25831165230933,-5.5472207353185494],[105.25822136573987,-5.547220774736771],[105.25822140507435,-5.5473112384596668],[105.25831169165755,-5.5473111990407977]]]},"properties":{"FID":117,"Id":118,"gridcode":5}},{"type":"Feature","id":118,"geometry":{"type":"Polygon","coordinates":[[[105.25063717706887,-5.5469526453429259],[105.2506372152462,-5.5470431091201666],[105.25027606885639,-5.5470432620202486],[105.25027618322717,-5.5473146533578372],[105.25054704314427,-5.5473145386978011],[105.25054696681391,-5.5471336111434475],[105.2508178266428,-5.5471334963631573],[105.2507571145982,-5.5470133748772037],[105.25063717706887,-5.5469526453429259]]]},"properties":{"FID":118,"Id":119,"gridcode":4}},{"type":"Feature","id":119,"geometry":{"type":"Polygon","coordinates":[[[105.25280420889814,-5.5473135783745047],[105.25276225601591,-5.546741468982975],[105.25267700840391,-5.5472256621776888],[105.25280420889814,-5.5473135783745047]]]},"properties":{"FID":119,"Id":120,"gridcode":5}},{"type":"Feature","id":120,"geometry":{"type":"Polygon","coordinates":[[[105.25831173100644,-5.5474016627627698],[105.25831169165755,-5.5473111990407977],[105.25822140507435,-5.5473112384596668],[105.25822144440949,-5.5474017021822863],[105.25831173100644,-5.5474016627627698]]]},"properties":{"FID":120,"Id":121,"gridcode":4}},{"type":"Feature","id":121,"geometry":{"type":"Polygon","coordinates":[[[105.25000520905741,-5.5470433765506275],[105.25000536138802,-5.5474052316743769],[105.25009564804331,-5.5474051935088582],[105.25009557184926,-5.5472242659487883],[105.25009549565769,-5.5470433383876143],[105.25000520905741,-5.5470433765506275]]]},"properties":{"FID":121,"Id":122,"gridcode":3}},{"type":"Feature","id":122,"geometry":{"type":"Polygon","coordinates":[[[105.25054711947713,-5.5474954662510516],[105.25051619430322,-5.5473902276643159],[105.25043630704613,-5.5474628772450956],[105.25054711947713,-5.5474954662510516]]]},"properties":{"FID":122,"Id":123,"gridcode":4}},{"type":"Feature","id":123,"geometry":{"type":"Polygon","coordinates":[[[105.25280428591867,-5.5474945058962444],[105.25277336035015,-5.54738926744567],[105.25269347338309,-5.54746191731875],[105.25280428591867,-5.5474945058962444]]]},"properties":{"FID":123,"Id":124,"gridcode":5}},{"type":"Feature","id":124,"geometry":{"type":"Polygon","coordinates":[[[105.25172088442244,-5.5475854317094608],[105.25172084607625,-5.547494967941426],[105.25163055941859,-5.5474950063556179],[105.25163059775102,-5.5475854701242833],[105.25172088442244,-5.5475854317094608]]]},"properties":{"FID":124,"Id":125,"gridcode":4}},{"type":"Feature","id":125,"geometry":{"type":"Polygon","coordinates":[[[105.25009564804331,-5.5474051935088582],[105.25009572423991,-5.5475861210678241],[105.25027629760365,-5.5475860446929408],[105.25020242334845,-5.547298118377733],[105.25009557184926,-5.5472242659487883],[105.25009564804331,-5.5474051935088582]]]},"properties":{"FID":125,"Id":126,"gridcode":4}},{"type":"Feature","id":126,"geometry":{"type":"Polygon","coordinates":[[[105.25181120945379,-5.5476758570479854],[105.25181117109322,-5.5475853932808574],[105.25172088442244,-5.5475854317094608],[105.25172092276925,-5.5476758954772194],[105.25181120945379,-5.5476758570479854]]]},"properties":{"FID":126,"Id":127,"gridcode":4}},{"type":"Feature","id":127,"geometry":{"type":"Polygon","coordinates":[[[105.25298489775555,-5.5475848924549762],[105.25287986533237,-5.5476158787177301],[105.25295237301535,-5.5476959223791678],[105.25298489775555,-5.5475848924549762]]]},"properties":{"FID":127,"Id":128,"gridcode":5}},{"type":"Feature","id":128,"geometry":{"type":"Polygon","coordinates":[[[105.25822144440949,-5.5474017021822863],[105.25822148374527,-5.5474921659046297],[105.2582215230817,-5.5475826296266959],[105.25831180970616,-5.5475825902058871],[105.25831173100644,-5.5474016627627698],[105.25822144440949,-5.5474017021822863]]]},"properties":{"FID":128,"Id":129,"gridcode":3}},{"type":"Feature","id":129,"geometry":{"type":"Polygon","coordinates":[[[105.25027629760365,-5.5475860446929408],[105.25027637385779,-5.5477669722482945],[105.25045694727402,-5.5477668958157818],[105.25039623523023,-5.5476467742949795],[105.25027629760365,-5.5475860446929408]]]},"properties":{"FID":129,"Id":130,"gridcode":4}},{"type":"Feature","id":130,"geometry":{"type":"Polygon","coordinates":[[[105.25145002440627,-5.5475855469125861],[105.25149525679555,-5.5477957980967272],[105.25154031107895,-5.5475855085253247],[105.25145002440627,-5.5475855469125861]]]},"properties":{"FID":130,"Id":131,"gridcode":4}},{"type":"Feature","id":131,"geometry":{"type":"Polygon","coordinates":[[[105.25253311822992,-5.5467709114848036],[105.25253315669478,-5.5468613752493665],[105.25253354137845,-5.5477660128798059],[105.25262382807102,-5.5477659743259116],[105.2526234047712,-5.5467708729378664],[105.25253311822992,-5.5467709114848036]]]},"properties":{"FID":131,"Id":132,"gridcode":5}},{"type":"Feature","id":132,"geometry":{"type":"Polygon","coordinates":[[[105.25298501337556,-5.5478562837308845],[105.25295408775368,-5.5477510452933645],[105.2528742007632,-5.5478236951911768],[105.25298501337556,-5.5478562837308845]]]},"properties":{"FID":132,"Id":133,"gridcode":5}},{"type":"Feature","id":133,"geometry":{"type":"Polygon","coordinates":[[[105.25813135442854,-5.5478540602002067],[105.25813131510391,-5.5477635964783225],[105.25804102845062,-5.5477636358728626],[105.25804106776151,-5.5478540995953933],[105.25813135442854,-5.5478540602002067]]]},"properties":{"FID":133,"Id":134,"gridcode":5}},{"type":"Feature","id":134,"geometry":{"type":"Polygon","coordinates":[[[105.25822164109492,-5.5478540207912381],[105.25822160175652,-5.5477635570700006],[105.25813131510391,-5.5477635964783225],[105.25813135442854,-5.5478540602002067],[105.25822164109492,-5.5478540207912381]]]},"properties":{"FID":134,"Id":135,"gridcode":3}},{"type":"Feature","id":135,"geometry":{"type":"Polygon","coordinates":[[[105.25822148374527,-5.5474921659046297],[105.25804659767867,-5.5474186570958883],[105.25813131510391,-5.5477635964783225],[105.25822160175652,-5.5477635570700006],[105.2582215230817,-5.5475826296266959],[105.25822148374527,-5.5474921659046297]]]},"properties":{"FID":135,"Id":136,"gridcode":4}},{"type":"Feature","id":136,"geometry":{"type":"Polygon","coordinates":[[[105.25244333160212,-5.5479469789439557],[105.25244329314337,-5.5478565151820751],[105.25235300643577,-5.547856553709039],[105.25235304488078,-5.5479470174715519],[105.25244333160212,-5.5479469789439557]]]},"properties":{"FID":136,"Id":137,"gridcode":4}},{"type":"Feature","id":137,"geometry":{"type":"Polygon","coordinates":[[[105.25054723398117,-5.5477668575788526],[105.25054731032036,-5.5479477851293391],[105.25081817052059,-5.5479476703321007],[105.25081809409888,-5.547766742785381],[105.25054723398117,-5.5477668575788526]]]},"properties":{"FID":137,"Id":138,"gridcode":4}},{"type":"Feature","id":138,"geometry":{"type":"Polygon","coordinates":[[[105.25054711947713,-5.5474954662510516],[105.25043630704613,-5.5474628772450956],[105.25051619430322,-5.5473902276643159],[105.25054711947713,-5.5474954662510516]],[[105.25081817052059,-5.5479476703321007],[105.25099874398424,-5.5479475937317009],[105.25084750415657,-5.5476717910446878],[105.25060172398734,-5.5474954431201748],[105.25078023063737,-5.5473671350443361],[105.25081786484891,-5.5472239601385898],[105.2508178266428,-5.5471334963631573],[105.25054696681391,-5.5471336111434475],[105.25054704314427,-5.5473145386978011],[105.25027618322717,-5.5473146533578372],[105.25027606885639,-5.5470432620202486],[105.2506372152462,-5.5470431091201666],[105.25063717706887,-5.5469526453429259],[105.25045660390273,-5.5469527218192711],[105.25036631731871,-5.546952760036775],[105.25036624104843,-5.5467718324777024],[105.25027595449129,-5.5467718706801739],[105.25021534382776,-5.5468920435484321],[105.25009545756286,-5.5469528746066121],[105.25009549565769,-5.5470433383876143],[105.25009557184926,-5.5472242659487883],[105.25020242334845,-5.547298118377733],[105.25027629760365,-5.5475860446929408],[105.25039623523023,-5.5476467742949795],[105.25045694727402,-5.5477668958157818],[105.25054723398117,-5.5477668575788526],[105.25081809409888,-5.547766742785381],[105.25081817052059,-5.5479476703321007]]]},"properties":{"FID":138,"Id":139,"gridcode":5}},{"type":"Feature","id":139,"geometry":{"type":"Polygon","coordinates":[[[105.25280447848115,-5.5479468246957575],[105.2527642581524,-5.5475556608146288],[105.25268055685927,-5.547873287445837],[105.25280447848115,-5.5479468246957575]]]},"properties":{"FID":139,"Id":140,"gridcode":5}},{"type":"Feature","id":140,"geometry":{"type":"Polygon","coordinates":[[[105.25298509045876,-5.5480372112467746],[105.25295416482599,-5.5479319728103302],[105.25287427781217,-5.5480046227088202],[105.25298509045876,-5.5480372112467746]]]},"properties":{"FID":140,"Id":141,"gridcode":5}},{"type":"Feature","id":141,"geometry":{"type":"Polygon","coordinates":[[[105.25795085969003,-5.5480350664223224],[105.2579199331892,-5.5479298282860654],[105.25784004681401,-5.5480024788272599],[105.25795085969003,-5.5480350664223224]]]},"properties":{"FID":141,"Id":142,"gridcode":3}},{"type":"Feature","id":142,"geometry":{"type":"Polygon","coordinates":[[[105.25804106776151,-5.5478540995953933],[105.25813140929573,-5.547980276051236],[105.25822164109492,-5.5478540207912381],[105.25813135442854,-5.5478540602002067],[105.25804106776151,-5.5478540995953933]]]},"properties":{"FID":142,"Id":143,"gridcode":2}},{"type":"Feature","id":143,"geometry":{"type":"Polygon","coordinates":[[[105.25280455551061,-5.5481277522136274],[105.25277362990396,-5.5480225137668207],[105.25269374285527,-5.5480951636422668],[105.25280455551061,-5.5481277522136274]]]},"properties":{"FID":143,"Id":144,"gridcode":5}},{"type":"Feature","id":144,"geometry":{"type":"Polygon","coordinates":[[[105.25099874398424,-5.5479475937317009],[105.25099882046351,-5.5481285212748022],[105.25117939397964,-5.5481284446167614],[105.25120958445898,-5.5477969668267901],[105.25135969944178,-5.5474951215155119],[105.25135966115124,-5.5474046577446812],[105.25099851456164,-5.5474048110957641],[105.25099843809251,-5.5472238835482415],[105.25081786484891,-5.5472239601385898],[105.25078023063737,-5.5473671350443361],[105.25060172398734,-5.5474954431201748],[105.25084750415657,-5.5476717910446878],[105.25099874398424,-5.5479475937317009]]]},"properties":{"FID":144,"Id":145,"gridcode":4}},{"type":"Feature","id":145,"geometry":{"type":"Polygon","coordinates":[[[105.25298516754452,-5.5482181387615599],[105.25295424190084,-5.548112900326192],[105.25287435486372,-5.5481855502253596],[105.25298516754452,-5.5482181387615599]]]},"properties":{"FID":145,"Id":146,"gridcode":5}},{"type":"Feature","id":146,"geometry":{"type":"Polygon","coordinates":[[[105.2520823383342,-5.5483089880265135],[105.25214332469486,-5.547936014628374],[105.25198204286299,-5.5477268397944997],[105.25175453377132,-5.5478078060680049],[105.25186229682514,-5.5479866349300089],[105.25199205155529,-5.5483090265015074],[105.2520823383342,-5.5483089880265135]]]},"properties":{"FID":146,"Id":147,"gridcode":4}},{"type":"Feature","id":147,"geometry":{"type":"MultiPolygon","coordinates":[[[[105.25280420889814,-5.5473135783745047],[105.25267700840391,-5.5472256621776888],[105.25276225601591,-5.546741468982975],[105.25280420889814,-5.5473135783745047]]],[[[105.25280428591867,-5.5474945058962444],[105.25269347338309,-5.54746191731875],[105.25277336035015,-5.54738926744567],[105.25280428591867,-5.5474945058962444]]],[[[105.25298501337556,-5.5478562837308845],[105.2528742007632,-5.5478236951911768],[105.25295408775368,-5.5477510452933645],[105.25298501337556,-5.5478562837308845]]],[[[105.25280447848115,-5.5479468246957575],[105.25268055685927,-5.547873287445837],[105.2527642581524,-5.5475556608146288],[105.25280447848115,-5.5479468246957575]]],[[[105.25298509045876,-5.5480372112467746],[105.25287427781217,-5.5480046227088202],[105.25295416482599,-5.5479319728103302],[105.25298509045876,-5.5480372112467746]]],[[[105.25280455551061,-5.5481277522136274],[105.25269374285527,-5.5480951636422668],[105.25277362990396,-5.5480225137668207],[105.25280455551061,-5.5481277522136274]]],[[[105.25298516754452,-5.5482181387615599],[105.25287435486372,-5.5481855502253596],[105.25295424190084,-5.548112900326192],[105.25298516754452,-5.5482181387615599]],[[105.25253377221924,-5.5483087954448065],[105.25307549286026,-5.5483085638919372],[105.25307518441743,-5.5475848538334445],[105.25298489775555,-5.5475848924549762],[105.25295237301535,-5.5476959223791678],[105.25287986533237,-5.5476158787177301],[105.25298489775555,-5.5475848924549762],[105.2530349960047,-5.54636537010831],[105.25298435827143,-5.5463183998011951],[105.25289407180145,-5.5463184384000801],[105.25289399476999,-5.5461375108724242],[105.25280370832688,-5.5461375494562652],[105.25280374682853,-5.5462280132208646],[105.25280378533083,-5.5463184769851868],[105.25271349885958,-5.5463185155565169],[105.25271353734875,-5.5464089793211961],[105.25280382383376,-5.5464089407492345],[105.25280393934638,-5.5466803320397151],[105.25271365282012,-5.5466803706135774],[105.2525660808887,-5.5466069507139943],[105.25253311822992,-5.5467709114848036],[105.2526234047712,-5.5467708729378664],[105.25262382807102,-5.5477659743259116],[105.25253354137845,-5.5477660128798059],[105.25253361832284,-5.5479469404025785],[105.25244333160212,-5.5479469789439557],[105.25250333901936,-5.5480678072825036],[105.25253377221924,-5.5483087954448065]]]]},"properties":{"FID":147,"Id":148,"gridcode":4}},{"type":"Feature","id":148,"geometry":{"type":"Polygon","coordinates":[[[105.2578607301394,-5.5483969606815524],[105.25786069085211,-5.5483064969593885],[105.25777040411435,-5.5483065363164599],[105.25777044338787,-5.5483970000392695],[105.2578607301394,-5.5483969606815524]]]},"properties":{"FID":148,"Id":149,"gridcode":2}},{"type":"Feature","id":149,"geometry":{"type":"Polygon","coordinates":[[[105.2520823383342,-5.5483089880265135],[105.25248300119398,-5.5483747589923702],[105.25253377221924,-5.5483087954448065],[105.25250333901936,-5.5480678072825036],[105.25244333160212,-5.5479469789439557],[105.25235304488078,-5.5479470174715519],[105.25235300643577,-5.547856553709039],[105.25217243301867,-5.5478566307216228],[105.2521723561856,-5.5476757031932422],[105.25181120945379,-5.5476758570479854],[105.25172092276925,-5.5476758954772194],[105.25172088442244,-5.5475854317094608],[105.25163059775102,-5.5475854701242833],[105.25163055941859,-5.5474950063556179],[105.25154027276028,-5.5474950447560296],[105.25154031107895,-5.5475855085253247],[105.25149525679555,-5.5477957980967272],[105.25145002440627,-5.5475855469125861],[105.25144998610136,-5.5474950831426613],[105.25135969944178,-5.5474951215155119],[105.25120958445898,-5.5477969668267901],[105.25117939397964,-5.5481284446167614],[105.25182976801968,-5.5481527411152971],[105.25170483567679,-5.5482824878842747],[105.25199205155529,-5.5483090265015074],[105.25186229682514,-5.5479866349300089],[105.25175453377132,-5.5478078060680049],[105.25198204286299,-5.5477268397944997],[105.25214332469486,-5.547936014628374],[105.2520823383342,-5.5483089880265135]]]},"properties":{"FID":149,"Id":150,"gridcode":5}},{"type":"Feature","id":150,"geometry":{"type":"Polygon","coordinates":[[[105.25786076942731,-5.548487424403441],[105.2578607301394,-5.5483969606815524],[105.25777044338787,-5.5483970000392695],[105.25777048266205,-5.5484874637618038],[105.25786076942731,-5.548487424403441]]]},"properties":{"FID":150,"Id":151,"gridcode":3}},{"type":"Feature","id":151,"geometry":{"type":"Polygon","coordinates":[[[105.25271446128033,-5.5485801095906222],[105.25268353566223,-5.5484748711410541],[105.25260364854361,-5.5485475210065003],[105.25271446128033,-5.5485801095906222]]]},"properties":{"FID":151,"Id":152,"gridcode":4}},{"type":"Feature","id":152,"geometry":{"type":"Polygon","coordinates":[[[105.25749974006494,-5.548758972925941],[105.25777060048846,-5.5487588549277458],[105.25777052193686,-5.548577927484061],[105.25786080871589,-5.5485778881250534],[105.25786076942731,-5.548487424403441],[105.25777048266205,-5.5484874637618038],[105.25777044338787,-5.5483970000392695],[105.25777040411435,-5.5483065363164599],[105.25768011737595,-5.5483065756597476],[105.2576802744189,-5.5486684305519116],[105.2574997008301,-5.5486685092023009],[105.25749974006494,-5.548758972925941]]]},"properties":{"FID":152,"Id":153,"gridcode":4}},{"type":"Feature","id":153,"geometry":{"type":"Polygon","coordinates":[[[105.25786080871589,-5.5485778881250534],[105.25777052193686,-5.548577927484061],[105.25777060048846,-5.5487588549277458],[105.257860887295,-5.5487588155674468],[105.25786080871589,-5.5485778881250534]]]},"properties":{"FID":153,"Id":154,"gridcode":2}},{"type":"Feature","id":154,"geometry":{"type":"Polygon","coordinates":[[[105.25740957092299,-5.5490304034023001],[105.25740953169995,-5.5489399396788448],[105.25731924486264,-5.5489399789715153],[105.25731928407194,-5.5490304426956145],[105.25740957092299,-5.5490304034023001]]]},"properties":{"FID":154,"Id":155,"gridcode":3}},{"type":"Feature","id":155,"geometry":{"type":"Polygon","coordinates":[[[105.25740957092299,-5.5490304034023001],[105.2574998577734,-5.5490303640952021],[105.2574998185366,-5.5489399003723916],[105.25740953169995,-5.5489399396788448],[105.25740957092299,-5.5490304034023001]]]},"properties":{"FID":155,"Id":156,"gridcode":2}},{"type":"Feature","id":156,"geometry":{"type":"Polygon","coordinates":[[[105.25731924486264,-5.5489399789715153],[105.25740953169995,-5.5489399396788448],[105.2574998185366,-5.5489399003723916],[105.25749977930045,-5.5488494366493049],[105.25731920565401,-5.548849515247138],[105.25731924486264,-5.5489399789715153]]]},"properties":{"FID":156,"Id":157,"gridcode":4}},{"type":"Feature","id":157,"geometry":{"type":"Polygon","coordinates":[[[105.25749974006494,-5.548758972925941],[105.25749977930045,-5.5488494366493049],[105.2574998185366,-5.5489399003723916],[105.25774029584332,-5.5488189417124376],[105.25777060048846,-5.5487588549277458],[105.25749974006494,-5.548758972925941]]]},"properties":{"FID":157,"Id":158,"gridcode":3}},{"type":"Feature","id":158,"geometry":{"type":"Polygon","coordinates":[[[105.25722911481071,-5.5493018731477184],[105.25722907561324,-5.549211409423803],[105.25713878873336,-5.549211448690837],[105.25713882791707,-5.5493019124153955],[105.25722911481071,-5.5493018731477184]]]},"properties":{"FID":158,"Id":159,"gridcode":4}},{"type":"Feature","id":159,"geometry":{"type":"Polygon","coordinates":[[[105.25731940170368,-5.549301833866255],[105.25731936249247,-5.5492113701429844],[105.25722907561324,-5.549211409423803],[105.25722911481071,-5.5493018731477184],[105.25731940170368,-5.549301833866255]]]},"properties":{"FID":159,"Id":160,"gridcode":3}},{"type":"Feature","id":160,"geometry":{"type":"Polygon","coordinates":[[[105.25722915400883,-5.5493923368713567],[105.25722911481071,-5.5493018731477184],[105.25713882791707,-5.5493019124153955],[105.25713886710145,-5.5493923761396777],[105.25722915400883,-5.5493923368713567]]]},"properties":{"FID":160,"Id":161,"gridcode":3}},{"type":"Feature","id":161,"geometry":{"type":"Polygon","coordinates":[[[105.25722915400883,-5.5493923368713567],[105.25731944091558,-5.5493922975892493],[105.25731940170368,-5.549301833866255],[105.25722911481071,-5.5493018731477184],[105.25722915400883,-5.5493923368713567]]]},"properties":{"FID":161,"Id":162,"gridcode":1}},{"type":"Feature","id":162,"geometry":{"type":"Polygon","coordinates":[[[105.25695841075917,-5.5496638458100183],[105.2570740285655,-5.5496185636845148],[105.25695837160038,-5.5495733820852777],[105.25695841075917,-5.5496638458100183]]]},"properties":{"FID":162,"Id":163,"gridcode":2}},{"type":"Feature","id":163,"geometry":{"type":"Polygon","coordinates":[[[105.25686812380856,-5.5496638850389148],[105.25691331742975,-5.5497797292298952],[105.25695841075917,-5.5496638458100183],[105.25686812380856,-5.5496638850389148]]]},"properties":{"FID":163,"Id":164,"gridcode":2}},{"type":"Feature","id":164,"geometry":{"type":"Polygon","coordinates":[[[105.25695837160038,-5.5495733820852777],[105.25675080451113,-5.5496114423409502],[105.25686812380856,-5.5496638850389148],[105.25695841075917,-5.5496638458100183],[105.25695837160038,-5.5495733820852777]]]},"properties":{"FID":164,"Id":165,"gridcode":4}},{"type":"Feature","id":165,"geometry":{"type":"Polygon","coordinates":[[[105.25641676720024,-5.5498450084329729],[105.25659734116232,-5.5498449300966834],[105.25668762814239,-5.5498448909078597],[105.25668758902357,-5.5497544271817425],[105.2564167281227,-5.5497545447049283],[105.25641676720024,-5.5498450084329729]]]},"properties":{"FID":165,"Id":166,"gridcode":5}},{"type":"Feature","id":166,"geometry":{"type":"Polygon","coordinates":[[[105.25668762814239,-5.5498448909078597],[105.25671855454321,-5.5499501291072777],[105.25679844131371,-5.549877478703821],[105.25668762814239,-5.5498448909078597]]]},"properties":{"FID":166,"Id":167,"gridcode":2}},{"type":"Feature","id":167,"geometry":{"type":"Polygon","coordinates":[[[105.2564167281227,-5.5497545447049283],[105.25623615418556,-5.5497546229847892],[105.25623623228624,-5.5499355504431689],[105.25632651928265,-5.5499355113088482],[105.25632648021823,-5.5498450475804377],[105.25641676720024,-5.5498450084329729],[105.2564167281227,-5.5497545447049283]]]},"properties":{"FID":167,"Id":168,"gridcode":4}},{"type":"Feature","id":168,"geometry":{"type":"Polygon","coordinates":[[[105.25623631038951,-5.5501164779004428],[105.25623627133756,-5.5500260141719435],[105.25614598432672,-5.5500260532931192],[105.25614602336492,-5.5501165170222597],[105.25623631038951,-5.5501164779004428]]]},"properties":{"FID":168,"Id":169,"gridcode":4}},{"type":"Feature","id":169,"geometry":{"type":"Polygon","coordinates":[[[105.25623631038951,-5.5501164779004428],[105.25632659741343,-5.5501164387648387],[105.25632655834772,-5.5500259750369807],[105.25623627133756,-5.5500260141719435],[105.25623631038951,-5.5501164779004428]]]},"properties":{"FID":169,"Id":170,"gridcode":3}},{"type":"Feature","id":170,"geometry":{"type":"Polygon","coordinates":[[[105.25641676720024,-5.5498450084329729],[105.25641680627842,-5.5499354721607412],[105.25641684535725,-5.5500259358882325],[105.25653673152235,-5.5499651035561817],[105.25659734116232,-5.5498449300966834],[105.25641676720024,-5.5498450084329729]]]},"properties":{"FID":170,"Id":171,"gridcode":4}},{"type":"Feature","id":171,"geometry":{"type":"Polygon","coordinates":[[[105.25569458823233,-5.5501167124245407],[105.25605573633969,-5.5501165561302903],[105.25605565829146,-5.5499356286704504],[105.25576829532932,-5.5500096506215009],[105.25569458823233,-5.5501167124245407]]]},"properties":{"FID":171,"Id":172,"gridcode":4}},{"type":"Feature","id":172,"geometry":{"type":"Polygon","coordinates":[[[105.25614606240377,-5.5502069807511241],[105.25614602336492,-5.5501165170222597],[105.25605573633969,-5.5501165561302903],[105.25605577536479,-5.550207019859795],[105.25614606240377,-5.5502069807511241]]]},"properties":{"FID":172,"Id":173,"gridcode":4}},{"type":"Feature","id":173,"geometry":{"type":"Polygon","coordinates":[[[105.25605565829146,-5.5499356286704504],[105.25605573633969,-5.5501165561302903],[105.25614602336492,-5.5501165170222597],[105.25614598432672,-5.5500260532931192],[105.25623627133756,-5.5500260141719435],[105.25632655834772,-5.5500259750369807],[105.25641684535725,-5.5500259358882325],[105.25641680627842,-5.5499354721607412],[105.25632651928265,-5.5499355113088482],[105.25623623228624,-5.5499355504431689],[105.25605565829146,-5.5499356286704504]]]},"properties":{"FID":173,"Id":174,"gridcode":5}},{"type":"Feature","id":174,"geometry":{"type":"Polygon","coordinates":[[[105.25614606240377,-5.5502069807511241],[105.25623634944212,-5.550206941628665],[105.25623631038951,-5.5501164779004428],[105.25614602336492,-5.5501165170222597],[105.25614606240377,-5.5502069807511241]]]},"properties":{"FID":174,"Id":175,"gridcode":3}},{"type":"Feature","id":175,"geometry":{"type":"Polygon","coordinates":[[[105.25524319198485,-5.5502073712174145],[105.2555140531173,-5.5502072542222933],[105.25551401417476,-5.5501167904889446],[105.25524315308361,-5.5501169074821481],[105.25524319198485,-5.5502073712174145]]]},"properties":{"FID":175,"Id":176,"gridcode":5}},{"type":"Feature","id":176,"geometry":{"type":"Polygon","coordinates":[[[105.25596552733711,-5.5502975226845486],[105.25605581439051,-5.5502974835890235],[105.25605577536479,-5.550207019859795],[105.25596548832515,-5.5502070589546797],[105.25596552733711,-5.5502975226845486]]]},"properties":{"FID":176,"Id":177,"gridcode":2}},{"type":"Feature","id":177,"geometry":{"type":"Polygon","coordinates":[[[105.25569458823233,-5.5501167124245407],[105.25569462720237,-5.5502071761566087],[105.25596548832515,-5.5502070589546797],[105.25605577536479,-5.550207019859795],[105.25605573633969,-5.5501165561302903],[105.25569458823233,-5.5501167124245407]]]},"properties":{"FID":177,"Id":178,"gridcode":5}},{"type":"Feature","id":178,"geometry":{"type":"Polygon","coordinates":[[[105.2549723697072,-5.5502979518253577],[105.25476252947779,-5.5503432741607446],[105.25497240856845,-5.5503884155619874],[105.2549723697072,-5.5502979518253577]]]},"properties":{"FID":178,"Id":179,"gridcode":5}},{"type":"Feature","id":179,"geometry":{"type":"Polygon","coordinates":[[[105.25524315308361,-5.5501169074821481],[105.25497229198665,-5.5501170243512687],[105.2549723697072,-5.5502979518253577],[105.25497240856845,-5.5503884155619874],[105.25524319198485,-5.5502073712174145],[105.25524315308361,-5.5501169074821481]]]},"properties":{"FID":179,"Id":180,"gridcode":4}},{"type":"Feature","id":180,"geometry":{"type":"Polygon","coordinates":[[[105.25533355686157,-5.5503882597012524],[105.25551413100428,-5.5503881816881586],[105.25569470514439,-5.5503881036199152],[105.25569466617306,-5.5502976398884005],[105.25533351794529,-5.550297795967178],[105.25533355686157,-5.5503882597012524]]]},"properties":{"FID":180,"Id":181,"gridcode":5}},{"type":"Feature","id":181,"geometry":{"type":"Polygon","coordinates":[[[105.25533355686157,-5.5503882597012524],[105.25533351794529,-5.550297795967178],[105.25569466617306,-5.5502976398884005],[105.25569470514439,-5.5503881036199152],[105.25581529713392,-5.5503279778709356],[105.25596552733711,-5.5502975226845486],[105.25596548832515,-5.5502070589546797],[105.25569462720237,-5.5502071761566087],[105.25569458823233,-5.5501167124245407],[105.25551401417476,-5.5501167904889446],[105.2555140531173,-5.5502072542222933],[105.25524319198485,-5.5502073712174145],[105.25524326978926,-5.5503882986871176],[105.25533355686157,-5.5503882597012524]]]},"properties":{"FID":181,"Id":182,"gridcode":4}},{"type":"Feature","id":182,"geometry":{"type":"Polygon","coordinates":[[[105.25443072488881,-5.5504791126796409],[105.25470158616247,-5.5504789960510363],[105.25470150852189,-5.5502980685742243],[105.25443064733079,-5.5502981851990034],[105.25443072488881,-5.5504791126796409]]]},"properties":{"FID":182,"Id":183,"gridcode":4}},{"type":"Feature","id":183,"geometry":{"type":"Polygon","coordinates":[[[105.25551413100428,-5.5503881816881586],[105.25560447242971,-5.5505143585262919],[105.25569470514439,-5.5503881036199152],[105.25551413100428,-5.5503881816881586]]]},"properties":{"FID":183,"Id":184,"gridcode":4}},{"type":"Feature","id":184,"geometry":{"type":"Polygon","coordinates":[[[105.25370854414237,-5.5507508143167374],[105.25367761821981,-5.5506455759400719],[105.25359773094891,-5.5507182259422905],[105.25370854414237,-5.5507508143167374]]]},"properties":{"FID":184,"Id":185,"gridcode":4}},{"type":"Feature","id":185,"geometry":{"type":"Polygon","coordinates":[[[105.25425022820868,-5.5506601178451831],[105.25443080244938,-5.5506600401591726],[105.25443072488881,-5.5504791126796409],[105.25425015070316,-5.5504791903631041],[105.25425022820868,-5.5506601178451831]]]},"properties":{"FID":185,"Id":186,"gridcode":4}},{"type":"Feature","id":186,"geometry":{"type":"Polygon","coordinates":[[[105.25406965396543,-5.5506601954760413],[105.25406969269163,-5.5507506592179388],[105.25461141549629,-5.5507504261560845],[105.25453801266794,-5.5506026274655689],[105.25470162498372,-5.5505694597890285],[105.25470158616247,-5.5504789960510363],[105.25443072488881,-5.5504791126796409],[105.25443080244938,-5.5506600401591726],[105.25425022820868,-5.5506601178451831],[105.25406965396543,-5.5506601954760413]]]},"properties":{"FID":186,"Id":187,"gridcode":5}},{"type":"Feature","id":187,"geometry":{"type":"Polygon","coordinates":[[[105.25470162498372,-5.5505694597890285],[105.25453801266794,-5.5506026274655689],[105.25461141549629,-5.5507504261560845],[105.25470170262814,-5.5507503872641824],[105.25470162498372,-5.5505694597890285]]]},"properties":{"FID":187,"Id":188,"gridcode":4}},{"type":"Feature","id":188,"geometry":{"type":"Polygon","coordinates":[[[105.25416009605108,-5.5510220116308924],[105.25425038322746,-5.5510219728060237],[105.2542503444718,-5.5509315090662286],[105.25416005730919,-5.5509315478904613],[105.25416009605108,-5.5510220116308924]]]},"properties":{"FID":188,"Id":189,"gridcode":3}},{"type":"Feature","id":189,"geometry":{"type":"Polygon","coordinates":[[[105.25416005730919,-5.5509315478904613],[105.2542503444718,-5.5509315090662286],[105.25434063163375,-5.5509314702282069],[105.25425029040061,-5.550805293189284],[105.25416005730919,-5.5509315478904613]]]},"properties":{"FID":189,"Id":190,"gridcode":5}},{"type":"Feature","id":190,"geometry":{"type":"Polygon","coordinates":[[[105.25316697566004,-5.5511129015415062],[105.25325726285719,-5.5511128628676838],[105.25325722425228,-5.5510223991211758],[105.2531669370689,-5.5510224377943631],[105.25316697566004,-5.5511129015415062]]]},"properties":{"FID":190,"Id":191,"gridcode":3}},{"type":"Feature","id":191,"geometry":{"type":"Polygon","coordinates":[[[105.25406984760286,-5.5511125141827646],[105.25416013479362,-5.551112475371049],[105.25416009605108,-5.5510220116308924],[105.25406980887408,-5.5510220504419729],[105.25406984760286,-5.5511125141827646]]]},"properties":{"FID":191,"Id":192,"gridcode":3}},{"type":"Feature","id":192,"geometry":{"type":"Polygon","coordinates":[[[105.25370858281417,-5.5508412780609007],[105.25408696786906,-5.5508668621660515],[105.25397025849892,-5.5509880694914635],[105.25406980887408,-5.5510220504419729],[105.25416009605108,-5.5510220116308924],[105.25416005730919,-5.5509315478904613],[105.25425029040061,-5.550805293189284],[105.25434063163375,-5.5509314702282069],[105.2545405445875,-5.5508909437251575],[105.25461141549629,-5.5507504261560845],[105.25406969269163,-5.5507506592179388],[105.25406965396543,-5.5506601954760413],[105.25382913642366,-5.5506906889609997],[105.25370854414237,-5.5507508143167374],[105.25370858281417,-5.5508412780609007]]]},"properties":{"FID":192,"Id":193,"gridcode":4}},{"type":"Feature","id":193,"geometry":{"type":"Polygon","coordinates":[[[105.25370858281417,-5.5508412780609007],[105.2536182956615,-5.5508413168017645],[105.25361841163945,-5.5511127080345037],[105.25370869883341,-5.5511126692917347],[105.25377596020627,-5.5509769447812136],[105.25370858281417,-5.5508412780609007]]]},"properties":{"FID":193,"Id":194,"gridcode":4}},{"type":"Feature","id":194,"geometry":{"type":"Polygon","coordinates":[[[105.25370869883341,-5.5511126692917347],[105.25406984760286,-5.5511125141827646],[105.25406980887408,-5.5510220504419729],[105.25397025849892,-5.5509880694914635],[105.25408696786906,-5.5508668621660515],[105.25370858281417,-5.5508412780609007],[105.25377596020627,-5.5509769447812136],[105.25370869883341,-5.5511126692917347]]]},"properties":{"FID":194,"Id":195,"gridcode":5}},{"type":"Feature","id":195,"geometry":{"type":"Polygon","coordinates":[[[105.25316697566004,-5.5511129015415062],[105.25316705284423,-5.5512938290349618],[105.25325734006893,-5.551293790359872],[105.25325730146274,-5.5512033266139165],[105.25334758867302,-5.551203287925671],[105.2533475500537,-5.5511128241800733],[105.25343783724961,-5.551112785478673],[105.25343779861716,-5.5510223217334325],[105.25325722425228,-5.5510223991211758],[105.25325726285719,-5.5511128628676838],[105.25316697566004,-5.5511129015415062]]]},"properties":{"FID":195,"Id":196,"gridcode":4}},{"type":"Feature","id":196,"geometry":{"type":"Polygon","coordinates":[[[105.25343783724961,-5.551112785478673],[105.2533475500537,-5.5511128241800733],[105.25334758867302,-5.551203287925671],[105.25340003007082,-5.5513207917444838],[105.25343783724961,-5.551112785478673]]]},"properties":{"FID":196,"Id":197,"gridcode":5}},{"type":"Feature","id":197,"geometry":{"type":"Polygon","coordinates":[[[105.25334770453479,-5.5514746791608047],[105.25334766591355,-5.5513842154160367],[105.25325737867576,-5.5513842541055505],[105.25325741728321,-5.5514747178509536],[105.25334770453479,-5.5514746791608047]]]},"properties":{"FID":197,"Id":198,"gridcode":4}},{"type":"Feature","id":198,"geometry":{"type":"Polygon","coordinates":[[[105.25343803042135,-5.5515651042007246],[105.25343799178572,-5.5514746404568669],[105.25334770453479,-5.5514746791608047],[105.25334774315664,-5.5515651429052975],[105.25343803042135,-5.5515651042007246]]]},"properties":{"FID":198,"Id":199,"gridcode":4}},{"type":"Feature","id":199,"geometry":{"type":"Polygon","coordinates":[[[105.25352839498611,-5.5517459929679767],[105.25352835633544,-5.5516555292253074],[105.25343806905761,-5.5516555679443051],[105.25343810769452,-5.5517460316876104],[105.25352839498611,-5.5517459929679767]]]},"properties":{"FID":199,"Id":200,"gridcode":4}},{"type":"Feature","id":200,"geometry":{"type":"Polygon","coordinates":[[[105.25316705284423,-5.5512938290349618],[105.25320263488598,-5.5518294359753666],[105.25356980365028,-5.5519605722024066],[105.25361868227705,-5.5517459542345531],[105.25352839498611,-5.5517459929679767],[105.25343810769452,-5.5517460316876104],[105.25343806905761,-5.5516555679443051],[105.25343803042135,-5.5515651042007246],[105.25334774315664,-5.5515651429052975],[105.25334770453479,-5.5514746791608047],[105.25325741728321,-5.5514747178509536],[105.25325737867576,-5.5513842541055505],[105.25325734006893,-5.551293790359872],[105.25316705284423,-5.5512938290349618]]]},"properties":{"FID":200,"Id":201,"gridcode":5}},{"type":"Feature","id":201,"geometry":{"type":"Polygon","coordinates":[[[105.25352854959519,-5.552107847935889],[105.25349762362244,-5.5520026095563972],[105.2534177361533,-5.5520752595403211],[105.25352854959519,-5.552107847935889]]]},"properties":{"FID":201,"Id":202,"gridcode":5}},{"type":"Feature","id":202,"geometry":{"type":"Polygon","coordinates":[[[105.22445602640821,-5.5522100676246806],[105.22442510552055,-5.5521048275025624],[105.22434521431002,-5.5521774737104339],[105.22445602640821,-5.5522100676246806]]]},"properties":{"FID":202,"Id":203,"gridcode":4}},{"type":"Feature","id":203,"geometry":{"type":"Polygon","coordinates":[[[105.25316751600312,-5.5523793939724699],[105.25352866555872,-5.5523792391589204],[105.25352854959519,-5.552107847935889],[105.2534177361533,-5.5520752595403211],[105.25349762362244,-5.5520026095563972],[105.25352854959519,-5.552107847935889],[105.25370912428656,-5.5521077704501689],[105.25370896956737,-5.5517459154873379],[105.25361868227705,-5.5517459542345531],[105.25356980365028,-5.5519605722024066],[105.25320263488598,-5.5518294359753666],[105.25316705284423,-5.5512938290349618],[105.25307753521314,-5.5513470535441343],[105.25295304660821,-5.5516974077689181],[105.25304741405088,-5.5519723584825105],[105.25301577972992,-5.5520647855342649],[105.25316751600312,-5.5523793939724699]]]},"properties":{"FID":203,"Id":204,"gridcode":4}},{"type":"Feature","id":204,"geometry":{"type":"Polygon","coordinates":[[[105.25316751600312,-5.5523793939724699],[105.25316755460385,-5.5524698577154652],[105.2535287042145,-5.552469702899379],[105.25352866555872,-5.5523792391589204],[105.25316751600312,-5.5523793939724699]]]},"properties":{"FID":204,"Id":205,"gridcode":3}},{"type":"Feature","id":205,"geometry":{"type":"Polygon","coordinates":[[[105.25235704663693,-5.5573552472633461],[105.25232612055338,-5.5572500088441528],[105.25224623225586,-5.5573226586955355],[105.25235704663693,-5.5573552472633461]]]},"properties":{"FID":205,"Id":206,"gridcode":2}},{"type":"Feature","id":206,"geometry":{"type":"Polygon","coordinates":[[[105.24332915668803,-5.5596206316856254],[105.24329823205045,-5.55951539273532],[105.24321834229897,-5.5595880414224776],[105.24332915668803,-5.5596206316856254]]]},"properties":{"FID":206,"Id":207,"gridcode":4}},{"type":"Feature","id":207,"geometry":{"type":"Polygon","coordinates":[[[105.24396117659604,-5.5596203707992364],[105.24393025184766,-5.5595151318869647],[105.24385036217745,-5.5595877806562672],[105.24396117659604,-5.5596203707992364]]]},"properties":{"FID":207,"Id":208,"gridcode":4}},{"type":"Feature","id":208,"geometry":{"type":"Polygon","coordinates":[[[105.24360005955729,-5.5597109837468244],[105.24360002236658,-5.5596205199600375],[105.2434844014975,-5.5596657995675605],[105.24360005955729,-5.5597109837468244]]]},"properties":{"FID":208,"Id":209,"gridcode":5}},{"type":"Feature","id":209,"geometry":{"type":"Polygon","coordinates":[[[105.24287775095863,-5.559711281410384],[105.24282864537803,-5.5595964387500585],[105.24267010042738,-5.559674699127874],[105.24287775095863,-5.559711281410384]]]},"properties":{"FID":209,"Id":210,"gridcode":4}},{"type":"Feature","id":210,"geometry":{"type":"Polygon","coordinates":[[[105.24296807663043,-5.5598017080415527],[105.2429680395356,-5.559711244250777],[105.24287775095863,-5.559711281410384],[105.24287778803966,-5.5598017452017672],[105.24296807663043,-5.5598017080415527]]]},"properties":{"FID":210,"Id":211,"gridcode":4}},{"type":"Feature","id":211,"geometry":{"type":"Polygon","coordinates":[[[105.24296807663043,-5.5598017080415527],[105.24308369756946,-5.5597564285324914],[105.2429680395356,-5.559711244250777],[105.24296807663043,-5.5598017080415527]]]},"properties":{"FID":211,"Id":212,"gridcode":3}},{"type":"Feature","id":212,"geometry":{"type":"Polygon","coordinates":[[[105.24360002236658,-5.5596205199600375],[105.2435154651269,-5.559502418666483],[105.24338176284598,-5.5596524344602489],[105.24350838119774,-5.5598392540163983],[105.24360005955729,-5.5597109837468244],[105.2434844014975,-5.5596657995675605],[105.24360002236658,-5.5596205199600375]]]},"properties":{"FID":212,"Id":213,"gridcode":4}},{"type":"Feature","id":213,"geometry":{"type":"Polygon","coordinates":[[[105.25010114064935,-5.5604319749274449],[105.24998812310389,-5.5602255974148829],[105.2498885762294,-5.5603862550846301],[105.25010114064935,-5.5604319749274449]]]},"properties":{"FID":213,"Id":214,"gridcode":4}},{"type":"Feature","id":214,"geometry":{"type":"Polygon","coordinates":[[[105.25019146748949,-5.5605224003971117],[105.25019142928686,-5.5604319366579489],[105.25010114064935,-5.5604319749274449],[105.25010117883819,-5.5605224386672347],[105.25019146748949,-5.5605224003971117]]]},"properties":{"FID":214,"Id":215,"gridcode":5}},{"type":"Feature","id":215,"geometry":{"type":"Polygon","coordinates":[[[105.25028175614014,-5.5605223621131765],[105.25051140322488,-5.5606366140383727],[105.25055258383054,-5.5604317834418371],[105.25021189642912,-5.56021482038933],[105.25028175614014,-5.5605223621131765]]]},"properties":{"FID":215,"Id":216,"gridcode":4}},{"type":"Feature","id":216,"geometry":{"type":"Polygon","coordinates":[[[105.24351029152605,-5.5609775139975994],[105.24351025434053,-5.5608870502140784],[105.24341996558802,-5.5608870874644767],[105.24342000275976,-5.560977551248607],[105.24351029152605,-5.5609775139975994]]]},"properties":{"FID":216,"Id":217,"gridcode":4}},{"type":"Feature","id":217,"geometry":{"type":"Polygon","coordinates":[[[105.24360058029174,-5.560977476732778],[105.24360054309244,-5.5608870129498671],[105.24351025434053,-5.5608870502140784],[105.24351029152605,-5.5609775139975994],[105.24360058029174,-5.560977476732778]]]},"properties":{"FID":217,"Id":218,"gridcode":3}},{"type":"Feature","id":218,"geometry":{"type":"Polygon","coordinates":[[[105.24423263893077,-5.5610676792705895],[105.24423260163434,-5.5609772154922297],[105.24414231287295,-5.5609772528537507],[105.2441423501556,-5.5610677166327207],[105.24423263893077,-5.5610676792705895]]]},"properties":{"FID":218,"Id":219,"gridcode":3}},{"type":"Feature","id":219,"geometry":{"type":"Polygon","coordinates":[[[105.24432292770533,-5.5610676418946419],[105.2443228903951,-5.5609771781168948],[105.24423260163434,-5.5609772154922297],[105.24423263893077,-5.5610676792705895],[105.24432292770533,-5.5610676418946419]]]},"properties":{"FID":219,"Id":220,"gridcode":2}},{"type":"Feature","id":220,"geometry":{"type":"Polygon","coordinates":[[[105.25010117883819,-5.5605224386672347],[105.25010136979188,-5.5609747573620307],[105.25016131431195,-5.5609443417857891],[105.25028209337252,-5.5607048780863808],[105.25019146748949,-5.5605224003971117],[105.25010117883819,-5.5605224386672347]]]},"properties":{"FID":220,"Id":221,"gridcode":4}},{"type":"Feature","id":221,"geometry":{"type":"Polygon","coordinates":[[[105.25073339082017,-5.5609744891591548],[105.25077858422692,-5.5610903337906761],[105.25082367953597,-5.5609744507892014],[105.25073339082017,-5.5609744891591548]]]},"properties":{"FID":221,"Id":222,"gridcode":4}},{"type":"Feature","id":222,"geometry":{"type":"Polygon","coordinates":[[[105.25064302555492,-5.5607936000457281],[105.25073339082017,-5.5609744891591548],[105.25082367953597,-5.5609744507892014],[105.25079149280967,-5.5607195787727512],[105.25064302555492,-5.5607936000457281]]]},"properties":{"FID":222,"Id":223,"gridcode":5}},{"type":"Feature","id":223,"geometry":{"type":"Polygon","coordinates":[[[105.25064302555492,-5.5607936000457281],[105.25079149280967,-5.5607195787727512],[105.25082367953597,-5.5609744507892014],[105.251035359223,-5.560862624237279],[105.25093222098369,-5.5606502094769121],[105.25064294900864,-5.5606126725750569],[105.25055273686543,-5.560793638386798],[105.25064302555492,-5.5607936000457281]]]},"properties":{"FID":223,"Id":224,"gridcode":4}},{"type":"Feature","id":224,"geometry":{"type":"Polygon","coordinates":[[[105.24351029152605,-5.5609775139975994],[105.2435103287122,-5.5610679777808434],[105.2441423501556,-5.5610677166327207],[105.24414231287295,-5.5609772528537507],[105.24360058029174,-5.560977476732778],[105.24351029152605,-5.5609775139975994]]]},"properties":{"FID":224,"Id":225,"gridcode":4}},{"type":"Feature","id":225,"geometry":{"type":"Polygon","coordinates":[[[105.24946942492554,-5.5611559523727525],[105.24946938682878,-5.561065488630522],[105.24935376618197,-5.5611107693783266],[105.24946942492554,-5.5611559523727525]]]},"properties":{"FID":225,"Id":226,"gridcode":4}},{"type":"Feature","id":226,"geometry":{"type":"Polygon","coordinates":[[[105.2501014079845,-5.5610652211001597],[105.25014660127756,-5.5611810657849849],[105.25019169671852,-5.5610651828262787],[105.2501014079845,-5.5610652211001597]]]},"properties":{"FID":226,"Id":227,"gridcode":4}},{"type":"Feature","id":227,"geometry":{"type":"Polygon","coordinates":[[[105.2501014079845,-5.5610652211001597],[105.25019169671852,-5.5610651828262787],[105.25028198545191,-5.5610651445385839],[105.25028190901212,-5.5608842170645563],[105.25037219771728,-5.5608841787643],[105.25055277512574,-5.5608841021223476],[105.25055273686543,-5.560793638386798],[105.25064294900864,-5.5606126725750569],[105.25064287246488,-5.5604317451032772],[105.25055258383054,-5.5604317834418371],[105.25051140322488,-5.5606366140383727],[105.25028175614014,-5.5605223621131765],[105.25019146748949,-5.5605224003971117],[105.25028209337252,-5.5607048780863808],[105.25016131431195,-5.5609443417857891],[105.25010136979188,-5.5609747573620307],[105.2501014079845,-5.5610652211001597]]]},"properties":{"FID":227,"Id":228,"gridcode":5}},{"type":"Feature","id":228,"geometry":{"type":"Polygon","coordinates":[[[105.25037219771728,-5.5608841787643],[105.25028190901212,-5.5608842170645563],[105.25028198545191,-5.5610651445385839],[105.25037227418464,-5.5610651062370753],[105.25037219771728,-5.5608841787643]]]},"properties":{"FID":228,"Id":229,"gridcode":4}},{"type":"Feature","id":229,"geometry":{"type":"Polygon","coordinates":[[[105.24955975178891,-5.5612463779362749],[105.24955971367774,-5.5611559141949476],[105.24946942492554,-5.5611559523727525],[105.2494694630229,-5.561246416114705],[105.24955975178891,-5.5612463779362749]]]},"properties":{"FID":229,"Id":230,"gridcode":4}},{"type":"Feature","id":230,"geometry":{"type":"Polygon","coordinates":[[[105.24955975178891,-5.5612463779362749],[105.24965004055427,-5.5612463397440308],[105.24965000242932,-5.5611558760033279],[105.24955971367774,-5.5611559141949476],[105.24955975178891,-5.5612463779362749]]]},"properties":{"FID":230,"Id":231,"gridcode":5}},{"type":"Feature","id":231,"geometry":{"type":"Polygon","coordinates":[[[105.24946938682878,-5.561065488630522],[105.24955967556721,-5.5610654504533414],[105.24955971367774,-5.5611559141949476],[105.24965000242932,-5.5611558760033279],[105.24972344387861,-5.5608557460261689],[105.24959824834619,-5.5608276812162014],[105.24946938682878,-5.561065488630522]]]},"properties":{"FID":231,"Id":232,"gridcode":4}},{"type":"Feature","id":232,"geometry":{"type":"Polygon","coordinates":[[[105.2499209068466,-5.5612462250844086],[105.24987571359136,-5.5611303803807903],[105.24983061808311,-5.5612462633180977],[105.2499209068466,-5.5612462250844086]]]},"properties":{"FID":232,"Id":233,"gridcode":4}},{"type":"Feature","id":233,"geometry":{"type":"Polygon","coordinates":[[[105.24351044027431,-5.5613393691289144],[105.24351040308633,-5.5612489053465008],[105.24342011427865,-5.5612489425993372],[105.24342015145285,-5.56133940638236],[105.24351044027431,-5.5613393691289144]]]},"properties":{"FID":233,"Id":234,"gridcode":4}},{"type":"Feature","id":234,"geometry":{"type":"Polygon","coordinates":[[[105.24450350525258,-5.5610675671013059],[105.24457730408324,-5.5611745664916654],[105.24486473512745,-5.5612483448961738],[105.24479170837718,-5.5611038584914354],[105.24450350525258,-5.5610675671013059]]]},"properties":{"FID":234,"Id":235,"gridcode":4}},{"type":"Feature","id":235,"geometry":{"type":"Polygon","coordinates":[[[105.24504535014482,-5.5613387337066253],[105.24500015781864,-5.5612228885878157],[105.24495506133384,-5.5613387711949276],[105.24504535014482,-5.5613387337066253]]]},"properties":{"FID":235,"Id":236,"gridcode":4}},{"type":"Feature","id":236,"geometry":{"type":"Polygon","coordinates":[[[105.24585794941576,-5.5613383956902283],[105.24585791186929,-5.5612479319237451],[105.24576762307768,-5.5612479695357679],[105.24576766061037,-5.5613384333028657],[105.24585794941576,-5.5613383956902283]]]},"properties":{"FID":236,"Id":237,"gridcode":3}},{"type":"Feature","id":237,"geometry":{"type":"Polygon","coordinates":[[[105.25001123379018,-5.5613366505748276],[105.25001119560945,-5.5612461868369047],[105.2499209068466,-5.5612462250844086],[105.24992094501354,-5.5613366888229576],[105.25001123379018,-5.5613366505748276]]]},"properties":{"FID":237,"Id":238,"gridcode":4}},{"type":"Feature","id":238,"geometry":{"type":"Polygon","coordinates":[[[105.25290047430822,-5.5613354193403417],[105.25290043568626,-5.561244955622568],[105.2528101469437,-5.5612449943121458],[105.25281018555188,-5.5613354580305527],[105.25290047430822,-5.5613354193403417]]]},"properties":{"FID":238,"Id":239,"gridcode":5}},{"type":"Feature","id":239,"geometry":{"type":"Polygon","coordinates":[[[105.24558704549258,-5.5612480447183685],[105.2455870829977,-5.5613385084866964],[105.24576766061037,-5.5613384333028657],[105.24576762307768,-5.5612479695357679],[105.24558704549258,-5.5612480447183685]]]},"properties":{"FID":239,"Id":240,"gridcode":4}},{"type":"Feature","id":240,"geometry":{"type":"Polygon","coordinates":[[[105.2501918495505,-5.5614270377735178],[105.25014665622783,-5.5613111930943626],[105.25010156076134,-5.5614270760499043],[105.2501918495505,-5.5614270377735178]]]},"properties":{"FID":240,"Id":241,"gridcode":4}},{"type":"Feature","id":241,"geometry":{"type":"Polygon","coordinates":[[[105.25082387105695,-5.5614267694519874],[105.25092890601731,-5.5613957834533219],[105.2508563968377,-5.5613157396441544],[105.25082387105695,-5.5614267694519874]]]},"properties":{"FID":241,"Id":242,"gridcode":4}},{"type":"Feature","id":242,"geometry":{"type":"Polygon","coordinates":[[[105.2528101469437,-5.5612449943121458],[105.25290043568626,-5.561244955622568],[105.25290047430822,-5.5613354193403417],[105.25302596950088,-5.5612548477029211],[105.25288619722622,-5.561125857591092],[105.2528101469437,-5.5612449943121458]]]},"properties":{"FID":242,"Id":243,"gridcode":4}},{"type":"Feature","id":243,"geometry":{"type":"Polygon","coordinates":[[[105.24477452109167,-5.561429309903664],[105.24495509874306,-5.5614292349672789],[105.24495506133384,-5.5613387711949276],[105.24486477252225,-5.5613388086694151],[105.24477448371005,-5.561338846130087],[105.24477452109167,-5.561429309903664]]]},"properties":{"FID":243,"Id":244,"gridcode":4}},{"type":"Feature","id":244,"geometry":{"type":"Polygon","coordinates":[[[105.24576766061037,-5.5613384333028657],[105.24576769814368,-5.5614288970696881],[105.24603856459939,-5.5614287841884815],[105.24603852702472,-5.5613383204235074],[105.24585794941576,-5.5613383956902283],[105.24576766061037,-5.5613384333028657]]]},"properties":{"FID":244,"Id":245,"gridcode":4}},{"type":"Feature","id":245,"geometry":{"type":"Polygon","coordinates":[[[105.24946957731881,-5.5615178073389018],[105.24943865149076,-5.5614125687698692],[105.24935876228341,-5.5614852182615673],[105.24946957731881,-5.5615178073389018]]]},"properties":{"FID":245,"Id":246,"gridcode":4}},{"type":"Feature","id":246,"geometry":{"type":"Polygon","coordinates":[[[105.24955982801312,-5.5614273054181007],[105.24975974487334,-5.5613867803721684],[105.24983061808311,-5.5612462633180977],[105.24965000242932,-5.5611558760033279],[105.24965004055427,-5.5612463397440308],[105.24955975178891,-5.5612463779362749],[105.24955982801312,-5.5614273054181007]]]},"properties":{"FID":246,"Id":247,"gridcode":4}},{"type":"Feature","id":247,"geometry":{"type":"Polygon","coordinates":[[[105.25082387105695,-5.5614267694519874],[105.25071883608483,-5.5614577554324196],[105.25079134526483,-5.5615377992581623],[105.25082387105695,-5.5614267694519874]]]},"properties":{"FID":247,"Id":248,"gridcode":5}},{"type":"Feature","id":248,"geometry":{"type":"Polygon","coordinates":[[[105.24504535014482,-5.5613387337066253],[105.24504542499145,-5.5615196612498234],[105.24513571382938,-5.561519623746479],[105.24513563895518,-5.5613386962045084],[105.24504535014482,-5.5613387337066253]]]},"properties":{"FID":248,"Id":249,"gridcode":4}},{"type":"Feature","id":249,"geometry":{"type":"Polygon","coordinates":[[[105.24513571382938,-5.561519623746479],[105.24516663890937,-5.561624862574428],[105.24524652867412,-5.5615522136269488],[105.24513571382938,-5.561519623746479]]]},"properties":{"FID":249,"Id":250,"gridcode":4}},{"type":"Feature","id":250,"geometry":{"type":"Polygon","coordinates":[[[105.24477452109167,-5.561429309903664],[105.24468423226506,-5.561429347351134],[105.2446843070026,-5.5616102748986842],[105.2447745958568,-5.5616102374499885],[105.24477452109167,-5.561429309903664]]]},"properties":{"FID":250,"Id":251,"gridcode":4}},{"type":"Feature","id":251,"geometry":{"type":"Polygon","coordinates":[[[105.24378149289095,-5.5617915761844454],[105.24378145565852,-5.561701112405248],[105.24369116678375,-5.5617011497025803],[105.24369120400239,-5.5617916134823879],[105.24378149289095,-5.5617915761844454]]]},"properties":{"FID":251,"Id":252,"gridcode":4}},{"type":"Feature","id":252,"geometry":{"type":"Polygon","coordinates":[[[105.2463094686662,-5.5615191349457866],[105.24634257006215,-5.5616830678206481],[105.24649008396895,-5.5616095232997846],[105.24645698253754,-5.5614455904344187],[105.2463094686662,-5.5615191349457866]]]},"properties":{"FID":252,"Id":253,"gridcode":4}},{"type":"Feature","id":253,"geometry":{"type":"Polygon","coordinates":[[[105.24928911392104,-5.5617892748835152],[105.24925818810829,-5.561684036305186],[105.24917829884259,-5.5617566857744194],[105.24928911392104,-5.5617892748835152]]]},"properties":{"FID":253,"Id":254,"gridcode":4}},{"type":"Feature","id":254,"geometry":{"type":"Polygon","coordinates":[[[105.24965026931721,-5.5617891221824332],[105.24965023118848,-5.5616986584433912],[105.24955994235417,-5.5616986966387616],[105.24955998046912,-5.5617891603784271],[105.24965026931721,-5.5617891221824332]]]},"properties":{"FID":254,"Id":255,"gridcode":4}},{"type":"Feature","id":255,"geometry":{"type":"Polygon","coordinates":[[[105.25046286892174,-5.5617887777967523],[105.25046283066891,-5.5616983140633476],[105.25037254184028,-5.5616983523830603],[105.25037258007931,-5.561788816117093],[105.25046286892174,-5.5617887777967523]]]},"properties":{"FID":255,"Id":256,"gridcode":5}},{"type":"Feature","id":256,"geometry":{"type":"Polygon","coordinates":[[[105.24387181902571,-5.5618820026509956],[105.24387178177888,-5.5617915388726855],[105.24378149289095,-5.5617915761844454],[105.24378153012398,-5.5618820399633657],[105.24387181902571,-5.5618820026509956]]]},"properties":{"FID":256,"Id":257,"gridcode":4}},{"type":"Feature","id":257,"geometry":{"type":"Polygon","coordinates":[[[105.24974055816467,-5.5617890839726227],[105.24978036409871,-5.5614900738602762],[105.2498661912725,-5.5617679786725684],[105.25001138651942,-5.5616985055237533],[105.25001134833616,-5.5616080417869389],[105.25010163715353,-5.5616080035231148],[105.2501918495505,-5.5614270377735178],[105.25010156076134,-5.5614270760499043],[105.25001127197154,-5.561427114312476],[105.25001123379018,-5.5613366505748276],[105.24992094501354,-5.5613366888229576],[105.2499209068466,-5.5612462250844086],[105.24983061808311,-5.5612462633180977],[105.24975974487334,-5.5613867803721684],[105.24955982801312,-5.5614273054181007],[105.24955986612618,-5.5615177691585975],[105.24946957731881,-5.5615178073389018],[105.24955994235417,-5.5616986966387616],[105.24965023118848,-5.5616986584433912],[105.24965026931721,-5.5617891221824332],[105.24974055816467,-5.5617890839726227]]]},"properties":{"FID":257,"Id":258,"gridcode":5}},{"type":"Feature","id":258,"geometry":{"type":"Polygon","coordinates":[[[105.251004601963,-5.5617885475845723],[105.2509593684551,-5.561578296502554],[105.25091431312438,-5.5617885859878093],[105.251004601963,-5.5617885475845723]]]},"properties":{"FID":258,"Id":259,"gridcode":4}},{"type":"Feature","id":259,"geometry":{"type":"Polygon","coordinates":[[[105.24396214518805,-5.5619724291022328],[105.24396210792683,-5.5618819653248099],[105.24387181902571,-5.5618820026509956],[105.24387185627315,-5.5619724664290304],[105.24396214518805,-5.5619724291022328]]]},"properties":{"FID":259,"Id":260,"gridcode":4}},{"type":"Feature","id":260,"geometry":{"type":"Polygon","coordinates":[[[105.24459416757513,-5.561972167427788],[105.2446844564851,-5.5619721299904583],[105.24468441911355,-5.5618816662179302],[105.24459413021737,-5.5618817036546471],[105.24459416757513,-5.561972167427788]]]},"properties":{"FID":260,"Id":261,"gridcode":3}},{"type":"Feature","id":261,"geometry":{"type":"Polygon","coordinates":[[[105.2446843070026,-5.5616102748986842],[105.24450461071845,-5.561701449758055],[105.24459413021737,-5.5618817036546471],[105.24468441911355,-5.5618816662179302],[105.24468438174262,-5.5617912024451241],[105.24477467062439,-5.5617911649952037],[105.24477463324028,-5.5617007012227342],[105.24468434437229,-5.5617007386720427],[105.2446843070026,-5.5616102748986842]]]},"properties":{"FID":261,"Id":262,"gridcode":4}},{"type":"Feature","id":262,"geometry":{"type":"Polygon","coordinates":[[[105.24649012161443,-5.5616999870608437],[105.24649019690726,-5.5618809145821322],[105.24667077467298,-5.5618808391145915],[105.24667069932498,-5.561699911595773],[105.24649012161443,-5.5616999870608437]]]},"properties":{"FID":262,"Id":263,"gridcode":4}},{"type":"Feature","id":263,"geometry":{"type":"Polygon","coordinates":[[[105.24992121219982,-5.5619699349850507],[105.24987601888297,-5.5618540902867739],[105.24983092332603,-5.5619699732237455],[105.24992121219982,-5.5619699349850507]]]},"properties":{"FID":263,"Id":264,"gridcode":5}},{"type":"Feature","id":264,"geometry":{"type":"Polygon","coordinates":[[[105.25037265655931,-5.5619697435843278],[105.25034173054573,-5.5618645050725117],[105.25026184139615,-5.5619371546831387],[105.25037265655931,-5.5619697435843278]]]},"properties":{"FID":264,"Id":265,"gridcode":3}},{"type":"Feature","id":265,"geometry":{"type":"Polygon","coordinates":[[[105.25064352316741,-5.5619696285780957],[105.25064348488574,-5.5618791648464985],[105.25055319603079,-5.5618792031950983],[105.25055323429868,-5.5619696669273226],[105.25064352316741,-5.5619696285780957]]]},"properties":{"FID":265,"Id":266,"gridcode":5}},{"type":"Feature","id":266,"geometry":{"type":"Polygon","coordinates":[[[105.25046286892174,-5.5617887777967523],[105.25055315776355,-5.561788739462596],[105.25055319603079,-5.5618792031950983],[105.25064348488574,-5.5618791648464985],[105.2507005170534,-5.5616460925333842],[105.25049365179237,-5.5615686385110807],[105.25064285418628,-5.5612122947053964],[105.25037227418464,-5.5610651062370753],[105.25046702467847,-5.5614509074481013],[105.25032479316012,-5.5614829177312872],[105.2501918495505,-5.5614270377735178],[105.25010163715353,-5.5616080035231148],[105.25016863849842,-5.5618306319041979],[105.25028225301101,-5.5616983906889574],[105.2501714379035,-5.5616658017679788],[105.25025132702962,-5.5615931521700768],[105.25028225301101,-5.5616983906889574],[105.25037254184028,-5.5616983523830603],[105.25046283066891,-5.5616983140633476],[105.25046286892174,-5.5617887777967523]]]},"properties":{"FID":266,"Id":267,"gridcode":4}},{"type":"Feature","id":267,"geometry":{"type":"Polygon","coordinates":[[[105.24450391600914,-5.5620626686247787],[105.24459420493351,-5.5620626312006536],[105.24459416757513,-5.561972167427788],[105.24450387866453,-5.5619722048513021],[105.24450391600914,-5.5620626686247787]]]},"properties":{"FID":267,"Id":268,"gridcode":4}},{"type":"Feature","id":268,"geometry":{"type":"Polygon","coordinates":[[[105.24531647883761,-5.5619718675422822],[105.24549705664705,-5.5619717924327388],[105.24549701915139,-5.5618813286657334],[105.24538793385878,-5.5617498623190365],[105.24509588581388,-5.5618635480216305],[105.24522618993197,-5.5619719050763283],[105.24527128640557,-5.5618560224511864],[105.24531647883761,-5.5619718675422822]]]},"properties":{"FID":268,"Id":269,"gridcode":4}},{"type":"Feature","id":269,"geometry":{"type":"Polygon","coordinates":[[[105.24558730804138,-5.5618812910908515],[105.24558738306089,-5.5620622186233559],[105.24571331749341,-5.5619717024084636],[105.24558730804138,-5.5618812910908515]]]},"properties":{"FID":269,"Id":270,"gridcode":4}},{"type":"Feature","id":270,"geometry":{"type":"Polygon","coordinates":[[[105.24667077467298,-5.5618808391145915],[105.24667085002346,-5.5620617666323042],[105.24685142784185,-5.5620616911070258],[105.24685135243621,-5.5618807635917848],[105.24667077467298,-5.5618808391145915]]]},"properties":{"FID":270,"Id":271,"gridcode":4}},{"type":"Feature","id":271,"geometry":{"type":"Polygon","coordinates":[[[105.24919897731584,-5.562151167990133],[105.24931459817537,-5.5621058872646101],[105.24919893925353,-5.5620607042490766],[105.24919897731584,-5.562151167990133]]]},"properties":{"FID":271,"Id":272,"gridcode":5}},{"type":"Feature","id":272,"geometry":{"type":"Polygon","coordinates":[[[105.24946980592762,-5.5620605897798185],[105.24936477076295,-5.5620915755267832],[105.24943727984885,-5.5621716195219593],[105.24946980592762,-5.5620605897798185]]]},"properties":{"FID":272,"Id":273,"gridcode":5}},{"type":"Feature","id":273,"geometry":{"type":"Polygon","coordinates":[[[105.24974071074107,-5.5621509389235166],[105.24974067259603,-5.5620604751862093],[105.24965038370719,-5.5620605133978955],[105.24965042183844,-5.5621509771358291],[105.24974071074107,-5.5621509389235166]]]},"properties":{"FID":273,"Id":274,"gridcode":4}},{"type":"Feature","id":274,"geometry":{"type":"Polygon","coordinates":[[[105.24974071074107,-5.5621509389235166],[105.24985633155438,-5.5621056580936905],[105.24974067259603,-5.5620604751862093],[105.24974071074107,-5.5621509389235166]]]},"properties":{"FID":274,"Id":275,"gridcode":5}},{"type":"Feature","id":275,"geometry":{"type":"Polygon","coordinates":[[[105.25118525636657,-5.5619693981925806],[105.25097541169633,-5.5620147193659593],[105.25118529473161,-5.5620598619201322],[105.25118525636657,-5.5619693981925806]]]},"properties":{"FID":275,"Id":276,"gridcode":4}},{"type":"Feature","id":276,"geometry":{"type":"Polygon","coordinates":[[[105.25154648866105,-5.5621501717756949],[105.25154645024021,-5.5620597080509393],[105.25145616136402,-5.5620597465389627],[105.25145619977107,-5.5621502102643481],[105.25154648866105,-5.5621501717756949]]]},"properties":{"FID":276,"Id":277,"gridcode":5}},{"type":"Feature","id":277,"geometry":{"type":"Polygon","coordinates":[[[105.24477474539447,-5.5619720925393121],[105.24483545792076,-5.5620922145651628],[105.24495539803902,-5.5621529451361154],[105.24495532321131,-5.5619720175955685],[105.24477474539447,-5.5619720925393121]]]},"properties":{"FID":277,"Id":278,"gridcode":4}},{"type":"Feature","id":278,"geometry":{"type":"Polygon","coordinates":[[[105.24983092332603,-5.5619699732237455],[105.24987601888297,-5.5618540902867739],[105.24992121219982,-5.5619699349850507],[105.24992128854443,-5.5621508624574414],[105.25001157744516,-5.5621508242036786],[105.25001153925876,-5.5620603604682479],[105.25019211703078,-5.5620602839205233],[105.25019207881742,-5.561969820186067],[105.25001150107298,-5.5619698967325402],[105.25001138651942,-5.5616985055237533],[105.2498661912725,-5.5617679786725684],[105.24978036409871,-5.5614900738602762],[105.24974055816467,-5.5617890839726227],[105.2496672796568,-5.5619369452828726],[105.24983092332603,-5.5619699732237455]]]},"properties":{"FID":278,"Id":279,"gridcode":4}},{"type":"Feature","id":279,"geometry":{"type":"Polygon","coordinates":[[[105.25010190454613,-5.5622412496706266],[105.25010186634528,-5.5621507859360992],[105.25001157744516,-5.5621508242036786],[105.25001161563222,-5.5622412879388321],[105.25010190454613,-5.5622412496706266]]]},"properties":{"FID":279,"Id":280,"gridcode":4}},{"type":"Feature","id":280,"geometry":{"type":"Polygon","coordinates":[[[105.25064363801626,-5.5622410197712249],[105.25073392692573,-5.5622409814062976],[105.25073388862836,-5.5621505176761588],[105.25064359973268,-5.5621505560404589],[105.25064363801626,-5.5622410197712249]]]},"properties":{"FID":280,"Id":281,"gridcode":4}},{"type":"Feature","id":281,"geometry":{"type":"Polygon","coordinates":[[[105.24432341279439,-5.5622436709801493],[105.24450399070017,-5.5622435961709007],[105.24450391600914,-5.5620626686247787],[105.24424953614341,-5.5620949150150416],[105.24432341279439,-5.5622436709801493]]]},"properties":{"FID":281,"Id":282,"gridcode":4}},{"type":"Feature","id":282,"geometry":{"type":"Polygon","coordinates":[[[105.24549709414332,-5.562062256199467],[105.24549716913775,-5.5622431837320914],[105.24558745808291,-5.5622431461547501],[105.24558738306089,-5.5620622186233559],[105.24549709414332,-5.562062256199467]]]},"properties":{"FID":282,"Id":283,"gridcode":4}},{"type":"Feature","id":283,"geometry":{"type":"Polygon","coordinates":[[[105.24567778455315,-5.5623335723282583],[105.24567774702744,-5.5622431085635915],[105.24558745808291,-5.5622431461547501],[105.24558749559483,-5.5623336099200316],[105.24567778455315,-5.5623335723282583]]]},"properties":{"FID":283,"Id":284,"gridcode":3}},{"type":"Feature","id":284,"geometry":{"type":"Polygon","coordinates":[[[105.24576807351087,-5.5623335347226668],[105.24576803597137,-5.5622430709586164],[105.24567774702744,-5.5622431085635915],[105.24567778455315,-5.5623335723282583],[105.24576807351087,-5.5623335347226668]]]},"properties":{"FID":284,"Id":285,"gridcode":4}},{"type":"Feature","id":285,"geometry":{"type":"Polygon","coordinates":[[[105.24919901537876,-5.5622416317309114],[105.24928930429834,-5.5622415935870606],[105.24956017105326,-5.5622414790726049],[105.24956013293517,-5.5621510153343232],[105.24956009481771,-5.5620605515957653],[105.24946980592762,-5.5620605897798185],[105.24943727984885,-5.5621716195219593],[105.24936477076295,-5.5620915755267832],[105.24946980592762,-5.5620605897798185],[105.24946976782456,-5.5619701260403573],[105.24919890119186,-5.5619702405077422],[105.24919893925353,-5.5620607042490766],[105.24931459817537,-5.5621058872646101],[105.24919897731584,-5.562151167990133],[105.24919901537876,-5.5622416317309114]]]},"properties":{"FID":285,"Id":286,"gridcode":4}},{"type":"Feature","id":286,"geometry":{"type":"Polygon","coordinates":[[[105.25064367630047,-5.5623314835017137],[105.25064363801626,-5.5622410197712249],[105.25055334910614,-5.5622410581223347],[105.25055338737656,-5.5623315218534524],[105.25064367630047,-5.5623314835017137]]]},"properties":{"FID":286,"Id":287,"gridcode":4}},{"type":"Feature","id":287,"geometry":{"type":"Polygon","coordinates":[[[105.25064356144973,-5.5620600923094168],[105.2508241392129,-5.5620600155682549],[105.25082417752341,-5.562150479298043],[105.25082421583457,-5.562240943027553],[105.25091450474278,-5.562240904634991],[105.2509143514468,-5.561879049717799],[105.25064348488574,-5.5618791648464985],[105.25064352316741,-5.5619696285780957],[105.25064356144973,-5.5620600923094168]]]},"properties":{"FID":287,"Id":288,"gridcode":4}},{"type":"Feature","id":288,"geometry":{"type":"Polygon","coordinates":[[[105.25136587248718,-5.5620597850131688],[105.25136594927434,-5.5622407124649209],[105.25163681598568,-5.5622405969970723],[105.2516367775504,-5.5621501332732244],[105.25154648866105,-5.5621501717756949],[105.25145619977107,-5.5621502102643481],[105.25145616136402,-5.5620597465389627],[105.25136587248718,-5.5620597850131688]]]},"properties":{"FID":288,"Id":289,"gridcode":4}},{"type":"Feature","id":289,"geometry":{"type":"Polygon","coordinates":[[[105.25226883828987,-5.562240327088487],[105.25244941608534,-5.5622402498473926],[105.25244933896721,-5.5620593224107786],[105.25232944995609,-5.5621201540196044],[105.25226883828987,-5.562240327088487]]]},"properties":{"FID":289,"Id":290,"gridcode":4}},{"type":"Feature","id":290,"geometry":{"type":"Polygon","coordinates":[[[105.24396214518805,-5.5619724291022328],[105.24408208519975,-5.562033159855976],[105.24420351001665,-5.5622734040537276],[105.24432345011324,-5.5623341347540185],[105.24432341279439,-5.5622436709801493],[105.24424953614341,-5.5620949150150416],[105.24450391600914,-5.5620626686247787],[105.24450387866453,-5.5619722048513021],[105.24459416757513,-5.561972167427788],[105.24459413021737,-5.5618817036546471],[105.24450461071845,-5.561701449758055],[105.2446843070026,-5.5616102748986842],[105.24468423226506,-5.561429347351134],[105.24477452109167,-5.561429309903664],[105.24477448371005,-5.561338846130087],[105.24486477252225,-5.5613388086694151],[105.24486473512745,-5.5612483448961738],[105.24457730408324,-5.5611745664916654],[105.24450350525258,-5.5610675671013059],[105.24432292770533,-5.5610676418946419],[105.24423263893077,-5.5610676792705895],[105.2441423501556,-5.5610677166327207],[105.2435103287122,-5.5610679777808434],[105.24351029152605,-5.5609775139975994],[105.24342000275976,-5.560977551248607],[105.24342011427865,-5.5612489425993372],[105.24351040308633,-5.5612489053465008],[105.24351044027431,-5.5613393691289144],[105.24369116678375,-5.5617011497025803],[105.24378145565852,-5.561701112405248],[105.24378149289095,-5.5617915761844454],[105.24387178177888,-5.5617915388726855],[105.24387181902571,-5.5618820026509956],[105.24396210792683,-5.5618819653248099],[105.24396214518805,-5.5619724291022328]]]},"properties":{"FID":290,"Id":291,"gridcode":5}},{"type":"Feature","id":291,"geometry":{"type":"Polygon","coordinates":[[[105.24513605079389,-5.5623337976716369],[105.24509806798987,-5.5621258233421225],[105.24504572440266,-5.5622433714115367],[105.24504576183185,-5.5623338351805049],[105.24513605079389,-5.5623337976716369]]]},"properties":{"FID":291,"Id":292,"gridcode":4}},{"type":"Feature","id":292,"geometry":{"type":"Polygon","coordinates":[[[105.24522633975532,-5.5623337601489506],[105.24540691767632,-5.5623336850621259],[105.24540688019196,-5.5622432212956152],[105.24522630229855,-5.5622432963812107],[105.24522633975532,-5.5623337601489506]]]},"properties":{"FID":292,"Id":293,"gridcode":4}},{"type":"Feature","id":293,"geometry":{"type":"Polygon","coordinates":[[[105.25010190454613,-5.5622412496706266],[105.25010194274759,-5.5623317134048769],[105.25019223167465,-5.5623316751222269],[105.25028252060106,-5.5623316368257587],[105.25028244414361,-5.5621507093594866],[105.25019215524476,-5.5621507476547007],[105.25019211703078,-5.5620602839205233],[105.25001153925876,-5.5620603604682479],[105.25001157744516,-5.5621508242036786],[105.25010186634528,-5.5621507859360992],[105.25010190454613,-5.5622412496706266]]]},"properties":{"FID":293,"Id":294,"gridcode":5}},{"type":"Feature","id":294,"geometry":{"type":"Polygon","coordinates":[[[105.25046313670929,-5.5624220239228386],[105.25055342564761,-5.5624219855842911],[105.25055338737656,-5.5623315218534524],[105.25046309845203,-5.5623315601913719],[105.25046313670929,-5.5624220239228386]]]},"properties":{"FID":294,"Id":295,"gridcode":4}},{"type":"Feature","id":295,"geometry":{"type":"Polygon","coordinates":[[[105.25073400352235,-5.5624219088657432],[105.25073396522373,-5.5623314451361594],[105.25064367630047,-5.5623314835017137],[105.25064371458529,-5.5624219472319263],[105.25073400352235,-5.5624219088657432]]]},"properties":{"FID":295,"Id":296,"gridcode":4}},{"type":"Feature","id":296,"geometry":{"type":"Polygon","coordinates":[[[105.25091450474278,-5.562240904634991],[105.25091454306836,-5.562331368363596],[105.25100483198973,-5.5623313299565877],[105.25118540983057,-5.56233125310112],[105.25136598766888,-5.5623311761903818],[105.25154656550464,-5.5623310992243749],[105.25172714333787,-5.5623310222030966],[105.25172710488818,-5.5622405584801546],[105.25163681598568,-5.5622405969970723],[105.25136594927434,-5.5622407124649209],[105.25136587248718,-5.5620597850131688],[105.25118529473161,-5.5620598619201322],[105.25097541169633,-5.5620147193659593],[105.25118525636657,-5.5619693981925806],[105.25118521800215,-5.5618789344647528],[105.25100464029921,-5.561879011313934],[105.251004601963,-5.5617885475845723],[105.25091431312438,-5.5617885859878093],[105.2509143514468,-5.561879049717799],[105.25091450474278,-5.562240904634991]]]},"properties":{"FID":296,"Id":297,"gridcode":5}},{"type":"Feature","id":297,"geometry":{"type":"Polygon","coordinates":[[[105.24432345011324,-5.5623341347540185],[105.2443725562283,-5.5624489772566799],[105.24453110166057,-5.5623707164060985],[105.24432345011324,-5.5623341347540185]]]},"properties":{"FID":297,"Id":298,"gridcode":4}},{"type":"Feature","id":298,"geometry":{"type":"Polygon","coordinates":[[[105.24594872656048,-5.5625143869948417],[105.24594868899214,-5.5624239232325756],[105.24585840002189,-5.5624239608664174],[105.24585843757643,-5.5625144246292999],[105.24594872656048,-5.5625143869948417]]]},"properties":{"FID":298,"Id":299,"gridcode":4}},{"type":"Feature","id":299,"geometry":{"type":"Polygon","coordinates":[[[105.24919901537876,-5.5622416317309114],[105.24919909150651,-5.5624225592116385],[105.24928938045366,-5.5624225210665399],[105.24928930429834,-5.5622415935870606],[105.24919901537876,-5.5622416317309114]]]},"properties":{"FID":299,"Id":300,"gridcode":5}},{"type":"Feature","id":300,"geometry":{"type":"Polygon","coordinates":[[[105.24974086332753,-5.5625127938699794],[105.24974082517997,-5.5624223301337787],[105.24965053623596,-5.562422368347967],[105.24965057436974,-5.5625128320847921],[105.24974086332753,-5.5625127938699794]]]},"properties":{"FID":300,"Id":301,"gridcode":4}},{"type":"Feature","id":301,"geometry":{"type":"Polygon","coordinates":[[[105.25037277128402,-5.5622411347831031],[105.25037284777034,-5.5624220622475686],[105.25046313670929,-5.5624220239228386],[105.25046309845203,-5.5623315601913719],[105.25055338737656,-5.5623315218534524],[105.25055334910614,-5.5622410581223347],[105.25064363801626,-5.5622410197712249],[105.25064359973268,-5.5621505560404589],[105.25073388862836,-5.5621505176761588],[105.25082417752341,-5.562150479298043],[105.2508241392129,-5.5620600155682549],[105.25064356144973,-5.5620600923094168],[105.25037277128402,-5.5622411347831031]]]},"properties":{"FID":301,"Id":302,"gridcode":5}},{"type":"Feature","id":302,"geometry":{"type":"Polygon","coordinates":[[[105.25082433077183,-5.5625123342144223],[105.25082429245879,-5.5624218704857427],[105.25073400352235,-5.5624219088657432],[105.25073404182163,-5.5625123725950498],[105.25082433077183,-5.5625123342144223]]]},"properties":{"FID":302,"Id":303,"gridcode":4}},{"type":"Feature","id":303,"geometry":{"type":"Polygon","coordinates":[[[105.25136602606405,-5.5624216399155655],[105.25154660392739,-5.5624215629482991],[105.25154656550464,-5.5623310992243749],[105.25136598766888,-5.5623311761903818],[105.25136602606405,-5.5624216399155655]]]},"properties":{"FID":303,"Id":304,"gridcode":4}},{"type":"Feature","id":304,"geometry":{"type":"Polygon","coordinates":[[[105.25163693129529,-5.562511988166956],[105.25172722023918,-5.5625119496481474],[105.2517271817882,-5.5624214859257606],[105.25163689285812,-5.5624215244439386],[105.25163693129529,-5.562511988166956]]]},"properties":{"FID":304,"Id":305,"gridcode":4}},{"type":"Feature","id":305,"geometry":{"type":"Polygon","coordinates":[[[105.2517271817882,-5.5624214859257606],[105.25216249899586,-5.5623898838447978],[105.25208826049185,-5.5622404042743119],[105.25172710488818,-5.5622405584801546],[105.25172714333787,-5.5623310222030966],[105.2517271817882,-5.5624214859257606]]]},"properties":{"FID":305,"Id":306,"gridcode":4}},{"type":"Feature","id":306,"geometry":{"type":"Polygon","coordinates":[[[105.24450414008962,-5.5626054512598193],[105.24447321506698,-5.5625002123977021],[105.24439332508003,-5.5625728612479506],[105.24450414008962,-5.5626054512598193]]]},"properties":{"FID":306,"Id":307,"gridcode":4}},{"type":"Feature","id":307,"geometry":{"type":"Polygon","coordinates":[[[105.24965053623596,-5.562422368347967],[105.24974082517997,-5.5624223301337787],[105.24974086332753,-5.5625127938699794],[105.24981668632368,-5.5624602939954908],[105.24974071074107,-5.5621509389235166],[105.24965042183844,-5.5621509771358291],[105.24956013293517,-5.5621510153343232],[105.24956017105326,-5.5622414790726049],[105.24965053623596,-5.562422368347967]]]},"properties":{"FID":307,"Id":308,"gridcode":5}},{"type":"Feature","id":308,"geometry":{"type":"Polygon","coordinates":[[[105.25001176838668,-5.5626031428766787],[105.24996657499857,-5.5624872981907849],[105.249921479417,-5.5626031811335714],[105.25001176838668,-5.5626031428766787]]]},"properties":{"FID":308,"Id":309,"gridcode":4}},{"type":"Feature","id":309,"geometry":{"type":"Polygon","coordinates":[[[105.250282635292,-5.5626030280230907],[105.25028259706106,-5.5625125642909232],[105.25019230810703,-5.5625126025886447],[105.25019234632418,-5.5626030663214383],[105.250282635292,-5.5626030280230907]]]},"properties":{"FID":309,"Id":310,"gridcode":5}},{"type":"Feature","id":310,"geometry":{"type":"Polygon","coordinates":[[[105.25154664235077,-5.5625120266719454],[105.25159183604464,-5.5626278712226691],[105.25163693129529,-5.562511988166956],[105.25154664235077,-5.5625120266719454]]]},"properties":{"FID":310,"Id":311,"gridcode":4}},{"type":"Feature","id":311,"geometry":{"type":"Polygon","coordinates":[[[105.2525398592812,-5.5626020660734925],[105.25263014823251,-5.5626020274158723],[105.25263010964299,-5.5625115637000766],[105.25253982070548,-5.5625116023570644],[105.2525398592812,-5.5626020660734925]]]},"properties":{"FID":311,"Id":312,"gridcode":4}},{"type":"Feature","id":312,"geometry":{"type":"Polygon","coordinates":[[[105.25253962783641,-5.5620592837707701],[105.25259963683114,-5.562180111976148],[105.25263010964299,-5.5625115637000766],[105.25272039857987,-5.5625115250292705],[105.2527202055729,-5.5620592064493035],[105.25253962783641,-5.5620592837707701]]]},"properties":{"FID":312,"Id":313,"gridcode":4}},{"type":"Feature","id":313,"geometry":{"type":"Polygon","coordinates":[[[105.24603901554391,-5.562514349346567],[105.24603905312665,-5.5626048131079395],[105.24621963111923,-5.5626047377687016],[105.24621959350891,-5.5625142740085618],[105.24603901554391,-5.562514349346567]]]},"properties":{"FID":313,"Id":314,"gridcode":4}},{"type":"Feature","id":314,"geometry":{"type":"Polygon","coordinates":[[[105.24919909150651,-5.5624225592116385],[105.24919916763676,-5.562603486691259],[105.24928945661151,-5.5626034485449107],[105.24928938045366,-5.5624225210665399],[105.24919909150651,-5.5624225592116385]]]},"properties":{"FID":314,"Id":315,"gridcode":4}},{"type":"Feature","id":315,"geometry":{"type":"Polygon","coordinates":[[[105.24992151759341,-5.5626936448679656],[105.249921479417,-5.5626031811335714],[105.2498058585138,-5.5626484619795473],[105.24992151759341,-5.5626936448679656]]]},"properties":{"FID":315,"Id":316,"gridcode":4}},{"type":"Feature","id":316,"geometry":{"type":"Polygon","coordinates":[[[105.25019223167465,-5.5623316751222269],[105.25028259706106,-5.5625125642909232],[105.250282635292,-5.5626030280230907],[105.25037292425917,-5.5626029897109257],[105.25037284777034,-5.5624220622475686],[105.25037277128402,-5.5622411347831031],[105.25037273304183,-5.562150671050456],[105.25028244414361,-5.5621507093594866],[105.25028252060106,-5.5623316368257587],[105.25019223167465,-5.5623316751222269]]]},"properties":{"FID":316,"Id":317,"gridcode":4}},{"type":"Feature","id":317,"geometry":{"type":"Polygon","coordinates":[[[105.25055350219161,-5.5626029130451391],[105.25059275287391,-5.5625459024070558],[105.25082436908552,-5.5626027979428239],[105.25082433077183,-5.5625123342144223],[105.25073404182163,-5.5625123725950498],[105.25073400352235,-5.5624219088657432],[105.25064371458529,-5.5624219472319263],[105.25064367630047,-5.5623314835017137],[105.25055338737656,-5.5623315218534524],[105.25055342564761,-5.5624219855842911],[105.25046313670929,-5.5624220239228386],[105.2504632132257,-5.5626029513849407],[105.25055350219161,-5.5626029130451391]]]},"properties":{"FID":317,"Id":318,"gridcode":5}},{"type":"Feature","id":318,"geometry":{"type":"Polygon","coordinates":[[[105.25100483198973,-5.5623313299565877],[105.25104422408873,-5.5624728324146915],[105.25136610285628,-5.5626025673651025],[105.25136602606405,-5.5624216399155655],[105.25118544819816,-5.5624217168275623],[105.25118540983057,-5.56233125310112],[105.25100483198973,-5.5623313299565877]]]},"properties":{"FID":318,"Id":319,"gridcode":4}},{"type":"Feature","id":319,"geometry":{"type":"Polygon","coordinates":[[[105.25136614125336,-5.5626930310894558],[105.25145643022672,-5.5626929926108417],[105.25145639181586,-5.562602528887119],[105.25136610285628,-5.5626025673651025],[105.25136614125336,-5.5626930310894558]]]},"properties":{"FID":319,"Id":320,"gridcode":4}},{"type":"Feature","id":320,"geometry":{"type":"Polygon","coordinates":[[[105.2521787034696,-5.5626022205657923],[105.25212959585569,-5.5624873787816798],[105.25197105148784,-5.5625656416305578],[105.2521787034696,-5.5626022205657923]]]},"properties":{"FID":320,"Id":321,"gridcode":4}},{"type":"Feature","id":321,"geometry":{"type":"Polygon","coordinates":[[[105.25001184476773,-5.5627840703439393],[105.25001180657689,-5.5626936066104475],[105.24992151759341,-5.5626936448679656],[105.24992155577044,-5.5627841086020835],[105.25001184476773,-5.5627840703439393]]]},"properties":{"FID":321,"Id":322,"gridcode":4}},{"type":"Feature","id":322,"geometry":{"type":"Polygon","coordinates":[[[105.24621963111923,-5.5626047377687016],[105.24629343045423,-5.562711736916703],[105.24658086242979,-5.5627855144389216],[105.24667115145026,-5.5627854766920679],[105.24669401525499,-5.5625370875363247],[105.2468286018149,-5.5624005440257145],[105.24685142784185,-5.5620616911070258],[105.24667085002346,-5.5620617666323042],[105.24667077467298,-5.5618808391145915],[105.24649019690726,-5.5618809145821322],[105.24649012161443,-5.5616999870608437],[105.24649008396895,-5.5616095232997846],[105.24634257006215,-5.5616830678206481],[105.2463094686662,-5.5615191349457866],[105.24615920978067,-5.5614888074742854],[105.24603856459939,-5.5614287841884815],[105.24576769814368,-5.5614288970696881],[105.24576766061037,-5.5613384333028657],[105.2455870829977,-5.5613385084866964],[105.24558704549258,-5.5612480447183685],[105.24513560151901,-5.5612482324331083],[105.24513563895518,-5.5613386962045084],[105.24513571382938,-5.561519623746479],[105.24524652867412,-5.5615522136269488],[105.24516663890937,-5.561624862574428],[105.24513571382938,-5.561519623746479],[105.24504542499145,-5.5615196612498234],[105.24504535014482,-5.5613387337066253],[105.24495506133384,-5.5613387711949276],[105.24495509874306,-5.5614292349672789],[105.24477452109167,-5.561429309903664],[105.2447745958568,-5.5616102374499885],[105.24477463324028,-5.5617007012227342],[105.24477467062439,-5.5617911649952037],[105.24477474539447,-5.5619720925393121],[105.24495532321131,-5.5619720175955685],[105.24495539803902,-5.5621529451361154],[105.24495543545379,-5.5622434089059736],[105.24504572440266,-5.5622433714115367],[105.24509806798987,-5.5621258233421225],[105.24513605079389,-5.5623337976716369],[105.24522633975532,-5.5623337601489506],[105.24522630229855,-5.5622432963812107],[105.24540688019196,-5.5622432212956152],[105.24549716913775,-5.5622431837320914],[105.24549709414332,-5.562062256199467],[105.24549705664705,-5.5619717924327388],[105.24531647883761,-5.5619718675422822],[105.24522618993197,-5.5619719050763283],[105.24509588581388,-5.5618635480216305],[105.24538793385878,-5.5617498623190365],[105.24549701915139,-5.5618813286657334],[105.24558730804138,-5.5618812910908515],[105.24571331749341,-5.5619717024084636],[105.24558738306089,-5.5620622186233559],[105.24558745808291,-5.5622431461547501],[105.24567774702744,-5.5622431085635915],[105.24576803597137,-5.5622430709586164],[105.24576807351087,-5.5623335347226668],[105.24585836246797,-5.5623334971032588],[105.24585840002189,-5.5624239608664174],[105.24594868899214,-5.5624239232325756],[105.24594872656048,-5.5625143869948417],[105.24603901554391,-5.562514349346567],[105.24621959350891,-5.5625142740085618],[105.24621963111923,-5.5626047377687016]]]},"properties":{"FID":322,"Id":323,"gridcode":5}},{"type":"Feature","id":323,"geometry":{"type":"Polygon","coordinates":[[[105.24919916763676,-5.562603486691259],[105.24924440062047,-5.5628137379255431],[105.24928945661151,-5.5626034485449107],[105.24919916763676,-5.562603486691259]]]},"properties":{"FID":323,"Id":324,"gridcode":5}},{"type":"Feature","id":324,"geometry":{"type":"Polygon","coordinates":[[[105.2494701488833,-5.562874763422494],[105.24943922297352,-5.5627695248615003],[105.24935933359066,-5.5628421743581553],[105.2494701488833,-5.562874763422494]]]},"properties":{"FID":324,"Id":325,"gridcode":3}},{"type":"Feature","id":325,"geometry":{"type":"Polygon","coordinates":[[[105.24992151759341,-5.5626936448679656],[105.25001180657689,-5.5626936066104475],[105.25001184476773,-5.5627840703439393],[105.25010213376437,-5.5627840320719759],[105.25010205735576,-5.5626031046059676],[105.25001176838668,-5.5626031428766787],[105.249921479417,-5.5626031811335714],[105.24992151759341,-5.5626936448679656]]]},"properties":{"FID":325,"Id":326,"gridcode":5}},{"type":"Feature","id":326,"geometry":{"type":"Polygon","coordinates":[[[105.25082440739985,-5.5626932616709501],[105.25061683526394,-5.5627313199819319],[105.25073415672321,-5.5627837637813107],[105.25082444571481,-5.5627837253987984],[105.25082440739985,-5.5626932616709501]]]},"properties":{"FID":326,"Id":327,"gridcode":4}},{"type":"Feature","id":327,"geometry":{"type":"Polygon","coordinates":[[[105.25091477303515,-5.5628741507294093],[105.25091473470577,-5.5627836870024669],[105.25082444571481,-5.5627837253987984],[105.25082448403039,-5.5628741891263687],[105.25091477303515,-5.5628741507294093]]]},"properties":{"FID":327,"Id":328,"gridcode":4}},{"type":"Feature","id":328,"geometry":{"type":"Polygon","coordinates":[[[105.25082436908552,-5.5626027979428239],[105.25082440739985,-5.5626932616709501],[105.25082444571481,-5.5627837253987984],[105.25091473470577,-5.5627836870024669],[105.2509146580489,-5.5626027595477492],[105.25082436908552,-5.5626027979428239]]]},"properties":{"FID":328,"Id":329,"gridcode":3}},{"type":"Feature","id":329,"geometry":{"type":"Polygon","coordinates":[[[105.25001192115127,-5.5629649978100923],[105.2501022101755,-5.5629649595368758],[105.25010217196962,-5.5628744958045644],[105.25001188295917,-5.5628745340771539],[105.25001192115127,-5.5629649978100923]]]},"properties":{"FID":329,"Id":330,"gridcode":4}},{"type":"Feature","id":330,"geometry":{"type":"Polygon","coordinates":[[[105.25010205735576,-5.5626031046059676],[105.25010213376437,-5.5627840320719759],[105.25010217196962,-5.5628744958045644],[105.25022206137909,-5.5628136646326745],[105.25028267352356,-5.5626934917549802],[105.250282635292,-5.5626030280230907],[105.25019234632418,-5.5626030663214383],[105.25010205735576,-5.5626031046059676]]]},"properties":{"FID":330,"Id":331,"gridcode":4}},{"type":"Feature","id":331,"geometry":{"type":"Polygon","coordinates":[[[105.2504632132257,-5.5626029513849407],[105.25046325148486,-5.5626934151155769],[105.25046332800505,-5.5628743425760181],[105.25055361701234,-5.5628743042343336],[105.25055350219161,-5.5626029130451391],[105.2504632132257,-5.5626029513849407]]]},"properties":{"FID":331,"Id":332,"gridcode":4}},{"type":"Feature","id":332,"geometry":{"type":"Polygon","coordinates":[[[105.25091481136515,-5.5629646144560754],[105.25103043223444,-5.5629193333942712],[105.25091477303515,-5.5628741507294093],[105.25091481136515,-5.5629646144560754]]]},"properties":{"FID":332,"Id":333,"gridcode":4}},{"type":"Feature","id":333,"geometry":{"type":"Polygon","coordinates":[[[105.25109535104275,-5.5628740738940339],[105.25127592904782,-5.5628739970033827],[105.25127589066327,-5.5627835332789557],[105.25109531268578,-5.5627836101683483],[105.25109535104275,-5.5628740738940339]]]},"properties":{"FID":333,"Id":334,"gridcode":4}},{"type":"Feature","id":334,"geometry":{"type":"Polygon","coordinates":[[[105.25244960889182,-5.5626925684340778],[105.25217874199079,-5.5626926842844711],[105.25217881903508,-5.5628736117209971],[105.25241930304749,-5.5627526549750064],[105.25244960889182,-5.5626925684340778]]]},"properties":{"FID":334,"Id":335,"gridcode":4}},{"type":"Feature","id":335,"geometry":{"type":"Polygon","coordinates":[[[105.24658086242979,-5.5627855144389216],[105.24667122681319,-5.5629664042042375],[105.24676151586061,-5.5629663664423292],[105.2467614404701,-5.5627854389313942],[105.24667115145026,-5.5627854766920679],[105.24658086242979,-5.5627855144389216]]]},"properties":{"FID":335,"Id":336,"gridcode":4}},{"type":"Feature","id":336,"geometry":{"type":"Polygon","coordinates":[[[105.24703242073669,-5.5630567168268863],[105.24703238299912,-5.5629662530736894],[105.24694209395356,-5.5629662908770552],[105.24694213167734,-5.5630567546308702],[105.24703242073669,-5.5630567168268863]]]},"properties":{"FID":336,"Id":337,"gridcode":5}},{"type":"Feature","id":337,"geometry":{"type":"Polygon","coordinates":[[[105.24983138126605,-5.5630555380489781],[105.24992167030533,-5.5630554998027746],[105.2499216321264,-5.562965036069488],[105.24983134310091,-5.5629650743150663],[105.24983138126605,-5.5630555380489781]]]},"properties":{"FID":337,"Id":338,"gridcode":4}},{"type":"Feature","id":338,"geometry":{"type":"Polygon","coordinates":[[[105.25055361701234,-5.5628743042343336],[105.25055365528718,-5.5629647679635115],[105.25073423332744,-5.5629646912374309],[105.250734195025,-5.5628742275095089],[105.25055361701234,-5.5628743042343336]]]},"properties":{"FID":338,"Id":339,"gridcode":4}},{"type":"Feature","id":339,"geometry":{"type":"Polygon","coordinates":[[[105.25073423332744,-5.5629646912374309],[105.25091481136515,-5.5629646144560754],[105.25091477303515,-5.5628741507294093],[105.25082448403039,-5.5628741891263687],[105.25082444571481,-5.5627837253987984],[105.25073415672321,-5.5627837637813107],[105.250734195025,-5.5628742275095089],[105.25073423332744,-5.5629646912374309]]]},"properties":{"FID":339,"Id":340,"gridcode":5}},{"type":"Feature","id":340,"geometry":{"type":"Polygon","coordinates":[[[105.25199827953824,-5.5629641526071358],[105.25217885755819,-5.5629640754388454],[105.25217881903508,-5.5628736117209971],[105.25199824104271,-5.5628736888880255],[105.25199827953824,-5.5629641526071358]]]},"properties":{"FID":340,"Id":341,"gridcode":4}},{"type":"Feature","id":341,"geometry":{"type":"Polygon","coordinates":[[[105.25055373183876,-5.563145695421035],[105.25050853830032,-5.5630298507854228],[105.25046344279011,-5.5631457337646006],[105.25055373183876,-5.563145695421035]]]},"properties":{"FID":341,"Id":342,"gridcode":4}},{"type":"Feature","id":342,"geometry":{"type":"Polygon","coordinates":[[[105.2518177784535,-5.5631451571600614],[105.25190806749266,-5.5631451186092029],[105.25190802900967,-5.5630546548900153],[105.2518177399843,-5.5630546934402441],[105.2518177784535,-5.5631451571600614]]]},"properties":{"FID":342,"Id":343,"gridcode":4}},{"type":"Feature","id":343,"geometry":{"type":"Polygon","coordinates":[[[105.24685176719804,-5.5628758649118906],[105.24685188032799,-5.5631472561751938],[105.24703245847488,-5.5631471805798069],[105.24703242073669,-5.5630567168268863],[105.24694213167734,-5.5630567546308702],[105.24694209395356,-5.5629662908770552],[105.24694205623042,-5.5628758271229621],[105.24685176719804,-5.5628758649118906]]]},"properties":{"FID":343,"Id":344,"gridcode":4}},{"type":"Feature","id":344,"geometry":{"type":"Polygon","coordinates":[[[105.24928968510011,-5.5631462309733761],[105.24925343383599,-5.5629406643974715],[105.24917231636945,-5.5630959663943704],[105.24928968510011,-5.5631462309733761]]]},"properties":{"FID":344,"Id":345,"gridcode":4}},{"type":"Feature","id":345,"geometry":{"type":"Polygon","coordinates":[[[105.25082456066346,-5.5630551165806796],[105.25082459898094,-5.5631455803074203],[105.25109546611743,-5.5631454650694296],[105.25109542775857,-5.5630550013445745],[105.25082456066346,-5.5630551165806796]]]},"properties":{"FID":345,"Id":346,"gridcode":4}},{"type":"Feature","id":346,"geometry":{"type":"Polygon","coordinates":[[[105.24956062851946,-5.563327043910375],[105.24965091760201,-5.563327005703754],[105.24965087946258,-5.5632365419694221],[105.24956059039381,-5.5632365801754178],[105.24956062851946,-5.563327043910375]]]},"properties":{"FID":346,"Id":347,"gridcode":4}},{"type":"Feature","id":347,"geometry":{"type":"Polygon","coordinates":[[[105.25163727725844,-5.5633261616616467],[105.25172756632645,-5.5633261231371662],[105.25172752786976,-5.5632356594172725],[105.25163723881555,-5.5632356979411224],[105.25163727725844,-5.5633261616616467]]]},"properties":{"FID":347,"Id":348,"gridcode":3}},{"type":"Feature","id":348,"geometry":{"type":"Polygon","coordinates":[[[105.24721314992034,-5.5634184961825284],[105.24721311215271,-5.5633280324316772],[105.24712282305323,-5.5633280702651566],[105.24712286080708,-5.5634185340166269],[105.24721314992034,-5.5634184961825284]]]},"properties":{"FID":348,"Id":349,"gridcode":5}},{"type":"Feature","id":349,"geometry":{"type":"Polygon","coordinates":[[[105.25046355758084,-5.563417124950691],[105.25055384667088,-5.5634170866052433],[105.25055380839287,-5.5633266228774509],[105.25046351931663,-5.5633266612222716],[105.25046355758084,-5.563417124950691]]]},"properties":{"FID":349,"Id":350,"gridcode":4}},{"type":"Feature","id":350,"geometry":{"type":"Polygon","coordinates":[[[105.25082471393721,-5.5634169714859789],[105.25079378775723,-5.5633117330100346],[105.25071389847861,-5.5633843826846272],[105.25082471393721,-5.5634169714859789]]]},"properties":{"FID":350,"Id":351,"gridcode":4}},{"type":"Feature","id":351,"geometry":{"type":"Polygon","coordinates":[[[105.25136644845276,-5.5634167408743043],[105.2513355221778,-5.5633115024311106],[105.25125563296896,-5.5633841521760727],[105.25136644845276,-5.5634167408743043]]]},"properties":{"FID":351,"Id":352,"gridcode":4}},{"type":"Feature","id":352,"geometry":{"type":"Polygon","coordinates":[[[105.25163723881555,-5.5632356979411224],[105.25142966655621,-5.5632737565436576],[105.2515469881898,-5.5633262001723072],[105.25163727725844,-5.5633261616616467],[105.25163723881555,-5.5632356979411224]]]},"properties":{"FID":352,"Id":353,"gridcode":4}},{"type":"Feature","id":353,"geometry":{"type":"Polygon","coordinates":[[[105.24667122681319,-5.5629664042042375],[105.24679194777606,-5.5632073548498644],[105.24691188830832,-5.563268085001881],[105.24697260140286,-5.5633882067774731],[105.24703257169318,-5.5634185718369062],[105.24703245847488,-5.5631471805798069],[105.24685188032799,-5.5631472561751938],[105.24685176719804,-5.5628758649118906],[105.24685172948931,-5.5627854011569031],[105.2467614404701,-5.5627854389313942],[105.24676151586061,-5.5629663664423292],[105.24667122681319,-5.5629664042042375]]]},"properties":{"FID":353,"Id":354,"gridcode":5}},{"type":"Feature","id":354,"geometry":{"type":"Polygon","coordinates":[[[105.24703245847488,-5.5631471805798069],[105.24703257169318,-5.5634185718369062],[105.24712286080708,-5.5634185340166269],[105.24712282305323,-5.5633280702651566],[105.24712274754739,-5.5631471427613848],[105.24703245847488,-5.5631471805798069]]]},"properties":{"FID":354,"Id":355,"gridcode":4}},{"type":"Feature","id":355,"geometry":{"type":"Polygon","coordinates":[[[105.24992174666508,-5.5632364272685182],[105.24979581265532,-5.5633269443612514],[105.24992182302735,-5.5634173547331525],[105.24992174666508,-5.5632364272685182]]]},"properties":{"FID":355,"Id":356,"gridcode":4}},{"type":"Feature","id":356,"geometry":{"type":"Polygon","coordinates":[[[105.25001215031705,-5.5635077802019],[105.25001211212117,-5.5634173164706251],[105.24992182302735,-5.5634173547331525],[105.24992186120943,-5.5635078184650526],[105.25001215031705,-5.5635077802019]]]},"properties":{"FID":356,"Id":357,"gridcode":4}},{"type":"Feature","id":357,"geometry":{"type":"Polygon","coordinates":[[[105.25145677595303,-5.5635071661118829],[105.25154706504991,-5.5635071276137831],[105.25154702661952,-5.5634166638931841],[105.25145673753646,-5.5634167023906542],[105.25145677595303,-5.5635071661118829]]]},"properties":{"FID":357,"Id":358,"gridcode":4}},{"type":"Feature","id":358,"geometry":{"type":"Polygon","coordinates":[[[105.24775492243788,-5.563508732634566],[105.24793550068264,-5.5635086567578238],[105.24793542492603,-5.5633277292663177],[105.24775484673644,-5.5633278051405775],[105.24775492243788,-5.563508732634566]]]},"properties":{"FID":358,"Id":359,"gridcode":4}},{"type":"Feature","id":359,"geometry":{"type":"Polygon","coordinates":[[[105.24712286080708,-5.5634185340166269],[105.24716809313578,-5.5636287854344681],[105.24721314992034,-5.5634184961825284],[105.24712286080708,-5.5634185340166269]]]},"properties":{"FID":359,"Id":360,"gridcode":4}},{"type":"Feature","id":360,"geometry":{"type":"Polygon","coordinates":[[[105.24766463331457,-5.5635087705522066],[105.24766467115244,-5.5635992342994065],[105.24793553856189,-5.5635991205031612],[105.24793550068264,-5.5635086567578238],[105.24775492243788,-5.563508732634566],[105.24766463331457,-5.5635087705522066]]]},"properties":{"FID":360,"Id":361,"gridcode":5}},{"type":"Feature","id":361,"geometry":{"type":"Polygon","coordinates":[[[105.25127627453728,-5.5636881705107681],[105.25136656366298,-5.5636881320390508],[105.25136652525894,-5.5635976683177448],[105.25127623614701,-5.5635977067888334],[105.25127627453728,-5.5636881705107681]]]},"properties":{"FID":361,"Id":362,"gridcode":3}},{"type":"Feature","id":362,"geometry":{"type":"Polygon","coordinates":[[[105.25127623614701,-5.5635977067888334],[105.25136652525894,-5.5635976683177448],[105.25145681437023,-5.5635976298328362],[105.25145677595303,-5.5635071661118829],[105.25127619775739,-5.5635072430666215],[105.25127623614701,-5.5635977067888334]]]},"properties":{"FID":362,"Id":363,"gridcode":4}},{"type":"Feature","id":363,"geometry":{"type":"Polygon","coordinates":[[[105.24793561432224,-5.5637800479930055],[105.24789042123311,-5.5636642031384902],[105.24784532515879,-5.5637800859401496],[105.24793561432224,-5.5637800479930055]]]},"properties":{"FID":363,"Id":364,"gridcode":5}},{"type":"Feature","id":364,"geometry":{"type":"Polygon","coordinates":[[[105.24811619264727,-5.5637799720572554],[105.24811615473918,-5.5636895083137139],[105.24800053347376,-5.5637347888198461],[105.24811619264727,-5.5637799720572554]]]},"properties":{"FID":364,"Id":365,"gridcode":5}},{"type":"Feature","id":365,"geometry":{"type":"Polygon","coordinates":[[[105.25001226490845,-5.5637791713940645],[105.25001222671069,-5.563688707663621],[105.24989660560699,-5.5637339885349384],[105.25001226490845,-5.5637791713940645]]]},"properties":{"FID":365,"Id":366,"gridcode":4}},{"type":"Feature","id":366,"geometry":{"type":"Polygon","coordinates":[[[105.2475744198394,-5.5636897359513888],[105.24757445766471,-5.5637801996986536],[105.24775503599473,-5.5637801238734719],[105.24775499814183,-5.563689660127447],[105.2475744198394,-5.5636897359513888]]]},"properties":{"FID":366,"Id":367,"gridcode":5}},{"type":"Feature","id":367,"geometry":{"type":"Polygon","coordinates":[[[105.25037345975173,-5.563869481923394],[105.25037342149815,-5.5637790181957332],[105.25028313235167,-5.5637790565160472],[105.25028317059146,-5.5638695202443351],[105.25037345975173,-5.563869481923394]]]},"properties":{"FID":367,"Id":368,"gridcode":3}},{"type":"Feature","id":368,"geometry":{"type":"Polygon","coordinates":[[[105.25100548385593,-5.5638692132898058],[105.2510054455058,-5.5637787495665396],[105.25091515636375,-5.563778787983602],[105.2509151947001,-5.563869251707497],[105.25100548385593,-5.5638692132898058]]]},"properties":{"FID":368,"Id":369,"gridcode":4}},{"type":"Feature","id":369,"geometry":{"type":"Polygon","coordinates":[[[105.25109577301116,-5.5638691748582945],[105.25118606216573,-5.5638691364129604],[105.25118602378801,-5.5637786726909511],[105.25109573464722,-5.5637787111356563],[105.25109577301116,-5.5638691748582945]]]},"properties":{"FID":369,"Id":370,"gridcode":4}},{"type":"Feature","id":370,"geometry":{"type":"Polygon","coordinates":[[[105.25127623614701,-5.5635977067888334],[105.25118594703444,-5.563597745246101],[105.25118602378801,-5.5637786726909511],[105.25127631292816,-5.5637786342324249],[105.25127627453728,-5.5636881705107681],[105.25127623614701,-5.5635977067888334]]]},"properties":{"FID":370,"Id":371,"gridcode":4}},{"type":"Feature","id":371,"geometry":{"type":"Polygon","coordinates":[[[105.24956085728657,-5.5638698263142974],[105.24977871583683,-5.5638006171264589],[105.24956074290017,-5.5635984351135832],[105.24956085728657,-5.5638698263142974]]]},"properties":{"FID":371,"Id":372,"gridcode":4}},{"type":"Feature","id":372,"geometry":{"type":"Polygon","coordinates":[[[105.25028320883186,-5.5639599839723459],[105.25037349800594,-5.5639599456507778],[105.25037345975173,-5.563869481923394],[105.25028317059146,-5.5638695202443351],[105.25028320883186,-5.5639599839723459]]]},"properties":{"FID":372,"Id":373,"gridcode":4}},{"type":"Feature","id":373,"geometry":{"type":"Polygon","coordinates":[[[105.2506442889338,-5.5637789031518627],[105.25073463152665,-5.5639050806322379],[105.25082486722106,-5.5637788263868435],[105.2506442889338,-5.5637789031518627]]]},"properties":{"FID":373,"Id":374,"gridcode":4}},{"type":"Feature","id":374,"geometry":{"type":"Polygon","coordinates":[[[105.24793561432224,-5.5637800479930055],[105.24786233512951,-5.5639279091002924],[105.24802597927552,-5.5639609375195347],[105.24802594137999,-5.5638704737759266],[105.24811623055599,-5.5638704358005189],[105.24811619264727,-5.5637799720572554],[105.24800053347376,-5.5637347888198461],[105.24811615473918,-5.5636895083137139],[105.24811611683174,-5.5635990445698953],[105.24793553856189,-5.5635991205031612],[105.24766467115244,-5.5635992342994065],[105.24766463331457,-5.5635087705522066],[105.24757434419062,-5.5635088084560271],[105.2475744198394,-5.5636897359513888],[105.24775499814183,-5.563689660127447],[105.24775503599473,-5.5637801238734719],[105.24784532515879,-5.5637800859401496],[105.24789042123311,-5.5636642031384902],[105.24793561432224,-5.5637800479930055]]]},"properties":{"FID":374,"Id":375,"gridcode":4}},{"type":"Feature","id":375,"geometry":{"type":"Polygon","coordinates":[[[105.25019295788442,-5.564050486008453],[105.2502832470729,-5.5640504477000796],[105.25028320883186,-5.5639599839723459],[105.25019291965717,-5.5639600222800931],[105.25019295788442,-5.564050486008453]]]},"properties":{"FID":375,"Id":376,"gridcode":4}},{"type":"Feature","id":376,"geometry":{"type":"Polygon","coordinates":[[[105.24820663350262,-5.5641417890375582],[105.24820659557824,-5.5640513252957451],[105.24811630637528,-5.5640513632862172],[105.24811634428586,-5.5641418270286502],[105.24820663350262,-5.5641417890375582]]]},"properties":{"FID":376,"Id":377,"gridcode":4}},{"type":"Feature","id":377,"geometry":{"type":"Polygon","coordinates":[[[105.24829692271874,-5.5641417510326434],[105.24829688478056,-5.5640512872914512],[105.24820659557824,-5.5640513252957451],[105.24820663350262,-5.5641417890375582],[105.24829692271874,-5.5641417510326434]]]},"properties":{"FID":377,"Id":378,"gridcode":5}},{"type":"Feature","id":378,"geometry":{"type":"Polygon","coordinates":[[[105.24883861998138,-5.5640510589754335],[105.2488838132857,-5.5641669037461732],[105.24892890917931,-5.5640510208743876],[105.24883861998138,-5.5640510589754335]]]},"properties":{"FID":378,"Id":379,"gridcode":5}},{"type":"Feature","id":379,"geometry":{"type":"Polygon","coordinates":[[[105.24929006596479,-5.5640508683319858],[105.2495609335473,-5.5640507537800552],[105.24956085728657,-5.5638698263142974],[105.24936093957909,-5.5639103513276726],[105.24929006596479,-5.5640508683319858]]]},"properties":{"FID":379,"Id":380,"gridcode":4}},{"type":"Feature","id":380,"geometry":{"type":"Polygon","coordinates":[[[105.25073473131656,-5.5641407196752075],[105.25068953765864,-5.5640248750623789],[105.25064444211742,-5.564140758053318],[105.25073473131656,-5.5641407196752075]]]},"properties":{"FID":380,"Id":381,"gridcode":4}},{"type":"Feature","id":381,"geometry":{"type":"Polygon","coordinates":[[[105.24811623055599,-5.5638704358005189],[105.24802594137999,-5.5638704737759266],[105.24802597927552,-5.5639609375195347],[105.24802605506849,-5.5641418650059213],[105.24811634428586,-5.5641418270286502],[105.24811630637528,-5.5640513632862172],[105.24811623055599,-5.5638704358005189]]]},"properties":{"FID":381,"Id":382,"gridcode":5}},{"type":"Feature","id":382,"geometry":{"type":"Polygon","coordinates":[[[105.24829696065756,-5.5642322147735568],[105.24829692271874,-5.5641417510326434],[105.24820663350262,-5.5641417890375582],[105.24820667142764,-5.5642322527790933],[105.24829696065756,-5.5642322147735568]]]},"properties":{"FID":382,"Id":383,"gridcode":4}},{"type":"Feature","id":383,"geometry":{"type":"Polygon","coordinates":[[[105.25037357451625,-5.5641408731047157],[105.2504187681233,-5.5642567177436888],[105.25046386371727,-5.5641408347680716],[105.25037357451625,-5.5641408731047157]]]},"properties":{"FID":383,"Id":384,"gridcode":4}},{"type":"Feature","id":384,"geometry":{"type":"Polygon","coordinates":[[[105.2509151947001,-5.563869251707497],[105.2509456283593,-5.564110239815621],[105.251109664193,-5.5641709503212029],[105.25102857466129,-5.5640047679823903],[105.25109577301116,-5.5638691748582945],[105.25100548385593,-5.5638692132898058],[105.2509151947001,-5.563869251707497]]]},"properties":{"FID":384,"Id":385,"gridcode":3}},{"type":"Feature","id":385,"geometry":{"type":"Polygon","coordinates":[[[105.24811642010893,-5.564322754512685],[105.24820670935327,-5.5643227165203495],[105.24820667142764,-5.5642322527790933],[105.24811638219708,-5.5642322907708071],[105.24811642010893,-5.564322754512685]]]},"properties":{"FID":385,"Id":386,"gridcode":4}},{"type":"Feature","id":386,"geometry":{"type":"Polygon","coordinates":[[[105.24838724988685,-5.5642321767541976],[105.24901927447434,-5.564231910231662],[105.24901919837663,-5.5640509827595208],[105.24892890917931,-5.5640510208743876],[105.2488838132857,-5.5641669037461732],[105.24883861998138,-5.5640510589754335],[105.24846102589625,-5.5640859059338128],[105.24838724988685,-5.5642321767541976]]]},"properties":{"FID":386,"Id":387,"gridcode":4}},{"type":"Feature","id":387,"geometry":{"type":"Polygon","coordinates":[[[105.24910948757331,-5.5640509446308304],[105.24915472065899,-5.5642611958581814],[105.24919977676937,-5.564050906488319],[105.24910948757331,-5.5640509446308304]]]},"properties":{"FID":387,"Id":388,"gridcode":4}},{"type":"Feature","id":388,"geometry":{"type":"Polygon","coordinates":[[[105.25010270690937,-5.5641409880317152],[105.25019304944925,-5.564267165596215],[105.25028328531458,-5.564140911427538],[105.25010270690937,-5.5641409880317152]]]},"properties":{"FID":388,"Id":389,"gridcode":4}},{"type":"Feature","id":389,"geometry":{"type":"Polygon","coordinates":[[[105.24856790430582,-5.5644130281512743],[105.24853697846174,-5.5643077895448609],[105.24845708876359,-5.5643804389297848],[105.24856790430582,-5.5644130281512743]]]},"properties":{"FID":389,"Id":390,"gridcode":4}},{"type":"Feature","id":390,"geometry":{"type":"Polygon","coordinates":[[[105.24820678520642,-5.5645036440020332],[105.24820674727953,-5.5644131802613295],[105.2481164580214,-5.5644132182542876],[105.24811649593448,-5.5645036819956113],[105.24820678520642,-5.5645036440020332]]]},"properties":{"FID":390,"Id":391,"gridcode":4}},{"type":"Feature","id":391,"geometry":{"type":"Polygon","coordinates":[[[105.24874855883516,-5.5645938794869734],[105.24871763294851,-5.5644886408925345],[105.2486377432502,-5.5645612903015875],[105.24874855883516,-5.5645938794869734]]]},"properties":{"FID":391,"Id":392,"gridcode":4}},{"type":"Feature","id":392,"geometry":{"type":"Polygon","coordinates":[[[105.24920000523558,-5.5645936888939307],[105.2491637538913,-5.5643881223251475],[105.24908263621934,-5.5645434243120544],[105.24920000523558,-5.5645936888939307]]]},"properties":{"FID":392,"Id":393,"gridcode":4}},{"type":"Feature","id":393,"geometry":{"type":"Polygon","coordinates":[[[105.25073480793976,-5.564321647123017],[105.25043089042933,-5.5643697702897654],[105.25037376580306,-5.5645931917347076],[105.25069795309464,-5.5643751777468733],[105.25073480793976,-5.564321647123017]]]},"properties":{"FID":393,"Id":394,"gridcode":4}},{"type":"Feature","id":394,"geometry":{"type":"Polygon","coordinates":[[[105.25001268512551,-5.5647742724106628],[105.25001264692081,-5.5646838086832666],[105.24992235763385,-5.5646838469545559],[105.24992239582475,-5.5647743106825782],[105.25001268512551,-5.5647742724106628]]]},"properties":{"FID":394,"Id":395,"gridcode":4}},{"type":"Feature","id":395,"geometry":{"type":"Polygon","coordinates":[[[105.25019322549284,-5.5646837320992182],[105.25014799200291,-5.5644734809725307],[105.25010293620713,-5.5646837703981546],[105.25019322549284,-5.5646837320992182]]]},"properties":{"FID":395,"Id":396,"gridcode":4}},{"type":"Feature","id":396,"geometry":{"type":"Polygon","coordinates":[[[105.2499224340163,-5.5648647744103235],[105.25001272333084,-5.564864736137781],[105.25001268512551,-5.5647742724106628],[105.24992239582475,-5.5647743106825782],[105.2499224340163,-5.5648647744103235]]]},"properties":{"FID":396,"Id":397,"gridcode":3}},{"type":"Feature","id":397,"geometry":{"type":"Polygon","coordinates":[[[105.24983218287947,-5.5649552763971339],[105.24992247220845,-5.5649552381377907],[105.2499224340163,-5.5648647744103235],[105.2498321447011,-5.5648648126690405],[105.24983218287947,-5.5649552763971339]]]},"properties":{"FID":397,"Id":398,"gridcode":3}},{"type":"Feature","id":398,"geometry":{"type":"Polygon","coordinates":[[[105.24856809422246,-5.5648653468395795],[105.24856813220767,-5.564955810576409],[105.24883900021914,-5.5649556963375186],[105.24883896219254,-5.5648652326025578],[105.24856809422246,-5.5648653468395795]]]},"properties":{"FID":398,"Id":399,"gridcode":4}},{"type":"Feature","id":399,"geometry":{"type":"Polygon","coordinates":[[[105.24892925151464,-5.5648651944959031],[105.24892928955505,-5.5649556582302413],[105.24929044689237,-5.564955505662887],[105.24929040879678,-5.5648650419310437],[105.24892925151464,-5.5648651944959031]]]},"properties":{"FID":399,"Id":400,"gridcode":4}},{"type":"Feature","id":400,"geometry":{"type":"Polygon","coordinates":[[[105.24974193171506,-5.5650457783710952],[105.24983222105848,-5.5650457401249502],[105.24983218287947,-5.5649552763971339],[105.24974189354987,-5.5649553146426527],[105.24974193171506,-5.5650457783710952]]]},"properties":{"FID":400,"Id":401,"gridcode":4}},{"type":"Feature","id":401,"geometry":{"type":"Polygon","coordinates":[[[105.24965168052307,-5.5651362803322044],[105.24974196988092,-5.5651362420992587],[105.24974193171506,-5.5650457783710952],[105.24965164237103,-5.5650458166034156],[105.24965168052307,-5.5651362803322044]]]},"properties":{"FID":401,"Id":402,"gridcode":4}},{"type":"Feature","id":402,"geometry":{"type":"Polygon","coordinates":[[[105.24947113993058,-5.5652268204863855],[105.24947110180551,-5.5651363567566223],[105.24938081244578,-5.5651363949480936],[105.24938085055706,-5.5652268586784821],[105.24947113993058,-5.5652268204863855]]]},"properties":{"FID":402,"Id":403,"gridcode":3}},{"type":"Feature","id":403,"geometry":{"type":"Polygon","coordinates":[[[105.24929044689237,-5.564955505662887],[105.24938081244578,-5.5651363949480936],[105.24947110180551,-5.5651363567566223],[105.24947102555726,-5.5649554292962655],[105.24929044689237,-5.564955505662887]]]},"properties":{"FID":403,"Id":404,"gridcode":4}},{"type":"Feature","id":404,"geometry":{"type":"MultiPolygon","coordinates":[[[[105.2521787034696,-5.5626022205657923],[105.25197105148784,-5.5625656416305578],[105.25212959585569,-5.5624873787816798],[105.2521787034696,-5.5626022205657923]]],[[[105.25082471393721,-5.5634169714859789],[105.25071389847861,-5.5633843826846272],[105.25079378775723,-5.5633117330100346],[105.25082471393721,-5.5634169714859789]]],[[[105.25136644845276,-5.5634167408743043],[105.25125563296896,-5.5633841521760727],[105.2513355221778,-5.5633115024311106],[105.25136644845276,-5.5634167408743043]]],[[[105.24856790430582,-5.5644130281512743],[105.24845708876359,-5.5643804389297848],[105.24853697846174,-5.5643077895448609],[105.24856790430582,-5.5644130281512743]]],[[[105.24874855883516,-5.5645938794869734],[105.2486377432502,-5.5645612903015875],[105.24871763294851,-5.5644886408925345],[105.24874855883516,-5.5645938794869734]]],[[[105.24920000523558,-5.5645936888939307],[105.24908263621934,-5.5645434243120544],[105.2491637538913,-5.5643881223251475],[105.24920000523558,-5.5645936888939307]],[[105.24947110180551,-5.5651363567566223],[105.24965168052307,-5.5651362803322044],[105.24965164237103,-5.5650458166034156],[105.24974193171506,-5.5650457783710952],[105.24974189354987,-5.5649553146426527],[105.24983218287947,-5.5649552763971339],[105.2498321447011,-5.5648648126690405],[105.2499224340163,-5.5648647744103235],[105.24992239582475,-5.5647743106825782],[105.24992235763385,-5.5646838469545559],[105.25001264692081,-5.5646838086832666],[105.25010293620713,-5.5646837703981546],[105.25014799200291,-5.5644734809725307],[105.25019322549284,-5.5646837320992182],[105.25037380406233,-5.5646836554598762],[105.25037376580306,-5.5645931917347076],[105.25043089042933,-5.5643697702897654],[105.25073480793976,-5.564321647123017],[105.25080647178129,-5.5641770437585896],[105.25073473131656,-5.5641407196752075],[105.25064444211742,-5.564140758053318],[105.25046386371727,-5.5641408347680716],[105.2504187681233,-5.5642567177436888],[105.25037357451625,-5.5641408731047157],[105.25028328531458,-5.564140911427538],[105.25019304944925,-5.564267165596215],[105.25010270690937,-5.5641409880317152],[105.25010266869529,-5.5640505243030045],[105.25019295788442,-5.564050486008453],[105.25019291965717,-5.5639600222800931],[105.25028320883186,-5.5639599839723459],[105.25028317059146,-5.5638695202443351],[105.25028313235167,-5.5637790565160472],[105.25005156385603,-5.5638361487011752],[105.25001226490845,-5.5637791713940645],[105.24989660560699,-5.5637339885349384],[105.25001222671069,-5.563688707663621],[105.25001215031705,-5.5635077802019],[105.24992186120943,-5.5635078184650526],[105.24992182302735,-5.5634173547331525],[105.24979581265532,-5.5633269443612514],[105.24992174666508,-5.5632364272685182],[105.25046348105305,-5.5632361974935751],[105.25046344279011,-5.5631457337646006],[105.25050853830032,-5.5630298507854228],[105.25055373183876,-5.563145695421035],[105.25055380839287,-5.5633266228774509],[105.25055384667088,-5.5634170866052433],[105.25046355758084,-5.563417124950691],[105.25053743432116,-5.5637050509803432],[105.2506442889338,-5.5637789031518627],[105.25082486722106,-5.5637788263868435],[105.25091515636375,-5.563778787983602],[105.2510054455058,-5.5637787495665396],[105.25100548385593,-5.5638692132898058],[105.25109577301116,-5.5638691748582945],[105.25109573464722,-5.5637787111356563],[105.25118602378801,-5.5637786726909511],[105.25118594703444,-5.563597745246101],[105.25127623614701,-5.5635977067888334],[105.25127619775739,-5.5635072430666215],[105.25145677595303,-5.5635071661118829],[105.25145673753646,-5.5634167023906542],[105.25154702661952,-5.5634166638931841],[105.2515469881898,-5.5633262001723072],[105.25142966655621,-5.5632737565436576],[105.25163723881555,-5.5632356979411224],[105.25172752786976,-5.5632356594172725],[105.25181781692336,-5.5632356208796034],[105.2518177784535,-5.5631451571600614],[105.2518177399843,-5.5630546934402441],[105.25190802900967,-5.5630546548900153],[105.2519983180344,-5.5630546163259682],[105.25199827953824,-5.5629641526071358],[105.25199824104271,-5.5628736888880255],[105.25217881903508,-5.5628736117209971],[105.25217874199079,-5.5626926842844711],[105.25244960889182,-5.5626925684340778],[105.25253989785756,-5.5626925297896435],[105.2525398592812,-5.5626020660734925],[105.25253982070548,-5.5625116023570644],[105.25263010964299,-5.5625115637000766],[105.25259963683114,-5.562180111976148],[105.25253962783641,-5.5620592837707701],[105.25244933896721,-5.5620593224107786],[105.25244941608534,-5.5622402498473926],[105.25226883828987,-5.562240327088487],[105.25208826049185,-5.5622404042743119],[105.25216249899586,-5.5623898838447978],[105.2517271817882,-5.5624214859257606],[105.25172722023918,-5.5625119496481474],[105.25163693129529,-5.562511988166956],[105.25159183604464,-5.5626278712226691],[105.25154664235077,-5.5625120266719454],[105.25145635340563,-5.5625120651631184],[105.25145639181586,-5.562602528887119],[105.25145643022672,-5.5626929926108417],[105.25136614125336,-5.5626930310894558],[105.25127585227935,-5.5626930695542507],[105.25127589066327,-5.5627835332789557],[105.25127592904782,-5.5628739970033827],[105.25109535104275,-5.5628740738940339],[105.25109542775857,-5.5630550013445745],[105.25109546611743,-5.5631454650694296],[105.25082459898094,-5.5631455803074203],[105.25082456066346,-5.5630551165806796],[105.25073427163049,-5.5630551549650757],[105.25073423332744,-5.5629646912374309],[105.25055365528718,-5.5629647679635115],[105.25055361701234,-5.5628743042343336],[105.25046332800505,-5.5628743425760181],[105.25046325148486,-5.5626934151155769],[105.25028267352356,-5.5626934917549802],[105.25022206137909,-5.5628136646326745],[105.25010217196962,-5.5628744958045644],[105.2501022101755,-5.5629649595368758],[105.25001192115127,-5.5629649978100923],[105.2499216321264,-5.562965036069488],[105.24992167030533,-5.5630554998027746],[105.24983138126605,-5.5630555380489781],[105.24974109222613,-5.5630555762813616],[105.2497411685307,-5.5632365037496081],[105.24965087946258,-5.5632365419694221],[105.24965091760201,-5.563327005703754],[105.24956062851946,-5.563327043910375],[105.24956074290017,-5.5635984351135832],[105.24977871583683,-5.5638006171264589],[105.24956085728657,-5.5638698263142974],[105.2495609335473,-5.5640507537800552],[105.24929006596479,-5.5640508683319858],[105.24919977676937,-5.564050906488319],[105.24915472065899,-5.5642611958581814],[105.24910948757331,-5.5640509446308304],[105.24901919837663,-5.5640509827595208],[105.24901927447434,-5.564231910231662],[105.24838724988685,-5.5642321767541976],[105.24829696065756,-5.5642322147735568],[105.24820667142764,-5.5642322527790933],[105.24820670935327,-5.5643227165203495],[105.24811642010893,-5.564322754512685],[105.2481164580214,-5.5644132182542876],[105.24820674727953,-5.5644131802613295],[105.24820678520642,-5.5645036440020332],[105.24825099855386,-5.564783956767827],[105.24856809422246,-5.5648653468395795],[105.24883896219254,-5.5648652326025578],[105.24892925151464,-5.5648651944959031],[105.24929040879678,-5.5648650419310437],[105.24929044689237,-5.564955505662887],[105.24947102555726,-5.5649554292962655],[105.24947110180551,-5.5651363567566223]]]]},"properties":{"FID":404,"Id":405,"gridcode":5}},{"type":"Feature","id":405,"geometry":{"type":"Polygon","coordinates":[[[105.24947113993058,-5.5652268204863855],[105.24965171867574,-5.5652267440607188],[105.24965168052307,-5.5651362803322044],[105.24947110180551,-5.5651363567566223],[105.24947113993058,-5.5652268204863855]]]},"properties":{"FID":405,"Id":406,"gridcode":4}}]
}