{
  "type" : "FeatureCollection",
  "features" : [{"type":"Feature","id":0,"geometry":{"type":"Polygon","coordinates":[[[105.24657315375691,-5.5442404384433823],[105.24652796258732,-5.5441245933301202],[105.2464828675584,-5.5442404760498665],[105.24657315375691,-5.5442404384433823]]]},"properties":{"FID":0,"Id":1,"gridcode":4}},{"type":"Feature","id":1,"geometry":{"type":"Polygon","coordinates":[[[105.2464828675584,-5.5442404760498665],[105.24652805872917,-5.5443563211661209],[105.24657315375691,-5.5442404384433823],[105.2464828675584,-5.5442404760498665]]]},"properties":{"FID":1,"Id":2,"gridcode":5}},{"type":"Feature","id":2,"geometry":{"type":"Polygon","coordinates":[[[105.26101897709033,-5.5443247077306879],[105.26098805027725,-5.5442194697580565],[105.26090816477448,-5.5442921206816624],[105.26101897709033,-5.5443247077306879]]]},"properties":{"FID":2,"Id":3,"gridcode":3}},{"type":"Feature","id":3,"geometry":{"type":"Polygon","coordinates":[[[105.26110922344668,-5.544234204195007],[105.26128979563556,-5.5442341245060485],[105.26119945405983,-5.5441079485212752],[105.26110922344668,-5.544234204195007]]]},"properties":{"FID":3,"Id":4,"gridcode":2}},{"type":"Feature","id":4,"geometry":{"type":"Polygon","coordinates":[[[105.26110922344668,-5.544234204195007],[105.26110926319951,-5.5443246679062126],[105.26119954930803,-5.5443246280679652],[105.26138012152308,-5.5443245483501533],[105.26138008172902,-5.5442340846409097],[105.26128979563556,-5.5442341245060485],[105.26110922344668,-5.544234204195007]]]},"properties":{"FID":4,"Id":5,"gridcode":4}},{"type":"Feature","id":5,"geometry":{"type":"Polygon","coordinates":[[[105.24675383885591,-5.5445117546251819],[105.24672291452411,-5.5444065157924882],[105.24664302716519,-5.5444791648712215],[105.24675383885591,-5.5445117546251819]]]},"properties":{"FID":5,"Id":6,"gridcode":4}},{"type":"Feature","id":6,"geometry":{"type":"Polygon","coordinates":[[[105.26119954930803,-5.5443246280679652],[105.26119958907526,-5.5444150917782391],[105.26128987519687,-5.5444150519255651],[105.26156073355772,-5.5444149322849059],[105.26150001969469,-5.5442948119778253],[105.26138008172902,-5.5442340846409097],[105.26138012152308,-5.5443245483501533],[105.26119954930803,-5.5443246280679652]]]},"properties":{"FID":6,"Id":7,"gridcode":3}},{"type":"Feature","id":7,"geometry":{"type":"Polygon","coordinates":[[[105.26165105951331,-5.5445053560838664],[105.26165101967669,-5.5444148923771417],[105.26156073355772,-5.5444149322849059],[105.26156077338059,-5.5445053959922861],[105.26165105951331,-5.5445053560838664]]]},"properties":{"FID":7,"Id":8,"gridcode":3}},{"type":"Feature","id":8,"geometry":{"type":"Polygon","coordinates":[[[105.24657330391996,-5.544602293695883],[105.24654237961433,-5.5444970548528625],[105.24646249222056,-5.5445697039085298],[105.24657330391996,-5.544602293695883]]]},"properties":{"FID":8,"Id":9,"gridcode":4}},{"type":"Feature","id":9,"geometry":{"type":"Polygon","coordinates":[[[105.24657341654878,-5.5448736851323579],[105.24654249222688,-5.5447684462909343],[105.2464626047981,-5.544841095347576],[105.24657341654878,-5.5448736851323579]]]},"properties":{"FID":9,"Id":10,"gridcode":4}},{"type":"Feature","id":10,"geometry":{"type":"Polygon","coordinates":[[[105.24675398913639,-5.5448736098694269],[105.24686960689502,-5.5448283297381016],[105.24675395156534,-5.54478314605878],[105.24675398913639,-5.5448736098694269]]]},"properties":{"FID":10,"Id":11,"gridcode":4}},{"type":"Feature","id":11,"geometry":{"type":"Polygon","coordinates":[[[105.21596636135966,-5.5449761100793786],[105.21593544238671,-5.5448708694130158],[105.21585555103046,-5.5449435144943662],[105.21596636135966,-5.5449761100793786]]]},"properties":{"FID":11,"Id":12,"gridcode":4}},{"type":"Feature","id":12,"geometry":{"type":"Polygon","coordinates":[[[105.24675395156534,-5.54478314605878],[105.24669898102174,-5.5446650476390626],[105.24666374040083,-5.5449641113187669],[105.24675402670808,-5.5449640736797967],[105.24675398913639,-5.5448736098694269],[105.24675395156534,-5.54478314605878]]]},"properties":{"FID":12,"Id":13,"gridcode":5}},{"type":"Feature","id":13,"geometry":{"type":"Polygon","coordinates":[[[105.25334496401599,-5.5450517525954597],[105.25331403849981,-5.5449465141630547],[105.25323415191717,-5.5450191640970976],[105.25334496401599,-5.5450517525954597]]]},"properties":{"FID":13,"Id":14,"gridcode":4}},{"type":"Feature","id":14,"geometry":{"type":"Polygon","coordinates":[[[105.24666374040083,-5.5449641113187669],[105.24655275687658,-5.5450077456906497],[105.24670872796132,-5.5450800276129177],[105.24675402670808,-5.5449640736797967],[105.24666374040083,-5.5449641113187669]]]},"properties":{"FID":14,"Id":15,"gridcode":4}},{"type":"Feature","id":15,"geometry":{"type":"Polygon","coordinates":[[[105.26128987519687,-5.5444150519255651],[105.26128991497851,-5.5445055156349081],[105.26147048724722,-5.5445054358869328],[105.26147072611587,-5.5450482181293408],[105.26165000069179,-5.5449572484538763],[105.26158394527864,-5.5448218776970508],[105.26165113918853,-5.5446862834964872],[105.26165105951331,-5.5445053560838664],[105.26156077338059,-5.5445053959922861],[105.26156073355772,-5.5444149322849059],[105.26128987519687,-5.5444150519255651]]]},"properties":{"FID":15,"Id":16,"gridcode":4}},{"type":"Feature","id":16,"geometry":{"type":"Polygon","coordinates":[[[105.24657356672927,-5.5452355403771243],[105.24667859911634,-5.5452045552355873],[105.24660609256354,-5.5451245107467395],[105.24657356672927,-5.5452355403771243]]]},"properties":{"FID":16,"Id":17,"gridcode":4}},{"type":"Feature","id":17,"geometry":{"type":"Polygon","coordinates":[[[105.26147072611587,-5.5450482181293408],[105.26131558609863,-5.5450737578479776],[105.261264800833,-5.5452037653362138],[105.26108477927451,-5.5452745478442251],[105.26119998678388,-5.5453197288657883],[105.26138055930136,-5.5453196491335817],[105.26141082360195,-5.5451690984747684],[105.26147072611587,-5.5450482181293408]]]},"properties":{"FID":17,"Id":18,"gridcode":4}},{"type":"Feature","id":18,"geometry":{"type":"Polygon","coordinates":[[[105.26147072611587,-5.5450482181293408],[105.26141082360195,-5.5451690984747684],[105.26138055930136,-5.5453196491335817],[105.26167141147539,-5.5451182490174684],[105.26177834036062,-5.5447741977351122],[105.26165113918853,-5.5446862834964872],[105.26158394527864,-5.5448218776970508],[105.26165000069179,-5.5449572484538763],[105.26147072611587,-5.5450482181293408]]]},"properties":{"FID":18,"Id":19,"gridcode":3}},{"type":"Feature","id":19,"geometry":{"type":"Polygon","coordinates":[[[105.24657356672927,-5.5452355403771243],[105.24635746125814,-5.5452975470377543],[105.24651055074541,-5.5454567224165556],[105.24657356672927,-5.5452355403771243]]]},"properties":{"FID":19,"Id":20,"gridcode":4}},{"type":"Feature","id":20,"geometry":{"type":"Polygon","coordinates":[[[105.2610194937584,-5.5455007359597062],[105.26101945401076,-5.5454102722514396],[105.26092916773597,-5.5454103120699836],[105.26092920746986,-5.5455007757789048],[105.2610194937584,-5.5455007359597062]]]},"properties":{"FID":20,"Id":21,"gridcode":5}},{"type":"Feature","id":21,"geometry":{"type":"Polygon","coordinates":[[[105.25316462276901,-5.5455946124600493],[105.25313369725171,-5.5454893740199749],[105.25305381057592,-5.5455620239326855],[105.25316462276901,-5.5455946124600493]]]},"properties":{"FID":21,"Id":22,"gridcode":5}},{"type":"Feature","id":22,"geometry":{"type":"Polygon","coordinates":[[[105.26110981980834,-5.5455911598340712],[105.26110978004628,-5.5455006961267337],[105.2610194937584,-5.5455007359597062],[105.26101953350671,-5.5455911996676983],[105.26110981980834,-5.5455911598340712]]]},"properties":{"FID":22,"Id":23,"gridcode":2}},{"type":"Feature","id":23,"geometry":{"type":"Polygon","coordinates":[[[105.26110981980834,-5.5455911598340712],[105.26120010610931,-5.5455911199866685],[105.26120006633352,-5.5455006562799856],[105.26110978004628,-5.5455006961267337],[105.26110981980834,-5.5455911598340712]]]},"properties":{"FID":23,"Id":24,"gridcode":3}},{"type":"Feature","id":24,"geometry":{"type":"Polygon","coordinates":[[[105.2610194937584,-5.5455007359597062],[105.26110978004628,-5.5455006961267337],[105.26120006633352,-5.5455006562799856],[105.26120002655837,-5.5454101925730255],[105.26101945401076,-5.5454102722514396],[105.2610194937584,-5.5455007359597062]]]},"properties":{"FID":24,"Id":25,"gridcode":4}},{"type":"Feature","id":25,"geometry":{"type":"Polygon","coordinates":[[[105.26119998678388,-5.5453197288657883],[105.26120002655837,-5.5454101925730255],[105.26120006633352,-5.5455006562799856],[105.26131995107144,-5.5454398230347257],[105.26138055930136,-5.5453196491335817],[105.26119998678388,-5.5453197288657883]]]},"properties":{"FID":25,"Id":26,"gridcode":3}},{"type":"Feature","id":26,"geometry":{"type":"Polygon","coordinates":[[[105.26074875401396,-5.5457722465049981],[105.26074871430558,-5.5456817827956],[105.26065842798756,-5.5456818225747773],[105.26065846768219,-5.5457722862848291],[105.26074875401396,-5.5457722465049981]]]},"properties":{"FID":26,"Id":27,"gridcode":2}},{"type":"Feature","id":27,"geometry":{"type":"Polygon","coordinates":[[[105.26083904034508,-5.5457722067113924],[105.26083900062294,-5.5456817430026462],[105.26074871430558,-5.5456817827956],[105.26074875401396,-5.5457722465049981],[105.26083904034508,-5.5457722067113924]]]},"properties":{"FID":27,"Id":28,"gridcode":3}},{"type":"Feature","id":28,"geometry":{"type":"Polygon","coordinates":[[[105.26092932667551,-5.5457721669040101],[105.26092928693963,-5.5456817031959185],[105.26083900062294,-5.5456817430026462],[105.26083904034508,-5.5457722067113924],[105.26092932667551,-5.5457721669040101]]]},"properties":{"FID":28,"Id":29,"gridcode":2}},{"type":"Feature","id":29,"geometry":{"type":"Polygon","coordinates":[[[105.2605681416689,-5.545681862340178],[105.26065842798756,-5.5456818225747773],[105.26074871430558,-5.5456817827956],[105.26083900062294,-5.5456817430026462],[105.26092928693963,-5.5456817031959185],[105.26092924720442,-5.5455912394875497],[105.26101953350671,-5.5455911996676983],[105.2610194937584,-5.5455007359597062],[105.26092920746986,-5.5455007757789048],[105.26092916773597,-5.5454103120699836],[105.2607485951844,-5.5454103916657473],[105.26074867459786,-5.5455913190859247],[105.26056810198868,-5.5455913986291989],[105.2605681416689,-5.545681862340178]]]},"properties":{"FID":29,"Id":30,"gridcode":4}},{"type":"Feature","id":30,"geometry":{"type":"Polygon","coordinates":[[[105.26029736198886,-5.545862908978771],[105.26029732234858,-5.5457724452663877],[105.26020703601353,-5.5457724849773378],[105.26020707564005,-5.5458629486903721],[105.26029736198886,-5.545862908978771]]]},"properties":{"FID":30,"Id":31,"gridcode":5}},{"type":"Feature","id":31,"geometry":{"type":"Polygon","coordinates":[[[105.26101953350671,-5.5455911996676983],[105.26092924720442,-5.5455912394875497],[105.26092928693963,-5.5456817031959185],[105.26092932667551,-5.5457721669040101],[105.26104921149724,-5.5457113337102717],[105.26110981980834,-5.5455911598340712],[105.26101953350671,-5.5455911996676983]]]},"properties":{"FID":31,"Id":32,"gridcode":3}},{"type":"Feature","id":32,"geometry":{"type":"Polygon","coordinates":[[[105.21578611694096,-5.5458808160243827],[105.21573701776687,-5.5457659707954496],[105.21557847256454,-5.545844223936589],[105.21578611694096,-5.5458808160243827]]]},"properties":{"FID":32,"Id":33,"gridcode":4}},{"type":"Feature","id":33,"geometry":{"type":"Polygon","coordinates":[[[105.26002650294051,-5.5458630280722465],[105.26020707564005,-5.5458629486903721],[105.26020703601353,-5.5457724849773378],[105.26002646334146,-5.5457725643579083],[105.26002650294051,-5.5458630280722465]]]},"properties":{"FID":33,"Id":34,"gridcode":4}},{"type":"Feature","id":34,"geometry":{"type":"Polygon","coordinates":[[[105.2603876879917,-5.5459533329648494],[105.260387648337,-5.5458628692533933],[105.26029736198886,-5.545862908978771],[105.2602974016298,-5.545953372690879],[105.2603876879917,-5.5459533329648494]]]},"properties":{"FID":34,"Id":35,"gridcode":2}},{"type":"Feature","id":35,"geometry":{"type":"Polygon","coordinates":[[[105.26029736198886,-5.545862908978771],[105.260387648337,-5.5458628692533933],[105.26056822103131,-5.5458627897613102],[105.2605681416689,-5.545681862340178],[105.26044755112733,-5.5457419890012725],[105.26029732234858,-5.5457724452663877],[105.26029736198886,-5.545862908978771]]]},"properties":{"FID":35,"Id":36,"gridcode":4}},{"type":"Feature","id":36,"geometry":{"type":"Polygon","coordinates":[[[105.24666419114456,-5.5460496770290879],[105.24663326673632,-5.545944438200018],[105.24655337916742,-5.5460170872725785],[105.24666419114456,-5.5460496770290879]]]},"properties":{"FID":36,"Id":37,"gridcode":4}},{"type":"Feature","id":37,"geometry":{"type":"Polygon","coordinates":[[[105.2603876879917,-5.5459533329648494],[105.26067585239468,-5.5459167952303243],[105.26074875401396,-5.5457722465049981],[105.26065846768219,-5.5457722862848291],[105.26065842798756,-5.5456818225747773],[105.2605681416689,-5.545681862340178],[105.26056822103131,-5.5458627897613102],[105.260387648337,-5.5458628692533933],[105.2603876879917,-5.5459533329648494]]]},"properties":{"FID":37,"Id":38,"gridcode":3}},{"type":"Feature","id":38,"geometry":{"type":"Polygon","coordinates":[[[105.26011686851815,-5.5460439158147432],[105.2602974412714,-5.5460438364027098],[105.2602974016298,-5.545953372690879],[105.26029736198886,-5.545862908978771],[105.26020707564005,-5.5458629486903721],[105.26002650294051,-5.5458630280722465],[105.26002654254019,-5.5459534917863076],[105.26011682890405,-5.5459534521016076],[105.26011686851815,-5.5460439158147432]]]},"properties":{"FID":38,"Id":39,"gridcode":3}},{"type":"Feature","id":39,"geometry":{"type":"Polygon","coordinates":[[[105.21605707558474,-5.5461521091944688],[105.21602083703871,-5.5459465399354686],[105.21593971281838,-5.5461018377254652],[105.21605707558474,-5.5461521091944688]]]},"properties":{"FID":39,"Id":40,"gridcode":4}},{"type":"Feature","id":40,"geometry":{"type":"Polygon","coordinates":[[[105.25993637493745,-5.5462249225997136],[105.25993633534955,-5.5461344588858301],[105.25984604895687,-5.5461344985442773],[105.25984608853103,-5.5462249622588127],[105.25993637493745,-5.5462249225997136]]]},"properties":{"FID":40,"Id":41,"gridcode":5}},{"type":"Feature","id":41,"geometry":{"type":"Polygon","coordinates":[[[105.25984604895687,-5.5461344985442773],[105.25993633534955,-5.5461344588858301],[105.25993637493745,-5.5462249225997136],[105.26002666134322,-5.5462248829268379],[105.26002658214055,-5.5460439555000933],[105.26002654254019,-5.5459534917863076],[105.25984596981051,-5.5459535711143779],[105.25984604895687,-5.5461344985442773]]]},"properties":{"FID":41,"Id":42,"gridcode":4}},{"type":"Feature","id":42,"geometry":{"type":"Polygon","coordinates":[[[105.26002658214055,-5.5460439555000933],[105.26002666134322,-5.5462248829268379],[105.26011694774833,-5.5462248432401839],[105.26011686851815,-5.5460439158147432],[105.26002658214055,-5.5460439555000933]]]},"properties":{"FID":42,"Id":43,"gridcode":3}},{"type":"Feature","id":43,"geometry":{"type":"Polygon","coordinates":[[[105.25298439680186,-5.5464088635639763],[105.25310001432443,-5.5463635822255499],[105.25298435827143,-5.5463183998011951],[105.25298439680186,-5.5464088635639763]]]},"properties":{"FID":43,"Id":44,"gridcode":3}},{"type":"Feature","id":44,"geometry":{"type":"Polygon","coordinates":[[[105.25975584168503,-5.5463154656190445],[105.25964211658749,-5.5461833225317587],[105.25957530837564,-5.5464060085855911],[105.25975584168503,-5.5463154656190445]]]},"properties":{"FID":44,"Id":45,"gridcode":3}},{"type":"Feature","id":45,"geometry":{"type":"Polygon","coordinates":[[[105.25993637493745,-5.5462249225997136],[105.25993645411525,-5.5464058500266544],[105.26002674054853,-5.5464058103524767],[105.26002666134322,-5.5462248829268379],[105.25993637493745,-5.5462249225997136]]]},"properties":{"FID":45,"Id":46,"gridcode":3}},{"type":"Feature","id":46,"geometry":{"type":"Polygon","coordinates":[[[105.25921424158595,-5.5465870943603184],[105.25921420210543,-5.5464966306423404],[105.25912391565251,-5.5464966701931679],[105.25912395511928,-5.5465871339117951],[105.25921424158595,-5.5465870943603184]]]},"properties":{"FID":46,"Id":47,"gridcode":5}},{"type":"Feature","id":47,"geometry":{"type":"Polygon","coordinates":[[[105.25921424158595,-5.5465870943603184],[105.25939481451731,-5.5465870152160299],[105.2593947355019,-5.5464060877823931],[105.25957530837564,-5.5464060085855911],[105.25964211658749,-5.5461833225317587],[105.25975584168503,-5.5463154656190445],[105.25975588124676,-5.5464059293336785],[105.25993645411525,-5.5464058500266544],[105.25993637493745,-5.5462249225997136],[105.25984608853103,-5.5462249622588127],[105.25984604895687,-5.5461344985442773],[105.25948490337963,-5.5461346570403007],[105.25948498241863,-5.5463155844742964],[105.25930440957107,-5.5463156636422442],[105.25930448855767,-5.5464965910777337],[105.25921420210543,-5.5464966306423404],[105.25921424158595,-5.5465870943603184]]]},"properties":{"FID":47,"Id":48,"gridcode":4}},{"type":"Feature","id":48,"geometry":{"type":"Polygon","coordinates":[[[105.25957530837564,-5.5464060085855911],[105.2593947355019,-5.5464060877823931],[105.25939481451731,-5.5465870152160299],[105.2595146996713,-5.5465261823197904],[105.25957530837564,-5.5464060085855911]]]},"properties":{"FID":48,"Id":49,"gridcode":3}},{"type":"Feature","id":49,"geometry":{"type":"Polygon","coordinates":[[[105.25280382383376,-5.5464089407492345],[105.25271353734875,-5.5464089793211961],[105.25271365282012,-5.5466803706135774],[105.25280393934638,-5.5466803320397151],[105.25280382383376,-5.5464089407492345]]]},"properties":{"FID":49,"Id":50,"gridcode":5}},{"type":"Feature","id":50,"geometry":{"type":"Polygon","coordinates":[[[105.25018570604082,-5.5468623726497936],[105.25018566793352,-5.546771908868867],[105.25007005008491,-5.5468171896508167],[105.25018570604082,-5.5468623726497936]]]},"properties":{"FID":50,"Id":51,"gridcode":4}},{"type":"Feature","id":51,"geometry":{"type":"Polygon","coordinates":[[[105.25903374755998,-5.5467681008872196],[105.25932110849148,-5.5466940774332585],[105.25939481451731,-5.5465870152160299],[105.25921424158595,-5.5465870943603184],[105.25912395511928,-5.5465871339117951],[105.25903366865197,-5.5465871734494945],[105.25903374755998,-5.5467681008872196]]]},"properties":{"FID":51,"Id":52,"gridcode":3}},{"type":"Feature","id":52,"geometry":{"type":"Polygon","coordinates":[[[105.25018570604082,-5.5468623726497936],[105.25027599261236,-5.5468623344604744],[105.25036627918325,-5.5468622962573768],[105.25036624104843,-5.5467718324777024],[105.25018566793352,-5.546771908868867],[105.25018570604082,-5.5468623726497936]]]},"properties":{"FID":52,"Id":53,"gridcode":5}},{"type":"Feature","id":53,"geometry":{"type":"Polygon","coordinates":[[[105.25849210732297,-5.5469492652762442],[105.25849206794983,-5.5468588015541833],[105.2584017814367,-5.5468588409973769],[105.25840182079608,-5.5469493047200844],[105.25849210732297,-5.5469492652762442]]]},"properties":{"FID":53,"Id":54,"gridcode":4}},{"type":"Feature","id":54,"geometry":{"type":"Polygon","coordinates":[[[105.2586726803748,-5.5469491863472253],[105.25867264097417,-5.5468587226264603],[105.25858235446233,-5.5468587620972114],[105.25858239384921,-5.5469492258186248],[105.2586726803748,-5.5469491863472253]]]},"properties":{"FID":54,"Id":55,"gridcode":5}},{"type":"Feature","id":55,"geometry":{"type":"Polygon","coordinates":[[[105.25280409337212,-5.5470421870898239],[105.25277316783082,-5.5469369486365609],[105.25269328092209,-5.5470095985079473],[105.25280409337212,-5.5470421870898239]]]},"properties":{"FID":55,"Id":56,"gridcode":5}},{"type":"Feature","id":56,"geometry":{"type":"Polygon","coordinates":[[[105.25840186015611,-5.5470397684425148],[105.25849214669675,-5.5470397289980271],[105.25849210732297,-5.5469492652762442],[105.25840182079608,-5.5469493047200844],[105.25840186015611,-5.5470397684425148]]]},"properties":{"FID":56,"Id":57,"gridcode":2}},{"type":"Feature","id":57,"geometry":{"type":"Polygon","coordinates":[[[105.25858239384921,-5.5469492258186248],[105.25862758756763,-5.5470650698832644],[105.2586726803748,-5.5469491863472253],[105.25858239384921,-5.5469492258186248]]]},"properties":{"FID":57,"Id":58,"gridcode":4}},{"type":"Feature","id":58,"geometry":{"type":"Polygon","coordinates":[[[105.2586726803748,-5.5469491863472253],[105.25885325342401,-5.5469491073630905],[105.25885317456839,-5.5467681799238768],[105.25903374755998,-5.5467681008872196],[105.25903366865197,-5.5465871734494945],[105.25912395511928,-5.5465871339117951],[105.25912391565251,-5.5464966701931679],[105.25894334274473,-5.5464967492534907],[105.25894342162393,-5.546677676693065],[105.25876284865853,-5.5466777557008689],[105.25876292748535,-5.5468586831419309],[105.25867264097417,-5.5468587226264603],[105.2586726803748,-5.5469491863472253]]]},"properties":{"FID":58,"Id":59,"gridcode":4}},{"type":"Feature","id":59,"geometry":{"type":"Polygon","coordinates":[[[105.25903374755998,-5.5467681008872196],[105.25885317456839,-5.5467681799238768],[105.25885325342401,-5.5469491073630905],[105.25897313870995,-5.5468882745713275],[105.25903374755998,-5.5467681008872196]]]},"properties":{"FID":59,"Id":60,"gridcode":3}},{"type":"Feature","id":60,"geometry":{"type":"Polygon","coordinates":[[[105.25831161296175,-5.5471302715960249],[105.25826641929828,-5.5470144275048572],[105.25822132640604,-5.5471303110135999],[105.25831161296175,-5.5471302715960249]]]},"properties":{"FID":60,"Id":61,"gridcode":3}},{"type":"Feature","id":61,"geometry":{"type":"Polygon","coordinates":[[[105.25840186015611,-5.5470397684425148],[105.25843221693188,-5.5470998287585491],[105.25874665304141,-5.5471604716333154],[105.25885325342401,-5.5469491073630905],[105.2586726803748,-5.5469491863472253],[105.25862758756763,-5.5470650698832644],[105.25858239384921,-5.5469492258186248],[105.25858235446233,-5.5468587620972114],[105.25849206794983,-5.5468588015541833],[105.25849210732297,-5.5469492652762442],[105.25849214669675,-5.5470397289980271],[105.25840186015611,-5.5470397684425148]]]},"properties":{"FID":61,"Id":62,"gridcode":3}},{"type":"Feature","id":62,"geometry":{"type":"Polygon","coordinates":[[[105.25009545756286,-5.5469528746066121],[105.25000517097632,-5.546952912769],[105.25000528522145,-5.5472243041130547],[105.25009557184926,-5.5472242659487883],[105.25009545756286,-5.5469528746066121]]]},"properties":{"FID":62,"Id":63,"gridcode":3}},{"type":"Feature","id":63,"geometry":{"type":"Polygon","coordinates":[[[105.25000528522145,-5.5472243041130547],[105.25000536138802,-5.5474052316743769],[105.25009564804331,-5.5474051935088582],[105.25009557184926,-5.5472242659487883],[105.25000528522145,-5.5472243041130547]]]},"properties":{"FID":63,"Id":64,"gridcode":2}},{"type":"Feature","id":64,"geometry":{"type":"Polygon","coordinates":[[[105.25289457256807,-5.547494467302907],[105.25286364698376,-5.5473892288577824],[105.25278376002831,-5.5474618787425509],[105.25289457256807,-5.547494467302907]]]},"properties":{"FID":64,"Id":65,"gridcode":5}},{"type":"Feature","id":65,"geometry":{"type":"Polygon","coordinates":[[[105.2526234047712,-5.5467708729378664],[105.25253311822992,-5.5467709114848036],[105.25253342596666,-5.5474946215935761],[105.25262371261796,-5.5474945830415789],[105.2526234047712,-5.5467708729378664]]]},"properties":{"FID":65,"Id":66,"gridcode":5}},{"type":"Feature","id":66,"geometry":{"type":"Polygon","coordinates":[[[105.25822132640604,-5.5471303110135999],[105.25822148374527,-5.5474921659046297],[105.25831177035599,-5.5474921264844674],[105.25831161296175,-5.5471302715960249],[105.25822132640604,-5.5471303110135999]]]},"properties":{"FID":66,"Id":67,"gridcode":4}},{"type":"Feature","id":67,"geometry":{"type":"Polygon","coordinates":[[[105.25813123645659,-5.5475826690337247],[105.2582215230817,-5.5475826296266959],[105.25831180970616,-5.5475825902058871],[105.25831177035599,-5.5474921264844674],[105.25822148374527,-5.5474921659046297],[105.25813119713391,-5.5474922053110127],[105.25813123645659,-5.5475826690337247]]]},"properties":{"FID":67,"Id":68,"gridcode":3}},{"type":"Feature","id":68,"geometry":{"type":"Polygon","coordinates":[[[105.25172092276925,-5.5476758954772194],[105.25176611523503,-5.547791740122312],[105.25181120945379,-5.5476758570479854],[105.25172092276925,-5.5476758954772194]]]},"properties":{"FID":68,"Id":69,"gridcode":5}},{"type":"Feature","id":69,"geometry":{"type":"Polygon","coordinates":[[[105.25253346443662,-5.5475850853559283],[105.25253354137845,-5.5477660128798059],[105.25265947174636,-5.5476754953243255],[105.25253346443662,-5.5475850853559283]]]},"properties":{"FID":69,"Id":70,"gridcode":5}},{"type":"Feature","id":70,"geometry":{"type":"Polygon","coordinates":[[[105.25822164109492,-5.5478540207912381],[105.25822160175652,-5.5477635570700006],[105.25813131510391,-5.5477635964783225],[105.25813135442854,-5.5478540602002067],[105.25822164109492,-5.5478540207912381]]]},"properties":{"FID":70,"Id":71,"gridcode":3}},{"type":"Feature","id":71,"geometry":{"type":"Polygon","coordinates":[[[105.25190149613769,-5.5476758186049704],[105.2519318523068,-5.547735879282075],[105.2521356302846,-5.5478390601083145],[105.25217239460181,-5.5477661669575715],[105.2521723561856,-5.5476757031932422],[105.25190149613769,-5.5476758186049704]]]},"properties":{"FID":71,"Id":72,"gridcode":5}},{"type":"Feature","id":72,"geometry":{"type":"Polygon","coordinates":[[[105.25813139375381,-5.5479445239218137],[105.25813135442854,-5.5478540602002067],[105.25804106776151,-5.5478540995953933],[105.25804110707304,-5.547944563317647],[105.25813139375381,-5.5479445239218137]]]},"properties":{"FID":72,"Id":73,"gridcode":3}},{"type":"Feature","id":73,"geometry":{"type":"Polygon","coordinates":[[[105.25813123645659,-5.5475826690337247],[105.25804094983081,-5.5475827084269733],[105.25804106776151,-5.5478540995953933],[105.25813135442854,-5.5478540602002067],[105.25813131510391,-5.5477635964783225],[105.25822160175652,-5.5477635570700006],[105.2582215230817,-5.5475826296266959],[105.25813123645659,-5.5475826690337247]]]},"properties":{"FID":73,"Id":74,"gridcode":4}},{"type":"Feature","id":74,"geometry":{"type":"Polygon","coordinates":[[[105.25813139375381,-5.5479445239218137],[105.25822168043395,-5.5479444845121995],[105.25822164109492,-5.5478540207912381],[105.25813135442854,-5.5478540602002067],[105.25813139375381,-5.5479445239218137]]]},"properties":{"FID":74,"Id":75,"gridcode":2}},{"type":"Feature","id":75,"geometry":{"type":"Polygon","coordinates":[[[105.25145021594038,-5.548037865758066],[105.25141929057595,-5.5479326272289979],[105.25133940336487,-5.5480052769287225],[105.25145021594038,-5.548037865758066]]]},"properties":{"FID":75,"Id":76,"gridcode":5}},{"type":"Feature","id":76,"geometry":{"type":"Polygon","coordinates":[[[105.25190164964134,-5.5480376736681993],[105.25187072419799,-5.5479324351663655],[105.25179083704492,-5.5480050849245552],[105.25190164964134,-5.5480376736681993]]]},"properties":{"FID":76,"Id":77,"gridcode":5}},{"type":"Feature","id":77,"geometry":{"type":"Polygon","coordinates":[[[105.25226271972754,-5.5478565922222218],[105.25226275815878,-5.5479470559853663],[105.25244333160212,-5.5479469789439557],[105.25244329314337,-5.5478565151820751],[105.25226271972754,-5.5478565922222218]]]},"properties":{"FID":77,"Id":78,"gridcode":5}},{"type":"Feature","id":78,"geometry":{"type":"Polygon","coordinates":[[[105.25262394352983,-5.5480373656077573],[105.25273956139448,-5.5479920843265509],[105.25262390504291,-5.5479469018474195],[105.25262394352983,-5.5480373656077573]]]},"properties":{"FID":78,"Id":79,"gridcode":5}},{"type":"Feature","id":79,"geometry":{"type":"Polygon","coordinates":[[[105.25298493629491,-5.5476753562138885],[105.25298505191684,-5.5479467474889681],[105.25307533863374,-5.5479467088649015],[105.25307522297055,-5.5476753175917226],[105.25298493629491,-5.5476753562138885]]]},"properties":{"FID":79,"Id":80,"gridcode":4}},{"type":"Feature","id":80,"geometry":{"type":"Polygon","coordinates":[[[105.25795085969003,-5.5480350664223224],[105.2579199331892,-5.5479298282860654],[105.25784004681401,-5.5480024788272599],[105.25795085969003,-5.5480350664223224]]]},"properties":{"FID":80,"Id":81,"gridcode":3}},{"type":"Feature","id":81,"geometry":{"type":"Polygon","coordinates":[[[105.25307545430267,-5.5482181001355926],[105.25307541574573,-5.5481276363789718],[105.25295979788375,-5.54817291772566],[105.25307545430267,-5.5482181001355926]]]},"properties":{"FID":81,"Id":82,"gridcode":4}},{"type":"Feature","id":82,"geometry":{"type":"Polygon","coordinates":[[[105.25217262511249,-5.5483089495377369],[105.25262405899434,-5.5483087568871179],[105.25245269343959,-5.548060298663974],[105.25230796348687,-5.5480928723442],[105.25220996473338,-5.5480709040473091],[105.25217262511249,-5.5483089495377369]]]},"properties":{"FID":82,"Id":83,"gridcode":5}},{"type":"Feature","id":83,"geometry":{"type":"Polygon","coordinates":[[[105.25271434576881,-5.5483087183156465],[105.25307549286026,-5.5483085638919372],[105.25307545430267,-5.5482181001355926],[105.25295979788375,-5.54817291772566],[105.25307541574573,-5.5481276363789718],[105.25307533863374,-5.5479467088649015],[105.25298505191684,-5.5479467474889681],[105.25298493629491,-5.5476753562138885],[105.25298489775555,-5.5475848924549762],[105.25271407229745,-5.5476546532374638],[105.25279072510394,-5.5479965696388254],[105.25271434576881,-5.5483087183156465]]]},"properties":{"FID":83,"Id":84,"gridcode":5}},{"type":"Feature","id":84,"geometry":{"type":"MultiPolygon","coordinates":[[[[105.25280409337212,-5.5470421870898239],[105.25269328092209,-5.5470095985079473],[105.25277316783082,-5.5469369486365609],[105.25280409337212,-5.5470421870898239]]],[[[105.25289457256807,-5.547494467302907],[105.25278376002831,-5.5474618787425509],[105.25286364698376,-5.5473892288577824],[105.25289457256807,-5.547494467302907]]],[[[105.25145021594038,-5.548037865758066],[105.25133940336487,-5.5480052769287225],[105.25141929057595,-5.5479326272289979],[105.25145021594038,-5.548037865758066]]],[[[105.25190164964134,-5.5480376736681993],[105.25179083704492,-5.5480050849245552],[105.25187072419799,-5.5479324351663655],[105.25190164964134,-5.5480376736681993]],[[105.25009564804331,-5.5474051935088582],[105.25013258514348,-5.5475491566753847],[105.25023943670726,-5.5476230090939893],[105.25031323476031,-5.547730007844824],[105.25057116659973,-5.5479082819246699],[105.25096188311342,-5.547984558176303],[105.25103568134045,-5.5480915568277771],[105.25168425367832,-5.5481651787997341],[105.25184833883033,-5.5482721389144869],[105.25212631260284,-5.5483762191781043],[105.25217262511249,-5.5483089495377369],[105.25220996473338,-5.5480709040473091],[105.25230796348687,-5.5480928723442],[105.25245269343959,-5.548060298663974],[105.25262405899434,-5.5483087568871179],[105.25271434576881,-5.5483087183156465],[105.25279072510394,-5.5479965696388254],[105.25271407229745,-5.5476546532374638],[105.25298489775555,-5.5475848924549762],[105.25293588818472,-5.547087701230482],[105.25295756348528,-5.5468159620413378],[105.25293551020059,-5.5465424238896164],[105.25298439680186,-5.5464088635639763],[105.25298435827143,-5.5463183998011951],[105.25283678640159,-5.5462449799656648],[105.25280382383376,-5.5464089407492345],[105.25280393934638,-5.5466803320397151],[105.25271365282012,-5.5466803706135774],[105.25262336629322,-5.5466804091736597],[105.2526234047712,-5.5467708729378664],[105.25262371261796,-5.5474945830415789],[105.25253342596666,-5.5474946215935761],[105.25253346443662,-5.5475850853559283],[105.25265947174636,-5.5476754953243255],[105.25253354137845,-5.5477660128798059],[105.25253361832284,-5.5479469404025785],[105.25262390504291,-5.5479469018474195],[105.25273956139448,-5.5479920843265509],[105.25262394352983,-5.5480373656077573],[105.25253365679599,-5.5480374041635496],[105.25253361832284,-5.5479469404025785],[105.25244333160212,-5.5479469789439557],[105.25226275815878,-5.5479470559853663],[105.25226271972754,-5.5478565922222218],[105.25226268129693,-5.547766128458802],[105.25217239460181,-5.5477661669575715],[105.2521356302846,-5.5478390601083145],[105.2519318523068,-5.547735879282075],[105.25190149613769,-5.5476758186049704],[105.25181120945379,-5.5476758570479854],[105.25176611523503,-5.547791740122312],[105.25172092276925,-5.5476758954772194],[105.25169056662433,-5.5476158347880595],[105.25148034221577,-5.5475551438457957],[105.25132934334263,-5.5474350608053715],[105.25102883238648,-5.5473744080513008],[105.25069718401726,-5.5470734738899905],[105.25043471484528,-5.5469976995209933],[105.25036627918325,-5.5468622962573768],[105.25027599261236,-5.5468623344604744],[105.25027603073406,-5.5469527982405005],[105.25009545756286,-5.5469528746066121],[105.25009557184926,-5.5472242659487883],[105.25009564804331,-5.5474051935088582]]]]},"properties":{"FID":84,"Id":85,"gridcode":4}},{"type":"Feature","id":85,"geometry":{"type":"Polygon","coordinates":[[[105.2526241744646,-5.5485801481639916],[105.25259324886228,-5.5484749097089727],[105.25251336173207,-5.5485475595627278],[105.2526241744646,-5.5485801481639916]]]},"properties":{"FID":85,"Id":86,"gridcode":5}},{"type":"Feature","id":86,"geometry":{"type":"Polygon","coordinates":[[[105.25777052193686,-5.548577927484061],[105.25777048266205,-5.5484874637618038],[105.25765486513143,-5.5485327460125102],[105.25777052193686,-5.548577927484061]]]},"properties":{"FID":86,"Id":87,"gridcode":4}},{"type":"Feature","id":87,"geometry":{"type":"Polygon","coordinates":[[[105.25786080871589,-5.5485778881250534],[105.25786076942731,-5.548487424403441],[105.25777048266205,-5.5484874637618038],[105.25777052193686,-5.548577927484061],[105.25786080871589,-5.5485778881250534]]]},"properties":{"FID":87,"Id":88,"gridcode":3}},{"type":"Feature","id":88,"geometry":{"type":"Polygon","coordinates":[[[105.25768031368126,-5.5487588942742603],[105.2576802744189,-5.5486684305519116],[105.25756465684599,-5.5487137127866637],[105.25768031368126,-5.5487588942742603]]]},"properties":{"FID":88,"Id":89,"gridcode":3}},{"type":"Feature","id":89,"geometry":{"type":"Polygon","coordinates":[[[105.25777060048846,-5.5487588549277458],[105.25777056121234,-5.5486683912060419],[105.2576802744189,-5.5486684305519116],[105.25768031368126,-5.5487588942742603],[105.25777060048846,-5.5487588549277458]]]},"properties":{"FID":89,"Id":90,"gridcode":4}},{"type":"Feature","id":90,"geometry":{"type":"Polygon","coordinates":[[[105.25768035294429,-5.5488493579963336],[105.25777063976523,-5.5488493186491734],[105.25777060048846,-5.5487588549277458],[105.25768031368126,-5.5487588942742603],[105.25768035294429,-5.5488493579963336]]]},"properties":{"FID":90,"Id":91,"gridcode":3}},{"type":"Feature","id":91,"geometry":{"type":"Polygon","coordinates":[[[105.25777052193686,-5.548577927484061],[105.25777056121234,-5.5486683912060419],[105.25777060048846,-5.5487588549277458],[105.257860887295,-5.5487588155674468],[105.25786080871589,-5.5485778881250534],[105.25777052193686,-5.548577927484061]]]},"properties":{"FID":91,"Id":92,"gridcode":2}},{"type":"Feature","id":92,"geometry":{"type":"Polygon","coordinates":[[[105.2575901053726,-5.5489398610521539],[105.25759006612269,-5.5488493973297111],[105.25749977930045,-5.5488494366493049],[105.2574998185366,-5.5489399003723916],[105.2575901053726,-5.5489398610521539]]]},"properties":{"FID":92,"Id":93,"gridcode":3}},{"type":"Feature","id":93,"geometry":{"type":"Polygon","coordinates":[[[105.2575901053726,-5.5489398610521539],[105.25768039220796,-5.5489398217181316],[105.25768035294429,-5.5488493579963336],[105.25759006612269,-5.5488493973297111],[105.2575901053726,-5.5489398610521539]]]},"properties":{"FID":93,"Id":94,"gridcode":2}},{"type":"Feature","id":94,"geometry":{"type":"Polygon","coordinates":[[[105.2574998185366,-5.5489399003723916],[105.25754501221718,-5.5490557445147592],[105.2575901053726,-5.5489398610521539],[105.2574998185366,-5.5489399003723916]]]},"properties":{"FID":94,"Id":95,"gridcode":2}},{"type":"Feature","id":95,"geometry":{"type":"Polygon","coordinates":[[[105.25704861936468,-5.5494828791188642],[105.2570176929343,-5.549377640936636],[105.25693780625646,-5.54945029136658],[105.25704861936468,-5.5494828791188642]]]},"properties":{"FID":95,"Id":96,"gridcode":4}},{"type":"Feature","id":96,"geometry":{"type":"Polygon","coordinates":[[[105.25722919320761,-5.5494828005947188],[105.25719826674568,-5.5493775624234178],[105.25711838009104,-5.5494502128767325],[105.25722919320761,-5.5494828005947188]]]},"properties":{"FID":96,"Id":97,"gridcode":2}},{"type":"Feature","id":97,"geometry":{"type":"Polygon","coordinates":[[[105.21831550636912,-5.5495889120703419],[105.21827926679047,-5.5493833430123694],[105.21819814273842,-5.5495386410893781],[105.21831550636912,-5.5495889120703419]]]},"properties":{"FID":97,"Id":98,"gridcode":4}},{"type":"Feature","id":98,"geometry":{"type":"Polygon","coordinates":[[[105.25704869770912,-5.5496638065673363],[105.25700350407187,-5.5495479623870638],[105.25695841075917,-5.5496638458100183],[105.25704869770912,-5.5496638065673363]]]},"properties":{"FID":98,"Id":99,"gridcode":3}},{"type":"Feature","id":99,"geometry":{"type":"Polygon","coordinates":[[[105.21831557290966,-5.5497698400289108],[105.21831553963911,-5.5496793760497658],[105.21819991854127,-5.5497246507236229],[105.21831557290966,-5.5497698400289108]]]},"properties":{"FID":99,"Id":100,"gridcode":4}},{"type":"Feature","id":100,"geometry":{"type":"Polygon","coordinates":[[[105.25695841075917,-5.5496638458100183],[105.25700360439765,-5.5497796899932812],[105.25704869770912,-5.5496638065673363],[105.25695841075917,-5.5496638458100183]]]},"properties":{"FID":100,"Id":101,"gridcode":2}},{"type":"Feature","id":101,"geometry":{"type":"Polygon","coordinates":[[[105.21831557290966,-5.5497698400289108],[105.21854089320934,-5.5497143000468352],[105.21871359233188,-5.5497530240436426],[105.21860113206827,-5.5495590644152859],[105.21831553963911,-5.5496793760497658],[105.21831557290966,-5.5497698400289108]]]},"properties":{"FID":101,"Id":102,"gridcode":3}},{"type":"Feature","id":102,"geometry":{"type":"Polygon","coordinates":[[[105.25668766726184,-5.5499353546336998],[105.25677795425503,-5.5499353154304467],[105.2567779151218,-5.5498448517052488],[105.25668762814239,-5.5498448909078597],[105.25668766726184,-5.5499353546336998]]]},"properties":{"FID":102,"Id":103,"gridcode":2}},{"type":"Feature","id":103,"geometry":{"type":"Polygon","coordinates":[[[105.25668762814239,-5.5498448909078597],[105.2567779151218,-5.5498448517052488],[105.25689518903221,-5.5497923071136492],[105.25668758902357,-5.5497544271817425],[105.25668762814239,-5.5498448909078597]]]},"properties":{"FID":103,"Id":104,"gridcode":3}},{"type":"Feature","id":104,"geometry":{"type":"Polygon","coordinates":[[[105.25632655834772,-5.5500259750369807],[105.25632651928265,-5.5499355113088482],[105.25623623228624,-5.5499355504431689],[105.25623627133756,-5.5500260141719435],[105.25632655834772,-5.5500259750369807]]]},"properties":{"FID":104,"Id":105,"gridcode":5}},{"type":"Feature","id":105,"geometry":{"type":"Polygon","coordinates":[[[105.25641684535725,-5.5500259358882325],[105.25641680627842,-5.5499354721607412],[105.25632651928265,-5.5499355113088482],[105.25632655834772,-5.5500259750369807],[105.25641684535725,-5.5500259358882325]]]},"properties":{"FID":105,"Id":106,"gridcode":4}},{"type":"Feature","id":106,"geometry":{"type":"Polygon","coordinates":[[[105.25668758902357,-5.5497544271817425],[105.2564167281227,-5.5497545447049283],[105.25641680627842,-5.5499354721607412],[105.25650709327354,-5.5499354329988471],[105.25650705418161,-5.5498449692717209],[105.25659734116232,-5.5498449300966834],[105.25668762814239,-5.5498448909078597],[105.25668758902357,-5.5497544271817425]]]},"properties":{"FID":106,"Id":107,"gridcode":4}},{"type":"Feature","id":107,"geometry":{"type":"Polygon","coordinates":[[[105.25596548832515,-5.5502070589546797],[105.25592029484923,-5.550091214685871],[105.25587520128487,-5.5502070980357763],[105.25596548832515,-5.5502070589546797]]]},"properties":{"FID":107,"Id":108,"gridcode":5}},{"type":"Feature","id":108,"geometry":{"type":"Polygon","coordinates":[[[105.25641680627842,-5.5499354721607412],[105.25641684535725,-5.5500259358882325],[105.25645307631456,-5.5500976183480253],[105.25665595292371,-5.549998236100194],[105.25668766726184,-5.5499353546336998],[105.25668762814239,-5.5498448909078597],[105.25659734116232,-5.5498449300966834],[105.25659738026802,-5.5499353938231666],[105.25650709327354,-5.5499354329988471],[105.25641680627842,-5.5499354721607412]]]},"properties":{"FID":108,"Id":109,"gridcode":3}},{"type":"Feature","id":109,"geometry":{"type":"Polygon","coordinates":[[[105.25605581439051,-5.5502974835890235],[105.25605577536479,-5.550207019859795],[105.25596548832515,-5.5502070589546797],[105.25596552733711,-5.5502975226845486],[105.25605581439051,-5.5502974835890235]]]},"properties":{"FID":109,"Id":110,"gridcode":2}},{"type":"Feature","id":110,"geometry":{"type":"Polygon","coordinates":[[[105.25605581439051,-5.5502974835890235],[105.25614610144326,-5.5502974444797113],[105.25614606240377,-5.5502069807511241],[105.25605577536479,-5.550207019859795],[105.25605581439051,-5.5502974835890235]]]},"properties":{"FID":110,"Id":111,"gridcode":3}},{"type":"Feature","id":111,"geometry":{"type":"Polygon","coordinates":[[[105.25614606240377,-5.5502069807511241],[105.25635590245729,-5.5501616579315689],[105.25614602336492,-5.5501165170222597],[105.25614606240377,-5.5502069807511241]]]},"properties":{"FID":111,"Id":112,"gridcode":3}},{"type":"Feature","id":112,"geometry":{"type":"Polygon","coordinates":[[[105.25488212149355,-5.550388454492702],[105.25488208264608,-5.5502979907554337],[105.25476646452287,-5.5503432724650974],[105.25488212149355,-5.550388454492702]]]},"properties":{"FID":112,"Id":113,"gridcode":5}},{"type":"Feature","id":113,"geometry":{"type":"Polygon","coordinates":[[[105.25533355686157,-5.5503882597012524],[105.25533351794529,-5.550297795967178],[105.25521789986061,-5.5503430777635385],[105.25533355686157,-5.5503882597012524]]]},"properties":{"FID":113,"Id":114,"gridcode":3}},{"type":"Feature","id":114,"geometry":{"type":"Polygon","coordinates":[[[105.25488212149355,-5.550388454492702],[105.25509196172771,-5.5503431321146239],[105.25488208264608,-5.5502979907554337],[105.25488212149355,-5.550388454492702]]]},"properties":{"FID":114,"Id":115,"gridcode":4}},{"type":"Feature","id":115,"geometry":{"type":"Polygon","coordinates":[[[105.25569474411637,-5.5504785673511545],[105.25569470514439,-5.5503881036199152],[105.25560441807465,-5.5503881426609309],[105.25560445703287,-5.5504786063928098],[105.25569474411637,-5.5504785673511545]]]},"properties":{"FID":115,"Id":116,"gridcode":4}},{"type":"Feature","id":116,"geometry":{"type":"Polygon","coordinates":[[[105.25551413100428,-5.5503881816881586],[105.25560441807465,-5.5503881426609309],[105.25569470514439,-5.5503881036199152],[105.25560436372085,-5.5502619267950335],[105.25551413100428,-5.5503881816881586]]]},"properties":{"FID":116,"Id":117,"gridcode":5}},{"type":"Feature","id":117,"geometry":{"type":"Polygon","coordinates":[[[105.25569474411637,-5.5504785673511545],[105.25578503119922,-5.5504785282957103],[105.25578499221348,-5.5503880645651114],[105.25569470514439,-5.5503881036199152],[105.25569474411637,-5.5504785673511545]]]},"properties":{"FID":117,"Id":118,"gridcode":3}},{"type":"Feature","id":118,"geometry":{"type":"Polygon","coordinates":[[[105.25551413100428,-5.5503881816881586],[105.25560436372085,-5.5502619267950335],[105.25569470514439,-5.5503881036199152],[105.25578499221348,-5.5503880645651114],[105.2557849532284,-5.550297600834238],[105.25578491424395,-5.5502071371030866],[105.25587520128487,-5.5502070980357763],[105.25592029484923,-5.550091214685871],[105.25596548832515,-5.5502070589546797],[105.25605577536479,-5.550207019859795],[105.25614606240377,-5.5502069807511241],[105.25614602336492,-5.5501165170222597],[105.25614598432672,-5.5500260532931192],[105.25623627133756,-5.5500260141719435],[105.25623623228624,-5.5499355504431689],[105.2559054281847,-5.5499660838756686],[105.25566424434398,-5.5500863353806489],[105.25513633544558,-5.5501532665007298],[105.25530316129721,-5.5502377354916117],[105.25533351794529,-5.550297795967178],[105.25533355686157,-5.5503882597012524],[105.25551413100428,-5.5503881816881586]]]},"properties":{"FID":118,"Id":119,"gridcode":4}},{"type":"Feature","id":119,"geometry":{"type":"Polygon","coordinates":[[[105.25578499221348,-5.5503880645651114],[105.25596556634973,-5.5503879864141421],[105.25596552733711,-5.5502975226845486],[105.25596548832515,-5.5502070589546797],[105.25587520128487,-5.5502070980357763],[105.25587524028307,-5.5502975617662873],[105.2557849532284,-5.550297600834238],[105.25578499221348,-5.5503880645651114]]]},"properties":{"FID":119,"Id":120,"gridcode":3}},{"type":"Feature","id":120,"geometry":{"type":"Polygon","coordinates":[[[105.25425018945559,-5.550569654104283],[105.25425015070316,-5.5504791903631041],[105.25415986360937,-5.5504792291841536],[105.25415990234804,-5.5505696929259685],[105.25425018945559,-5.550569654104283]]]},"properties":{"FID":120,"Id":121,"gridcode":4}},{"type":"Feature","id":121,"geometry":{"type":"Polygon","coordinates":[[[105.25425018945559,-5.550569654104283],[105.2543404765625,-5.5505696152688078],[105.25434043779629,-5.5504791515282657],[105.25425015070316,-5.5504791903631041],[105.25425018945559,-5.550569654104283]]]},"properties":{"FID":121,"Id":122,"gridcode":5}},{"type":"Feature","id":122,"geometry":{"type":"Polygon","coordinates":[[[105.25415990234804,-5.5505696929259685],[105.25420509552725,-5.5506855373416029],[105.25425018945559,-5.550569654104283],[105.25415990234804,-5.5505696929259685]]]},"properties":{"FID":122,"Id":123,"gridcode":5}},{"type":"Feature","id":123,"geometry":{"type":"Polygon","coordinates":[[[105.25461122145883,-5.5502981074629378],[105.25461133787937,-5.5505694986796561],[105.25470162498372,-5.5505694597890285],[105.25470150852189,-5.5502980685742243],[105.25461122145883,-5.5502981074629378]]]},"properties":{"FID":123,"Id":124,"gridcode":5}},{"type":"Feature","id":124,"geometry":{"type":"Polygon","coordinates":[[[105.25560445703287,-5.5504786063928098],[105.25549347322892,-5.5505222424510885],[105.25564944677433,-5.550594521887386],[105.25569474411637,-5.5504785673511545],[105.25560445703287,-5.5504786063928098]]]},"properties":{"FID":124,"Id":125,"gridcode":3}},{"type":"Feature","id":125,"geometry":{"type":"Polygon","coordinates":[[[105.25461141549629,-5.5507504261560845],[105.25472703371061,-5.5507051444731799],[105.25461137668751,-5.550659962418008],[105.25461141549629,-5.5507504261560845]]]},"properties":{"FID":125,"Id":126,"gridcode":4}},{"type":"Feature","id":126,"geometry":{"type":"Polygon","coordinates":[[[105.25452116715944,-5.5508409287726357],[105.2546114543057,-5.5508408898938839],[105.25461141549629,-5.5507504261560845],[105.25452112836378,-5.5507504650341986],[105.25452116715944,-5.5508409287726357]]]},"properties":{"FID":126,"Id":127,"gridcode":4}},{"type":"Feature","id":127,"geometry":{"type":"Polygon","coordinates":[[[105.25416005730919,-5.5509315478904613],[105.25412913129676,-5.5508263095421535],[105.25404924406061,-5.5508989596035274],[105.25416005730919,-5.5509315478904613]]]},"properties":{"FID":127,"Id":128,"gridcode":5}},{"type":"Feature","id":128,"geometry":{"type":"Polygon","coordinates":[[[105.25443088001252,-5.5508409676375976],[105.25447607326674,-5.550956812028085],[105.25452116715944,-5.5508409287726357],[105.25443088001252,-5.5508409676375976]]]},"properties":{"FID":128,"Id":129,"gridcode":4}},{"type":"Feature","id":129,"geometry":{"type":"Polygon","coordinates":[[[105.25461137668751,-5.550659962418008],[105.25443080244938,-5.5506600401591726],[105.25443088001252,-5.5508409676375976],[105.25452116715944,-5.5508409287726357],[105.25452112836378,-5.5507504650341986],[105.25461141549629,-5.5507504261560845],[105.25461137668751,-5.550659962418008]]]},"properties":{"FID":129,"Id":130,"gridcode":5}},{"type":"Feature","id":130,"geometry":{"type":"Polygon","coordinates":[[[105.25388927321941,-5.5511125917648281],[105.25384408006444,-5.5509967473253843],[105.25379898602672,-5.5511126305351759],[105.25388927321941,-5.5511125917648281]]]},"properties":{"FID":130,"Id":131,"gridcode":5}},{"type":"Feature","id":131,"geometry":{"type":"Polygon","coordinates":[[[105.25406984760286,-5.5511125141827646],[105.25416013479362,-5.551112475371049],[105.25416009605108,-5.5510220116308924],[105.25406980887408,-5.5510220504419729],[105.25406984760286,-5.5511125141827646]]]},"properties":{"FID":131,"Id":132,"gridcode":3}},{"type":"Feature","id":132,"geometry":{"type":"Polygon","coordinates":[[[105.25388927321941,-5.5511125917648281],[105.25406984760286,-5.5511125141827646],[105.25406980887408,-5.5510220504419729],[105.25416009605108,-5.5510220116308924],[105.25416005730919,-5.5509315478904613],[105.25404924406061,-5.5508989596035274],[105.25412913129676,-5.5508263095421535],[105.25416005730919,-5.5509315478904613],[105.25431028776795,-5.5509010931143852],[105.25443088001252,-5.5508409676375976],[105.25443080244938,-5.5506600401591726],[105.25461137668751,-5.550659962418008],[105.25461133787937,-5.5505694986796561],[105.25461122145883,-5.5502981074629378],[105.25443064733079,-5.5502981851990034],[105.25443072488881,-5.5504791126796409],[105.25434043779629,-5.5504791515282657],[105.2543404765625,-5.5505696152688078],[105.25425018945559,-5.550569654104283],[105.25420509552725,-5.5506855373416029],[105.25415990234804,-5.5505696929259685],[105.25393760580252,-5.5507115290859099],[105.2538398636208,-5.550699390255879],[105.25375870319802,-5.5508010284456155],[105.25358464703497,-5.5509408057381293],[105.25379898602672,-5.5511126305351759],[105.25384408006444,-5.5509967473253843],[105.25388927321941,-5.5511125917648281]]]},"properties":{"FID":132,"Id":133,"gridcode":4}},{"type":"Feature","id":133,"geometry":{"type":"Polygon","coordinates":[[[105.2530768041982,-5.5513843314432076],[105.25316709143731,-5.5513842927812744],[105.25316705284423,-5.5512938290349618],[105.25307676561891,-5.5512938676962618],[105.2530768041982,-5.5513843314432076]]]},"properties":{"FID":133,"Id":134,"gridcode":3}},{"type":"Feature","id":134,"geometry":{"type":"Polygon","coordinates":[[[105.25343810769452,-5.5517460316876104],[105.25343806905761,-5.5516555679443051],[105.25334778177915,-5.5516556066495131],[105.2533478204023,-5.5517460703934516],[105.25343810769452,-5.5517460316876104]]]},"properties":{"FID":134,"Id":135,"gridcode":5}},{"type":"Feature","id":135,"geometry":{"type":"Polygon","coordinates":[[[105.25352839498611,-5.5517459929679767],[105.2535663798955,-5.5519539667251534],[105.25361872094214,-5.5518364179763102],[105.25361868227705,-5.5517459542345531],[105.25352839498611,-5.5517459929679767]]]},"properties":{"FID":135,"Id":136,"gridcode":5}},{"type":"Feature","id":136,"geometry":{"type":"Polygon","coordinates":[[[105.2536188369412,-5.5521078091999252],[105.25370912428656,-5.5521077704501689],[105.25370908560581,-5.5520173067098764],[105.2536187982742,-5.5520173454589967],[105.2536188369412,-5.5521078091999252]]]},"properties":{"FID":136,"Id":137,"gridcode":3}},{"type":"Feature","id":137,"geometry":{"type":"Polygon","coordinates":[[[105.25307707427118,-5.5520175776640945],[105.2530771900263,-5.5522889688974697],[105.25316747740304,-5.5522889302291976],[105.2531673616066,-5.552017538997724],[105.25307707427118,-5.5520175776640945]]]},"properties":{"FID":137,"Id":138,"gridcode":3}},{"type":"Feature","id":138,"geometry":{"type":"Polygon","coordinates":[[[105.25316747740304,-5.5522889302291976],[105.2534383395294,-5.5522888141416287],[105.25343826224855,-5.5521078866580611],[105.2536188369412,-5.5521078091999252],[105.2536187982742,-5.5520173454589967],[105.25370908560581,-5.5520173067098764],[105.2537090082462,-5.55183637922846],[105.25361872094214,-5.5518364179763102],[105.2535663798955,-5.5519539667251534],[105.25352839498611,-5.5517459929679767],[105.25343810769452,-5.5517460316876104],[105.2533478204023,-5.5517460703934516],[105.25334778177915,-5.5516556066495131],[105.25326471668515,-5.5511669409080442],[105.25316705284423,-5.5512938290349618],[105.25316709143731,-5.5513842927812744],[105.2530768041982,-5.5513843314432076],[105.25294991401559,-5.5517010089286041],[105.25307707427118,-5.5520175776640945],[105.2531673616066,-5.552017538997724],[105.25316747740304,-5.5522889302291976]]]},"properties":{"FID":138,"Id":139,"gridcode":4}},{"type":"Feature","id":139,"geometry":{"type":"Polygon","coordinates":[[[105.25325784200747,-5.5524698190321331],[105.25330303517534,-5.55258566351075],[105.25334812941045,-5.5524697803350076],[105.25325784200747,-5.5524698190321331]]]},"properties":{"FID":139,"Id":140,"gridcode":2}},{"type":"Feature","id":140,"geometry":{"type":"Polygon","coordinates":[[[105.25325784200747,-5.5524698190321331],[105.25334812941045,-5.5524697803350076],[105.25357032349845,-5.5524026481022695],[105.2534383395294,-5.5522888141416287],[105.25316747740304,-5.5522889302291976],[105.25325784200747,-5.5524698190321331]]]},"properties":{"FID":140,"Id":141,"gridcode":3}},{"type":"Feature","id":141,"geometry":{"type":"Polygon","coordinates":[[[105.25064294900864,-5.5606126725750569],[105.25059952450476,-5.5604108288808378],[105.25043035451192,-5.5604960329518818],[105.25064294900864,-5.5606126725750569]]]},"properties":{"FID":141,"Id":142,"gridcode":4}},{"type":"Feature","id":142,"geometry":{"type":"Polygon","coordinates":[[[105.25082364123367,-5.5608839870558135],[105.25078738961503,-5.5606784205761715],[105.2507062728434,-5.5608337227638094],[105.25082364123367,-5.5608839870558135]]]},"properties":{"FID":142,"Id":143,"gridcode":4}},{"type":"Feature","id":143,"geometry":{"type":"Polygon","coordinates":[[[105.24369098069981,-5.5612488307993839],[105.24378126950563,-5.5612487935051034],[105.24378123227689,-5.5611583297242433],[105.24369094348486,-5.5611583670179137],[105.24369098069981,-5.5612488307993839]]]},"properties":{"FID":143,"Id":144,"gridcode":4}},{"type":"Feature","id":144,"geometry":{"type":"Polygon","coordinates":[[[105.24351040308633,-5.5612489053465008],[105.24359344737124,-5.5610369962770934],[105.24338074103061,-5.5611487142692351],[105.24351040308633,-5.5612489053465008]]]},"properties":{"FID":144,"Id":145,"gridcode":4}},{"type":"Feature","id":145,"geometry":{"type":"Polygon","coordinates":[[[105.24351040308633,-5.5612489053465008],[105.24351044027431,-5.5613393691289144],[105.24369101791537,-5.5613392945805771],[105.24369098069981,-5.5612488307993839],[105.24351040308633,-5.5612489053465008]]]},"properties":{"FID":145,"Id":146,"gridcode":4}},{"type":"Feature","id":146,"geometry":{"type":"Polygon","coordinates":[[[105.24540654286071,-5.5614290473845474],[105.24540650538255,-5.5613385836152665],[105.24531621657405,-5.5613386211588285],[105.24531625403841,-5.5614290849287249],[105.24540654286071,-5.5614290473845474]]]},"properties":{"FID":146,"Id":147,"gridcode":4}},{"type":"Feature","id":147,"geometry":{"type":"Polygon","coordinates":[[[105.25290047430822,-5.5613354193403417],[105.25286422193994,-5.5611298530253368],[105.2527831056692,-5.5612851554742218],[105.25290047430822,-5.5613354193403417]]]},"properties":{"FID":147,"Id":148,"gridcode":5}},{"type":"Feature","id":148,"geometry":{"type":"Polygon","coordinates":[[[105.24369109234833,-5.561520222142132],[105.24369105513153,-5.5614297583614931],[105.24357543392313,-5.5614750379992577],[105.24369109234833,-5.561520222142132]]]},"properties":{"FID":148,"Id":149,"gridcode":4}},{"type":"Feature","id":149,"geometry":{"type":"Polygon","coordinates":[[[105.24567740932387,-5.5614289346691255],[105.24597489023593,-5.5613900780224963],[105.24574132261759,-5.5613072342671162],[105.24567740932387,-5.5614289346691255]]]},"properties":{"FID":149,"Id":150,"gridcode":4}},{"type":"Feature","id":150,"geometry":{"type":"Polygon","coordinates":[[[105.24965019306038,-5.5616081947040739],[105.24961926719523,-5.561502956146481],[105.24953937799943,-5.5615756056619645],[105.24965019306038,-5.5616081947040739]]]},"properties":{"FID":150,"Id":151,"gridcode":4}},{"type":"Feature","id":151,"geometry":{"type":"Polygon","coordinates":[[[105.2445940555037,-5.5617007761075348],[105.24459401814779,-5.5616103123335634],[105.24447839698151,-5.561655592146507],[105.2445940555037,-5.5617007761075348]]]},"properties":{"FID":151,"Id":152,"gridcode":4}},{"type":"Feature","id":152,"geometry":{"type":"Polygon","coordinates":[[[105.24414238743888,-5.5611581804114145],[105.24414246200726,-5.561339107967969],[105.24432303963971,-5.5613390332262211],[105.24432311426571,-5.5615199607792221],[105.24459398079249,-5.561519848559314],[105.24459401814779,-5.5616103123335634],[105.24469198801688,-5.5615497740544848],[105.24480181763785,-5.5611959641031623],[105.24414238743888,-5.5611581804114145]]]},"properties":{"FID":152,"Id":153,"gridcode":4}},{"type":"Feature","id":153,"geometry":{"type":"Polygon","coordinates":[[[105.24639983275821,-5.5617000247726551],[105.24639979512652,-5.5616095610109797],[105.24630950628348,-5.5616095987083574],[105.24630954390138,-5.561700062470651],[105.24639983275821,-5.5617000247726551]]]},"properties":{"FID":153,"Id":154,"gridcode":4}},{"type":"Feature","id":154,"geometry":{"type":"Polygon","coordinates":[[[105.24992113585773,-5.5617890075115515],[105.25001142470332,-5.5617889692602924],[105.25001138651942,-5.5616985055237533],[105.24992109768763,-5.5616985437743871],[105.24992113585773,-5.5617890075115515]]]},"properties":{"FID":154,"Id":155,"gridcode":5}},{"type":"Feature","id":155,"geometry":{"type":"Polygon","coordinates":[[[105.25028229123626,-5.5617888544236171],[105.25025136524943,-5.561683615905272],[105.25017147611162,-5.5617562655035071],[105.25028229123626,-5.5617888544236171]]]},"properties":{"FID":155,"Id":156,"gridcode":4}},{"type":"Feature","id":156,"geometry":{"type":"Polygon","coordinates":[[[105.25046286892174,-5.5617887777967523],[105.25043194290325,-5.5616835392893185],[105.2503520537887,-5.561756188911005],[105.25046286892174,-5.5617887777967523]]]},"properties":{"FID":156,"Id":157,"gridcode":4}},{"type":"Feature","id":157,"geometry":{"type":"Polygon","coordinates":[[[105.24369109234833,-5.561520222142132],[105.24373153704592,-5.5617205268716345],[105.24387178177888,-5.5617915388726855],[105.24387174453267,-5.5617010750940983],[105.24396203340621,-5.5617010377691338],[105.24393167724827,-5.5616409767066788],[105.24369109234833,-5.561520222142132]]]},"properties":{"FID":157,"Id":158,"gridcode":4}},{"type":"Feature","id":158,"geometry":{"type":"Polygon","coordinates":[[[105.24450384132057,-5.5618817410775483],[105.24459413021737,-5.5618817036546471],[105.24459409286023,-5.561791239881229],[105.24450380397721,-5.5617912773035183],[105.24450384132057,-5.5618817410775483]]]},"properties":{"FID":158,"Id":159,"gridcode":4}},{"type":"Feature","id":159,"geometry":{"type":"Polygon","coordinates":[[[105.24558730804138,-5.5618812910908515],[105.24558727053255,-5.5617908273241854],[105.24549698165634,-5.5617908648984518],[105.24549701915139,-5.5618813286657334],[105.24558730804138,-5.5618812910908515]]]},"properties":{"FID":159,"Id":160,"gridcode":4}},{"type":"Feature","id":160,"geometry":{"type":"Polygon","coordinates":[[[105.25001138651942,-5.5616985055237533],[105.25013190408556,-5.5614553247959782],[105.2498003760161,-5.5614580705083494],[105.2498611656011,-5.5617586427433325],[105.24992113585773,-5.5617890075115515],[105.24992109768763,-5.5616985437743871],[105.25001138651942,-5.5616985055237533]]]},"properties":{"FID":160,"Id":161,"gridcode":4}},{"type":"Feature","id":161,"geometry":{"type":"Polygon","coordinates":[[[105.24486488471038,-5.5616101999874772],[105.2447745958568,-5.5616102374499885],[105.24477470800912,-5.5618816287673951],[105.24486499690407,-5.5618815913030453],[105.24486488471038,-5.5616101999874772]]]},"properties":{"FID":161,"Id":162,"gridcode":4}},{"type":"Feature","id":162,"geometry":{"type":"Polygon","coordinates":[[[105.24486484731372,-5.5615197362150663],[105.24504542499145,-5.5615196612498234],[105.2450455746921,-5.5618815163328952],[105.2451358635852,-5.5618814788270958],[105.24522615247768,-5.56188144130748],[105.24522611502401,-5.5617909775383554],[105.24522604011852,-5.5616100499992749],[105.24511038157156,-5.5615648661633337],[105.2452260026667,-5.561519586229319],[105.24522592776493,-5.5613386586885758],[105.24509065326663,-5.561406100799517],[105.24495548774563,-5.561340031318605],[105.24486484731372,-5.5615197362150663]]]},"properties":{"FID":162,"Id":163,"gridcode":4}},{"type":"Feature","id":163,"geometry":{"type":"Polygon","coordinates":[[[105.24649012161443,-5.5616999870608437],[105.24649019690726,-5.5618809145821322],[105.24667077467298,-5.5618808391145915],[105.24667069932498,-5.561699911595773],[105.24649012161443,-5.5616999870608437]]]},"properties":{"FID":163,"Id":164,"gridcode":4}},{"type":"Feature","id":164,"geometry":{"type":"Polygon","coordinates":[[[105.24495536062486,-5.5620624813659809],[105.24495532321131,-5.5619720175955685],[105.2448650343032,-5.5619720550743486],[105.24486507170295,-5.5620625188453738],[105.24495536062486,-5.5620624813659809]]]},"properties":{"FID":164,"Id":165,"gridcode":4}},{"type":"Feature","id":165,"geometry":{"type":"Polygon","coordinates":[[[105.24522618993197,-5.5619719050763283],[105.24527138236517,-5.5620877501704244],[105.24531647883761,-5.5619718675422822],[105.24522618993197,-5.5619719050763283]]]},"properties":{"FID":165,"Id":166,"gridcode":4}},{"type":"Feature","id":166,"geometry":{"type":"Polygon","coordinates":[[[105.24531640390207,-5.5617909400055368],[105.24531647883761,-5.5619718675422822],[105.24540676774264,-5.5619718299944187],[105.24540669277953,-5.5617909024589025],[105.24531640390207,-5.5617909400055368]]]},"properties":{"FID":166,"Id":167,"gridcode":4}},{"type":"Feature","id":167,"geometry":{"type":"Polygon","coordinates":[[[105.24549709414332,-5.562062256199467],[105.24549705664705,-5.5619717924327388],[105.24540676774264,-5.5619718299944187],[105.24540680522513,-5.5620622937617616],[105.24549709414332,-5.562062256199467]]]},"properties":{"FID":167,"Id":168,"gridcode":4}},{"type":"Feature","id":168,"geometry":{"type":"Polygon","coordinates":[[[105.25019211703078,-5.5620602839205233],[105.25014692365419,-5.5619444392460444],[105.25010182814508,-5.5620603222012939],[105.25019211703078,-5.5620602839205233]]]},"properties":{"FID":168,"Id":169,"gridcode":3}},{"type":"Feature","id":169,"geometry":{"type":"Polygon","coordinates":[[[105.24387178177888,-5.5617915388726855],[105.24387181902571,-5.5618820026509956],[105.2441426857272,-5.561881890630989],[105.24414276030545,-5.5620628181831133],[105.24441362708414,-5.5620627060350882],[105.24435678624069,-5.5618585159687184],[105.24396207066621,-5.5617915015471109],[105.24387178177888,-5.5617915388726855]]]},"properties":{"FID":169,"Id":170,"gridcode":4}},{"type":"Feature","id":170,"geometry":{"type":"Polygon","coordinates":[[[105.24396207066621,-5.5617915015471109],[105.24435678624069,-5.5618585159687184],[105.24441362708414,-5.5620627060350882],[105.24450391600914,-5.5620626686247787],[105.24450384132057,-5.5618817410775483],[105.24450380397721,-5.5617912773035183],[105.24459409286023,-5.561791239881229],[105.2445940555037,-5.5617007761075348],[105.24447839698151,-5.561655592146507],[105.24459401814779,-5.5616103123335634],[105.24459398079249,-5.561519848559314],[105.24432311426571,-5.5615199607792221],[105.24432303963971,-5.5613390332262211],[105.24414246200726,-5.561339107967969],[105.24414238743888,-5.5611581804114145],[105.24378123227689,-5.5611583297242433],[105.24378126950563,-5.5612487935051034],[105.24369098069981,-5.5612488307993839],[105.24369101791537,-5.5613392945805771],[105.24369105513153,-5.5614297583614931],[105.24369109234833,-5.561520222142132],[105.24393167724827,-5.5616409767066788],[105.24396203340621,-5.5617010377691338],[105.24396207066621,-5.5617915015471109]]]},"properties":{"FID":170,"Id":171,"gridcode":5}},{"type":"Feature","id":171,"geometry":{"type":"Polygon","coordinates":[[[105.24983099964307,-5.5621509006973886],[105.24980007371356,-5.5620456621539187],[105.24972018447082,-5.5621183116948441],[105.24983099964307,-5.5621509006973886]]]},"properties":{"FID":171,"Id":172,"gridcode":4}},{"type":"Feature","id":172,"geometry":{"type":"Polygon","coordinates":[[[105.25082417752341,-5.562150479298043],[105.2508241392129,-5.5620600155682549],[105.25073385033163,-5.5620600539457437],[105.25073388862836,-5.5621505176761588],[105.25082417752341,-5.562150479298043]]]},"properties":{"FID":172,"Id":173,"gridcode":4}},{"type":"Feature","id":173,"geometry":{"type":"Polygon","coordinates":[[[105.2511853330973,-5.5621503256474059],[105.25118529473161,-5.5620598619201322],[105.25106967404038,-5.5621051430054882],[105.2511853330973,-5.5621503256474059]]]},"properties":{"FID":173,"Id":174,"gridcode":5}},{"type":"Feature","id":174,"geometry":{"type":"Polygon","coordinates":[[[105.25127562198919,-5.5621502872002031],[105.25127558360971,-5.5620598234735592],[105.25118529473161,-5.5620598619201322],[105.2511853330973,-5.5621503256474059],[105.25127562198919,-5.5621502872002031]]]},"properties":{"FID":174,"Id":175,"gridcode":4}},{"type":"Feature","id":175,"geometry":{"type":"Polygon","coordinates":[[[105.25010182814508,-5.5620603222012939],[105.24999084175991,-5.5621039573256041],[105.25014681781131,-5.5621762380787105],[105.25019211703078,-5.5620602839205233],[105.25010182814508,-5.5620603222012939]]]},"properties":{"FID":175,"Id":176,"gridcode":4}},{"type":"Feature","id":176,"geometry":{"type":"Polygon","coordinates":[[[105.24495536062486,-5.5620624813659809],[105.24495543545379,-5.5622434089059736],[105.24513601335092,-5.5622433339032824],[105.24507530074818,-5.5621232119123434],[105.24495536062486,-5.5620624813659809]]]},"properties":{"FID":176,"Id":177,"gridcode":4}},{"type":"Feature","id":177,"geometry":{"type":"Polygon","coordinates":[[[105.24676113893295,-5.5620617288765732],[105.24676121431351,-5.5622426563919403],[105.24685150324997,-5.5622426186211564],[105.24685142784185,-5.5620616911070258],[105.24676113893295,-5.5620617288765732]]]},"properties":{"FID":177,"Id":178,"gridcode":4}},{"type":"Feature","id":178,"geometry":{"type":"Polygon","coordinates":[[[105.24937959321727,-5.5622415554293925],[105.24945125716815,-5.562096952215887],[105.24923515747511,-5.5619875341609237],[105.24916863897093,-5.5621347426742718],[105.24937959321727,-5.5622415554293925]]]},"properties":{"FID":178,"Id":179,"gridcode":4}},{"type":"Feature","id":179,"geometry":{"type":"Polygon","coordinates":[[[105.25028252060106,-5.5623316368257587],[105.25025159458151,-5.562226398310635],[105.25017170537352,-5.5622990479108632],[105.25028252060106,-5.5623316368257587]]]},"properties":{"FID":179,"Id":180,"gridcode":4}},{"type":"Feature","id":180,"geometry":{"type":"Polygon","coordinates":[[[105.25064367630047,-5.5623314835017137],[105.25064363801626,-5.5622410197712249],[105.25055334910614,-5.5622410581223347],[105.25055338737656,-5.5623315218534524],[105.25064367630047,-5.5623314835017137]]]},"properties":{"FID":180,"Id":181,"gridcode":4}},{"type":"Feature","id":181,"geometry":{"type":"Polygon","coordinates":[[[105.25100483198973,-5.5623313299565877],[105.25100479365037,-5.5622408662286116],[105.25091450474278,-5.562240904634991],[105.25091454306836,-5.562331368363596],[105.25100483198973,-5.5623313299565877]]]},"properties":{"FID":181,"Id":182,"gridcode":4}},{"type":"Feature","id":182,"geometry":{"type":"Polygon","coordinates":[[[105.25082417752341,-5.562150479298043],[105.25091446641784,-5.5621504409061089],[105.25091450474278,-5.562240904634991],[105.25100479365037,-5.5622408662286116],[105.25100471697353,-5.562059938771827],[105.25091442809352,-5.5620599771769497],[105.2508241392129,-5.5620600155682549],[105.25082417752341,-5.562150479298043]]]},"properties":{"FID":182,"Id":183,"gridcode":5}},{"type":"Feature","id":183,"geometry":{"type":"Polygon","coordinates":[[[105.25100479365037,-5.5622408662286116],[105.25118537146362,-5.5622407893744015],[105.2511853330973,-5.5621503256474059],[105.25106967404038,-5.5621051430054882],[105.25118529473161,-5.5620598619201322],[105.25107850992119,-5.5618485897192613],[105.25084142830065,-5.5619129908869311],[105.25091442809352,-5.5620599771769497],[105.25100471697353,-5.562059938771827],[105.25100479365037,-5.5622408662286116]]]},"properties":{"FID":183,"Id":184,"gridcode":4}},{"type":"Feature","id":184,"geometry":{"type":"Polygon","coordinates":[[[105.24513601335092,-5.5622433339032824],[105.24513605079389,-5.5623337976716369],[105.24531662871613,-5.562333722612447],[105.24531659124557,-5.5622432588453217],[105.24513601335092,-5.5622433339032824]]]},"properties":{"FID":184,"Id":185,"gridcode":4}},{"type":"Feature","id":185,"geometry":{"type":"Polygon","coordinates":[[[105.24513601335092,-5.5622433339032824],[105.24531659124557,-5.5622432588453217],[105.24531662871613,-5.562333722612447],[105.24540691767632,-5.5623336850621259],[105.24543718674008,-5.5621831350831945],[105.24549709414332,-5.562062256199467],[105.24540680522513,-5.5620622937617616],[105.24540676774264,-5.5619718299944187],[105.24531647883761,-5.5619718675422822],[105.24527138236517,-5.5620877501704244],[105.24522618993197,-5.5619719050763283],[105.24513590102571,-5.5619719425965579],[105.2451358635852,-5.5618814788270958],[105.2450455746921,-5.5618815163328952],[105.24504542499145,-5.5615196612498234],[105.24486484731372,-5.5615197362150663],[105.24486488471038,-5.5616101999874772],[105.24486499690407,-5.5618815913030453],[105.24477470800912,-5.5618816287673951],[105.24477474539447,-5.5619720925393121],[105.2448650343032,-5.5619720550743486],[105.24495532321131,-5.5619720175955685],[105.24495536062486,-5.5620624813659809],[105.24507530074818,-5.5621232119123434],[105.24513601335092,-5.5622433339032824]]]},"properties":{"FID":185,"Id":186,"gridcode":5}},{"type":"Feature","id":186,"geometry":{"type":"Polygon","coordinates":[[[105.24540691767632,-5.5623336850621259],[105.2455423231511,-5.5622661776574764],[105.24567778455315,-5.5623335723282583],[105.24567759693076,-5.5618812535021531],[105.24558730804138,-5.5618812910908515],[105.24558738306089,-5.5620622186233559],[105.24549709414332,-5.562062256199467],[105.24543718674008,-5.5621831350831945],[105.24540691767632,-5.5623336850621259]]]},"properties":{"FID":186,"Id":187,"gridcode":4}},{"type":"Feature","id":187,"geometry":{"type":"Polygon","coordinates":[[[105.24585840002189,-5.5624239608664174],[105.24585836246797,-5.5623334971032588],[105.24576807351087,-5.5623335347226668],[105.24576811105101,-5.5624239984864419],[105.24585840002189,-5.5624239608664174]]]},"properties":{"FID":187,"Id":188,"gridcode":4}},{"type":"Feature","id":188,"geometry":{"type":"Polygon","coordinates":[[[105.24676128969654,-5.5624235839061997],[105.2468515786606,-5.5624235461341796],[105.24685154095496,-5.5623330823778065],[105.24676125200472,-5.5623331201492077],[105.24676128969654,-5.5624235839061997]]]},"properties":{"FID":188,"Id":189,"gridcode":4}},{"type":"Feature","id":189,"geometry":{"type":"Polygon","coordinates":[[[105.25073385033163,-5.5620600539457437],[105.25053393332767,-5.562100579328038],[105.2504630601954,-5.5622410964596281],[105.25046309845203,-5.5623315601913719],[105.25055338737656,-5.5623315218534524],[105.25055334910614,-5.5622410581223347],[105.25064363801626,-5.5622410197712249],[105.25064359973268,-5.5621505560404589],[105.25073388862836,-5.5621505176761588],[105.25073385033163,-5.5620600539457437]]]},"properties":{"FID":189,"Id":190,"gridcode":5}},{"type":"Feature","id":190,"geometry":{"type":"Polygon","coordinates":[[[105.25100483198973,-5.5623313299565877],[105.25109512091048,-5.562331291535763],[105.25136598766888,-5.5623311761903818],[105.25154656550464,-5.5623310992243749],[105.25154652708254,-5.5622406355001726],[105.25141119595747,-5.5621733073109194],[105.25131185314693,-5.5622219699405999],[105.25127562198919,-5.5621502872002031],[105.2511853330973,-5.5621503256474059],[105.25118537146362,-5.5622407893744015],[105.25100479365037,-5.5622408662286116],[105.25100483198973,-5.5623313299565877]]]},"properties":{"FID":190,"Id":191,"gridcode":5}},{"type":"Feature","id":191,"geometry":{"type":"Polygon","coordinates":[[[105.25253978213038,-5.5624211386403601],[105.25250885570968,-5.5623159002622335],[105.25242896678076,-5.5623885501559318],[105.25253978213038,-5.5624211386403601]]]},"properties":{"FID":191,"Id":192,"gridcode":4}},{"type":"Feature","id":192,"geometry":{"type":"Polygon","coordinates":[[[105.24667103841054,-5.562514085421733],[105.24676132738901,-5.5625140476629138],[105.24676128969654,-5.5624235839061997],[105.24667100073188,-5.5624236216644007],[105.24667103841054,-5.562514085421733]]]},"properties":{"FID":192,"Id":193,"gridcode":4}},{"type":"Feature","id":193,"geometry":{"type":"Polygon","coordinates":[[[105.24974078703303,-5.5623318663973018],[105.24962485546878,-5.5621201681502779],[105.24952823018084,-5.5623056902139325],[105.24974082517997,-5.5624223301337787],[105.24974078703303,-5.5623318663973018]]]},"properties":{"FID":193,"Id":194,"gridcode":5}},{"type":"Feature","id":194,"geometry":{"type":"Polygon","coordinates":[[[105.25136602606405,-5.5624216399155655],[105.25154660392739,-5.5624215629482991],[105.25154656550464,-5.5623310992243749],[105.25136598766888,-5.5623311761903818],[105.25136602606405,-5.5624216399155655]]]},"properties":{"FID":194,"Id":195,"gridcode":4}},{"type":"Feature","id":195,"geometry":{"type":"Polygon","coordinates":[[[105.24621963111923,-5.5626047377687016],[105.24621959350891,-5.5625142740085618],[105.24612930452673,-5.5625143116844731],[105.24612934212327,-5.5626047754452301],[105.24621963111923,-5.5626047377687016]]]},"properties":{"FID":195,"Id":196,"gridcode":4}},{"type":"Feature","id":196,"geometry":{"type":"Polygon","coordinates":[[[105.24974078703303,-5.5623318663973018],[105.24974082517997,-5.5624223301337787],[105.24978622229088,-5.5625382458667181],[105.24984896289443,-5.5623742907982718],[105.24974078703303,-5.5623318663973018]]]},"properties":{"FID":196,"Id":197,"gridcode":4}},{"type":"Feature","id":197,"geometry":{"type":"Polygon","coordinates":[[[105.25001176838668,-5.5626031428766787],[105.24996657499857,-5.5624872981907849],[105.249921479417,-5.5626031811335714],[105.25001176838668,-5.5626031428766787]]]},"properties":{"FID":197,"Id":198,"gridcode":3}},{"type":"Feature","id":198,"geometry":{"type":"Polygon","coordinates":[[[105.25055338737656,-5.5623315218534524],[105.25055346391929,-5.5625124493148537],[105.25064375287079,-5.5625124109618609],[105.25064367630047,-5.5623314835017137],[105.25055338737656,-5.5623315218534524]]]},"properties":{"FID":198,"Id":199,"gridcode":5}},{"type":"Feature","id":199,"geometry":{"type":"Polygon","coordinates":[[[105.25263014823251,-5.5626020274158723],[105.25263010964299,-5.5625115637000766],[105.25253982070548,-5.5625116023570644],[105.2525398592812,-5.5626020660734925],[105.25263014823251,-5.5626020274158723]]]},"properties":{"FID":199,"Id":200,"gridcode":4}},{"type":"Feature","id":200,"geometry":{"type":"Polygon","coordinates":[[[105.25244937752595,-5.5621497861292237],[105.25259364599435,-5.5622228327855954],[105.25263010964299,-5.5625115637000766],[105.25274906983029,-5.5624559740939361],[105.25268248514075,-5.5621346294592984],[105.25250398711101,-5.5620322079855802],[105.25244937752595,-5.5621497861292237]]]},"properties":{"FID":200,"Id":201,"gridcode":4}},{"type":"Feature","id":201,"geometry":{"type":"Polygon","coordinates":[[[105.25001180657689,-5.5626936066104475],[105.25001176838668,-5.5626031428766787],[105.249921479417,-5.5626031811335714],[105.24992151759341,-5.5626936448679656],[105.25001180657689,-5.5626936066104475]]]},"properties":{"FID":201,"Id":202,"gridcode":5}},{"type":"Feature","id":202,"geometry":{"type":"Polygon","coordinates":[[[105.25046325148486,-5.5626934151155769],[105.2504632132257,-5.5626029513849407],[105.25037292425917,-5.5626029897109257],[105.25037296250451,-5.5626934534421881],[105.25046325148486,-5.5626934151155769]]]},"properties":{"FID":202,"Id":203,"gridcode":4}},{"type":"Feature","id":203,"geometry":{"type":"Polygon","coordinates":[[[105.25046325148486,-5.5626934151155769],[105.25055354046455,-5.5626933767751483],[105.25055350219161,-5.5626029130451391],[105.2504632132257,-5.5626029513849407],[105.25046325148486,-5.5626934151155769]]]},"properties":{"FID":203,"Id":204,"gridcode":3}},{"type":"Feature","id":204,"geometry":{"type":"Polygon","coordinates":[[[105.2504630601954,-5.5622410964596281],[105.25038723728747,-5.5622935964137374],[105.2504632132257,-5.5626029513849407],[105.25055350219161,-5.5626029130451391],[105.25055346391929,-5.5625124493148537],[105.25055338737656,-5.5623315218534524],[105.25046309845203,-5.5623315601913719],[105.2504630601954,-5.5622410964596281]]]},"properties":{"FID":204,"Id":205,"gridcode":4}},{"type":"Feature","id":205,"geometry":{"type":"Polygon","coordinates":[[[105.25064375287079,-5.5625124109618609],[105.25064379115689,-5.5626028746915193],[105.25082436908552,-5.5626027979428239],[105.25073400352235,-5.5624219088657432],[105.25073396522373,-5.5623314451361594],[105.25064367630047,-5.5623314835017137],[105.25064375287079,-5.5625124109618609]]]},"properties":{"FID":205,"Id":206,"gridcode":4}},{"type":"Feature","id":206,"geometry":{"type":"Polygon","coordinates":[[[105.25253989785756,-5.5626925297896435],[105.2525398592812,-5.5626020660734925],[105.25244957032925,-5.5626021047172944],[105.25244960889182,-5.5626925684340778],[105.25253989785756,-5.5626925297896435]]]},"properties":{"FID":206,"Id":207,"gridcode":4}},{"type":"Feature","id":207,"geometry":{"type":"Polygon","coordinates":[[[105.25263014823251,-5.5626020274158723],[105.25266107469173,-5.5627072657849643],[105.25274096363198,-5.5626346158599578],[105.25263014823251,-5.5626020274158723]]]},"properties":{"FID":207,"Id":208,"gridcode":3}},{"type":"Feature","id":208,"geometry":{"type":"Polygon","coordinates":[[[105.25001180657689,-5.5626936066104475],[105.25028267352356,-5.5626934917549802],[105.25024475326289,-5.5625457014067168],[105.25001176838668,-5.5626031428766787],[105.25001180657689,-5.5626936066104475]]]},"properties":{"FID":208,"Id":209,"gridcode":4}},{"type":"Feature","id":209,"geometry":{"type":"Polygon","coordinates":[[[105.25073415672321,-5.5627837637813107],[105.25073411842206,-5.5626933000528345],[105.25061849757085,-5.562738581055938],[105.25073415672321,-5.5627837637813107]]]},"properties":{"FID":209,"Id":210,"gridcode":3}},{"type":"Feature","id":210,"geometry":{"type":"Polygon","coordinates":[[[105.25073400352235,-5.5624219088657432],[105.25082436908552,-5.5626027979428239],[105.25082440739985,-5.5626932616709501],[105.25091469637702,-5.5626932232752466],[105.25100490867038,-5.5625122574117105],[105.25100487032974,-5.5624217936842877],[105.25073400352235,-5.5624219088657432]]]},"properties":{"FID":210,"Id":211,"gridcode":3}},{"type":"Feature","id":211,"geometry":{"type":"Polygon","coordinates":[[[105.25145639181586,-5.562602528887119],[105.2516039676922,-5.562675948849753],[105.25163693129529,-5.562511988166956],[105.25136606445986,-5.562512103640473],[105.25136602606405,-5.5624216399155655],[105.25109515926427,-5.5624217552628341],[105.25109512091048,-5.562331291535763],[105.25100483198973,-5.5623313299565877],[105.25100487032974,-5.5624217936842877],[105.25100490867038,-5.5625122574117105],[105.25123891379623,-5.5625491065879054],[105.25145639181586,-5.562602528887119]]]},"properties":{"FID":211,"Id":212,"gridcode":4}},{"type":"Feature","id":212,"geometry":{"type":"Polygon","coordinates":[[[105.25163693129529,-5.562511988166956],[105.25201149156247,-5.5626593363013326],[105.25230832871573,-5.5626119459063439],[105.25212769135128,-5.5624723703687753],[105.25208833750222,-5.5624213317148703],[105.25187082103145,-5.5622774459260373],[105.25154652708254,-5.5622406355001726],[105.25154656550464,-5.5623310992243749],[105.25171020936514,-5.5623641266339074],[105.25163693129529,-5.562511988166956]]]},"properties":{"FID":212,"Id":213,"gridcode":4}},{"type":"Feature","id":213,"geometry":{"type":"Polygon","coordinates":[[[105.25244964745502,-5.5627830321505849],[105.25253993643456,-5.5627829935055182],[105.25253989785756,-5.5626925297896435],[105.25244960889182,-5.5626925684340778],[105.25244964745502,-5.5627830321505849]]]},"properties":{"FID":213,"Id":214,"gridcode":3}},{"type":"Feature","id":214,"geometry":{"type":"Polygon","coordinates":[[[105.24621963111923,-5.5626047377687016],[105.24624998755772,-5.5626647986990703],[105.24649057340872,-5.5627855521719569],[105.24649053575578,-5.5626950884142214],[105.24667111376974,-5.562695012935567],[105.24667103841054,-5.562514085421733],[105.24667100073188,-5.5624236216644007],[105.24676128969654,-5.5624235839061997],[105.24676125200472,-5.5623331201492077],[105.24685154095496,-5.5623330823778065],[105.24685150324997,-5.5622426186211564],[105.24676121431351,-5.5622426563919403],[105.24676113893295,-5.5620617288765732],[105.24667085002346,-5.5620617666323042],[105.24667077467298,-5.5618808391145915],[105.24649019690726,-5.5618809145821322],[105.24649012161443,-5.5616999870608437],[105.24639983275821,-5.5617000247726551],[105.24630954390138,-5.561700062470651],[105.24630950628348,-5.5616095987083574],[105.2463094686662,-5.5615191349457866],[105.24567744684401,-5.5615193984362845],[105.24567740932387,-5.5614289346691255],[105.24540654286071,-5.5614290473845474],[105.24531625403841,-5.5614290849287249],[105.24531621657405,-5.5613386211588285],[105.24522592776493,-5.5613386586885758],[105.2452260026667,-5.561519586229319],[105.24522604011852,-5.5616100499992749],[105.24522611502401,-5.5617909775383554],[105.24531640390207,-5.5617909400055368],[105.24540669277953,-5.5617909024589025],[105.24549698165634,-5.5617908648984518],[105.24558727053255,-5.5617908273241854],[105.24558730804138,-5.5618812910908515],[105.24567759693076,-5.5618812535021531],[105.24567778455315,-5.5623335723282583],[105.24576807351087,-5.5623335347226668],[105.24585836246797,-5.5623334971032588],[105.24585840002189,-5.5624239608664174],[105.24585843757643,-5.5625144246292999],[105.24612930452673,-5.5625143116844731],[105.24621959350891,-5.5625142740085618],[105.24621963111923,-5.5626047377687016]]]},"properties":{"FID":214,"Id":215,"gridcode":5}},{"type":"Feature","id":215,"geometry":{"type":"Polygon","coordinates":[[[105.24667118913142,-5.5628759404482908],[105.24667115145026,-5.5627854766920679],[105.24658086242979,-5.5627855144389216],[105.24658090009716,-5.5628759781957626],[105.24667118913142,-5.5628759404482908]]]},"properties":{"FID":215,"Id":216,"gridcode":5}},{"type":"Feature","id":216,"geometry":{"type":"Polygon","coordinates":[[[105.24649057340872,-5.5627855521719569],[105.24658086242979,-5.5627855144389216],[105.24667115145026,-5.5627854766920679],[105.24667111376974,-5.562695012935567],[105.24649053575578,-5.5626950884142214],[105.24649057340872,-5.5627855521719569]]]},"properties":{"FID":216,"Id":217,"gridcode":4}},{"type":"Feature","id":217,"geometry":{"type":"Polygon","coordinates":[[[105.250734195025,-5.5628742275095089],[105.25084981589237,-5.5628289464831404],[105.25073415672321,-5.5627837637813107],[105.250734195025,-5.5628742275095089]]]},"properties":{"FID":217,"Id":218,"gridcode":5}},{"type":"Feature","id":218,"geometry":{"type":"Polygon","coordinates":[[[105.25226906949406,-5.5627831093992617],[105.25235935847486,-5.5627830707818324],[105.25244964745502,-5.5627830321505849],[105.25244960889182,-5.5626925684340778],[105.25226903095843,-5.5626926456814925],[105.25226906949406,-5.5627831093992617]]]},"properties":{"FID":218,"Id":219,"gridcode":4}},{"type":"Feature","id":219,"geometry":{"type":"Polygon","coordinates":[[[105.25046328974464,-5.5627838788459369],[105.25034601268872,-5.562836422280717],[105.25055361701234,-5.5628743042343336],[105.25055357873813,-5.5627838405048795],[105.25046328974464,-5.5627838788459369]]]},"properties":{"FID":219,"Id":220,"gridcode":4}},{"type":"Feature","id":220,"geometry":{"type":"Polygon","coordinates":[[[105.25091481136515,-5.5629646144560754],[105.25103043223444,-5.5629193333942712],[105.25091477303515,-5.5628741507294093],[105.25091481136515,-5.5629646144560754]]]},"properties":{"FID":220,"Id":221,"gridcode":3}},{"type":"Feature","id":221,"geometry":{"type":"Polygon","coordinates":[[[105.25208856854853,-5.5629641140298993],[105.25208853003923,-5.5628736503114204],[105.25199824104271,-5.5628736888880255],[105.25199827953824,-5.5629641526071358],[105.25208856854853,-5.5629641140298993]]]},"properties":{"FID":221,"Id":222,"gridcode":4}},{"type":"Feature","id":222,"geometry":{"type":"Polygon","coordinates":[[[105.25217881903508,-5.5628736117209971],[105.25235939702492,-5.562873534498693],[105.25235935847486,-5.5627830707818324],[105.25226906949406,-5.5627831093992617],[105.25217878051262,-5.5627831480028735],[105.25217881903508,-5.5628736117209971]]]},"properties":{"FID":222,"Id":223,"gridcode":3}},{"type":"Feature","id":223,"geometry":{"type":"Polygon","coordinates":[[[105.24992167030533,-5.5630554998027746],[105.2499216321264,-5.562965036069488],[105.24983134310091,-5.5629650743150663],[105.24983138126605,-5.5630555380489781],[105.24992167030533,-5.5630554998027746]]]},"properties":{"FID":223,"Id":224,"gridcode":4}},{"type":"Feature","id":224,"geometry":{"type":"Polygon","coordinates":[[[105.25010213376437,-5.5627840320719759],[105.25010217196962,-5.5628744958045644],[105.25014756918864,-5.5629904115031872],[105.25021030973272,-5.5628264564011598],[105.25010213376437,-5.5627840320719759]]]},"properties":{"FID":224,"Id":225,"gridcode":4}},{"type":"Feature","id":225,"geometry":{"type":"Polygon","coordinates":[[[105.25064390601899,-5.5628742658788308],[105.25064394430763,-5.5629647296073816],[105.25073423332744,-5.5629646912374309],[105.25091481136515,-5.5629646144560754],[105.25091477303515,-5.5628741507294093],[105.25091469637702,-5.5626932232752466],[105.25082440739985,-5.5626932616709501],[105.25073411842206,-5.5626933000528345],[105.25073415672321,-5.5627837637813107],[105.25084981589237,-5.5628289464831404],[105.250734195025,-5.5628742275095089],[105.25064390601899,-5.5628742658788308]]]},"properties":{"FID":225,"Id":226,"gridcode":4}},{"type":"Feature","id":226,"geometry":{"type":"Polygon","coordinates":[[[105.25190802900967,-5.5630546548900153],[105.2519983180344,-5.5630546163259682],[105.25199827953824,-5.5629641526071358],[105.2519079905273,-5.5629641911705514],[105.25190802900967,-5.5630546548900153]]]},"properties":{"FID":226,"Id":227,"gridcode":4}},{"type":"Feature","id":227,"geometry":{"type":"Polygon","coordinates":[[[105.24667115145026,-5.5627854766920679],[105.24667118913142,-5.5628759404482908],[105.24667126449559,-5.5630568679599071],[105.24676155355679,-5.5630568301973815],[105.2467614404701,-5.5627854389313942],[105.24667115145026,-5.5627854766920679]]]},"properties":{"FID":227,"Id":228,"gridcode":4}},{"type":"Feature","id":228,"geometry":{"type":"Polygon","coordinates":[[[105.2467614404701,-5.5627854389313942],[105.24676155355679,-5.5630568301973815],[105.24685184261737,-5.5630567924210359],[105.24685176719804,-5.5628758649118906],[105.24685172948931,-5.5627854011569031],[105.2467614404701,-5.5627854389313942]]]},"properties":{"FID":228,"Id":229,"gridcode":5}},{"type":"Feature","id":229,"geometry":{"type":"Polygon","coordinates":[[[105.2497411303781,-5.5631460400156234],[105.24983141943181,-5.5631460017826138],[105.24983138126605,-5.5630555380489781],[105.24974109222613,-5.5630555762813616],[105.2497411303781,-5.5631460400156234]]]},"properties":{"FID":229,"Id":230,"gridcode":4}},{"type":"Feature","id":230,"geometry":{"type":"Polygon","coordinates":[[[105.24992167030533,-5.5630554998027746],[105.24995259631693,-5.5631607383329378],[105.25003248566465,-5.5630880887580574],[105.24992167030533,-5.5630554998027746]]]},"properties":{"FID":230,"Id":231,"gridcode":4}},{"type":"Feature","id":231,"geometry":{"type":"Polygon","coordinates":[[[105.25109535104275,-5.5628740738940339],[105.25115695726539,-5.5629027981759469],[105.25124065169399,-5.5630825969936142],[105.25127589066327,-5.5627835332789557],[105.25109531268578,-5.5627836101683483],[105.25109535104275,-5.5628740738940339]]]},"properties":{"FID":231,"Id":232,"gridcode":4}},{"type":"Feature","id":232,"geometry":{"type":"Polygon","coordinates":[[[105.25172748941372,-5.5631451956971016],[105.2516965630918,-5.5630399572741327],[105.25161667396461,-5.5631126070649985],[105.25172748941372,-5.5631451956971016]]]},"properties":{"FID":232,"Id":233,"gridcode":4}},{"type":"Feature","id":233,"geometry":{"type":"Polygon","coordinates":[[[105.25190806749266,-5.5631451186092029],[105.25190802900967,-5.5630546548900153],[105.2518177399843,-5.5630546934402441],[105.2518177784535,-5.5631451571600614],[105.25190806749266,-5.5631451186092029]]]},"properties":{"FID":233,"Id":234,"gridcode":4}},{"type":"Feature","id":234,"geometry":{"type":"Polygon","coordinates":[[[105.25208853003923,-5.5628736503114204],[105.25208856854853,-5.5629641140298993],[105.25214101084795,-5.5630816178778844],[105.25217881903508,-5.5628736117209971],[105.25208853003923,-5.5628736503114204]]]},"properties":{"FID":234,"Id":235,"gridcode":3}},{"type":"Feature","id":235,"geometry":{"type":"Polygon","coordinates":[[[105.24685191803921,-5.5632377199290737],[105.24685188032799,-5.5631472561751938],[105.24676159125362,-5.5631472939521567],[105.24676162895103,-5.5632377577066556],[105.24685191803921,-5.5632377199290737]]]},"properties":{"FID":235,"Id":236,"gridcode":5}},{"type":"Feature","id":236,"geometry":{"type":"Polygon","coordinates":[[[105.24703249621369,-5.5632376443324505],[105.24703245847488,-5.5631471805798069],[105.24694216940175,-5.56314721838441],[105.24694220712676,-5.5632376821376726],[105.24703249621369,-5.5632376443324505]]]},"properties":{"FID":236,"Id":237,"gridcode":5}},{"type":"Feature","id":237,"geometry":{"type":"Polygon","coordinates":[[[105.2501926138619,-5.5632363124432356],[105.25014742038516,-5.5631204677774404],[105.25010232479693,-5.5632363507321498],[105.2501926138619,-5.5632363124432356]]]},"properties":{"FID":237,"Id":238,"gridcode":4}},{"type":"Feature","id":238,"geometry":{"type":"Polygon","coordinates":[[[105.25145666070522,-5.5632357749473638],[105.25141146698559,-5.5631199303895675],[105.2513663716491,-5.5632358134297544],[105.25145666070522,-5.5632357749473638]]]},"properties":{"FID":238,"Id":239,"gridcode":4}},{"type":"Feature","id":239,"geometry":{"type":"Polygon","coordinates":[[[105.25172752786976,-5.5632356594172725],[105.25181781692336,-5.5632356208796034],[105.2518177784535,-5.5631451571600614],[105.25172748941372,-5.5631451956971016],[105.25172752786976,-5.5632356594172725]]]},"properties":{"FID":239,"Id":240,"gridcode":4}},{"type":"Feature","id":240,"geometry":{"type":"Polygon","coordinates":[[[105.25190806749266,-5.5631451186092029],[105.251938993858,-5.5632503570187568],[105.25201888296151,-5.5631777071855257],[105.25190806749266,-5.5631451186092029]]]},"properties":{"FID":240,"Id":241,"gridcode":3}},{"type":"Feature","id":241,"geometry":{"type":"Polygon","coordinates":[[[105.24676159125362,-5.5631472939521567],[105.24685188032799,-5.5631472561751938],[105.24685191803921,-5.5632377199290737],[105.24694220712676,-5.5632376821376726],[105.24694216940175,-5.56314721838441],[105.24703245847488,-5.5631471805798069],[105.24691173742967,-5.5629062299867122],[105.24685176719804,-5.5628758649118906],[105.24685184261737,-5.5630567924210359],[105.24676155355679,-5.5630568301973815],[105.24676159125362,-5.5631472939521567]]]},"properties":{"FID":241,"Id":242,"gridcode":4}},{"type":"Feature","id":242,"geometry":{"type":"Polygon","coordinates":[[[105.24965087946258,-5.5632365419694221],[105.24969607285375,-5.5633523866767733],[105.2497411685307,-5.5632365037496081],[105.24965087946258,-5.5632365419694221]]]},"properties":{"FID":242,"Id":243,"gridcode":4}},{"type":"Feature","id":243,"geometry":{"type":"Polygon","coordinates":[[[105.25046344279011,-5.5631457337646006],[105.25055373183876,-5.563145695421035],[105.2505537701155,-5.5632361591493824],[105.25064405917733,-5.5632361207913696],[105.25057705747344,-5.5630134924900618],[105.25046344279011,-5.5631457337646006]]]},"properties":{"FID":243,"Id":244,"gridcode":4}},{"type":"Feature","id":244,"geometry":{"type":"Polygon","coordinates":[[[105.24703257169318,-5.5634185718369062],[105.24703253395313,-5.5633281080848169],[105.24694224485241,-5.5633281458906563],[105.24694228257867,-5.5634186096433647],[105.24703257169318,-5.5634185718369062]]]},"properties":{"FID":244,"Id":245,"gridcode":5}},{"type":"Feature","id":245,"geometry":{"type":"Polygon","coordinates":[[[105.24721314992034,-5.5634184961825284],[105.24721311215271,-5.5633280324316772],[105.24712282305323,-5.5633280702651566],[105.24712286080708,-5.5634185340166269],[105.24721314992034,-5.5634184961825284]]]},"properties":{"FID":245,"Id":246,"gridcode":5}},{"type":"Feature","id":246,"geometry":{"type":"Polygon","coordinates":[[[105.25046355758084,-5.563417124950691],[105.25055384667088,-5.5634170866052433],[105.25055380839287,-5.5633266228774509],[105.25046351931663,-5.5633266612222716],[105.25046355758084,-5.563417124950691]]]},"properties":{"FID":246,"Id":247,"gridcode":4}},{"type":"Feature","id":247,"geometry":{"type":"Polygon","coordinates":[[[105.25064405917733,-5.5632361207913696],[105.25069650882561,-5.5633213277155944],[105.25109056463229,-5.5631981676947042],[105.25100517707257,-5.563145503495913],[105.25091488802708,-5.5631455419085771],[105.25076465428025,-5.5631759959572964],[105.25064405917733,-5.5632361207913696]]]},"properties":{"FID":247,"Id":248,"gridcode":4}},{"type":"Feature","id":248,"geometry":{"type":"Polygon","coordinates":[[[105.25181789386494,-5.5634165483178526],[105.25178696751084,-5.563311309901958],[105.25170707836017,-5.5633839597055568],[105.25181789386494,-5.5634165483178526]]]},"properties":{"FID":248,"Id":249,"gridcode":3}},{"type":"Feature","id":249,"geometry":{"type":"Polygon","coordinates":[[[105.24694224485241,-5.5633281458906563],[105.24703253395313,-5.5633281080848169],[105.24703257169318,-5.5634185718369062],[105.24712286080708,-5.5634185340166269],[105.24712282305323,-5.5633280702651566],[105.24712278529999,-5.5632376065134101],[105.24703249621369,-5.5632376443324505],[105.24694220712676,-5.5632376821376726],[105.24694224485241,-5.5633281458906563]]]},"properties":{"FID":249,"Id":250,"gridcode":4}},{"type":"Feature","id":250,"geometry":{"type":"Polygon","coordinates":[[[105.24775492243788,-5.563508732634566],[105.24780011548776,-5.5636245775017841],[105.24784521156057,-5.5635086947031054],[105.24775492243788,-5.563508732634566]]]},"properties":{"FID":250,"Id":251,"gridcode":5}},{"type":"Feature","id":251,"geometry":{"type":"Polygon","coordinates":[[[105.2499217848459,-5.5633268910009734],[105.24978989510006,-5.5634408374294368],[105.25001215031705,-5.5635077802019],[105.2499217848459,-5.5633268910009734]]]},"properties":{"FID":251,"Id":252,"gridcode":4}},{"type":"Feature","id":252,"geometry":{"type":"Polygon","coordinates":[[[105.2513663716491,-5.5632358134297544],[105.25115487521926,-5.5633715991284625],[105.25136648685553,-5.5635072045961627],[105.2513663716491,-5.5632358134297544]]]},"properties":{"FID":252,"Id":253,"gridcode":4}},{"type":"Feature","id":253,"geometry":{"type":"Polygon","coordinates":[[[105.25136652525894,-5.5635976683177448],[105.25145681437023,-5.5635976298328362],[105.25145677595303,-5.5635071661118829],[105.25136648685553,-5.5635072045961627],[105.25136652525894,-5.5635976683177448]]]},"properties":{"FID":253,"Id":254,"gridcode":4}},{"type":"Feature","id":254,"geometry":{"type":"Polygon","coordinates":[[[105.2513663716491,-5.5632358134297544],[105.25136648685553,-5.5635072045961627],[105.25145677595303,-5.5635071661118829],[105.25145669912052,-5.5633262386691475],[105.25145666070522,-5.5632357749473638],[105.2513663716491,-5.5632358134297544]]]},"properties":{"FID":254,"Id":255,"gridcode":5}},{"type":"Feature","id":255,"geometry":{"type":"Polygon","coordinates":[[[105.25145669912052,-5.5633262386691475],[105.25145677595303,-5.5635071661118829],[105.25158270973003,-5.5634166486748047],[105.25145669912052,-5.5633262386691475]]]},"properties":{"FID":255,"Id":256,"gridcode":4}},{"type":"Feature","id":256,"geometry":{"type":"Polygon","coordinates":[[[105.24712286080708,-5.5634185340166269],[105.24716809313578,-5.5636287854344681],[105.24721314992034,-5.5634184961825284],[105.24712286080708,-5.5634185340166269]]]},"properties":{"FID":256,"Id":257,"gridcode":4}},{"type":"Feature","id":257,"geometry":{"type":"Polygon","coordinates":[[[105.2475744198394,-5.5636897359513888],[105.24757438201469,-5.563599272203847],[105.24745876072043,-5.5636445526049751],[105.2475744198394,-5.5636897359513888]]]},"properties":{"FID":257,"Id":258,"gridcode":3}},{"type":"Feature","id":258,"geometry":{"type":"Polygon","coordinates":[[[105.2506442889338,-5.5637789031518627],[105.25064425063947,-5.5636884394258068],[105.25055396150867,-5.5636884777869575],[105.2505539997892,-5.5637789415136405],[105.2506442889338,-5.5637789031518627]]]},"properties":{"FID":258,"Id":259,"gridcode":4}},{"type":"Feature","id":259,"geometry":{"type":"Polygon","coordinates":[[[105.25118602378801,-5.5637786726909511],[105.25127631292816,-5.5637786342324249],[105.25127627453728,-5.5636881705107681],[105.25118598541091,-5.5636882089686646],[105.25118602378801,-5.5637786726909511]]]},"properties":{"FID":259,"Id":260,"gridcode":4}},{"type":"Feature","id":260,"geometry":{"type":"Polygon","coordinates":[[[105.2475744198394,-5.5636897359513888],[105.24762792514306,-5.563787440498821],[105.24780015384435,-5.5637162293599545],[105.24803090635335,-5.5638114114003514],[105.24792403784645,-5.5635519428318654],[105.24784521156057,-5.5635086947031054],[105.24780011548776,-5.5636245775017841],[105.24775492243788,-5.563508732634566],[105.24757434419062,-5.5635088084560271],[105.24757438201469,-5.563599272203847],[105.2475744198394,-5.5636897359513888]]]},"properties":{"FID":260,"Id":261,"gridcode":4}},{"type":"Feature","id":261,"geometry":{"type":"Polygon","coordinates":[[[105.2509151947001,-5.563869251707497],[105.25091515636375,-5.563778787983602],[105.25082486722106,-5.5637788263868435],[105.25082490554361,-5.5638692901113664],[105.2509151947001,-5.563869251707497]]]},"properties":{"FID":261,"Id":262,"gridcode":4}},{"type":"Feature","id":262,"geometry":{"type":"Polygon","coordinates":[[[105.25109577301116,-5.5638691748582945],[105.25118606216573,-5.5638691364129604],[105.25118602378801,-5.5637786726909511],[105.25109573464722,-5.5637787111356563],[105.25109577301116,-5.5638691748582945]]]},"properties":{"FID":262,"Id":263,"gridcode":4}},{"type":"Feature","id":263,"geometry":{"type":"Polygon","coordinates":[[[105.24802597927552,-5.5639609375195347],[105.24802594137999,-5.5638704737759266],[105.24791032007215,-5.563915754265981],[105.24802597927552,-5.5639609375195347]]]},"properties":{"FID":263,"Id":264,"gridcode":4}},{"type":"Feature","id":264,"geometry":{"type":"Polygon","coordinates":[[[105.24811626846532,-5.5639608995435061],[105.24811623055599,-5.5638704358005189],[105.24802594137999,-5.5638704737759266],[105.24802597927552,-5.5639609375195347],[105.24811626846532,-5.5639608995435061]]]},"properties":{"FID":264,"Id":265,"gridcode":5}},{"type":"Feature","id":265,"geometry":{"type":"Polygon","coordinates":[[[105.24956085728657,-5.5638698263142974],[105.24977174913656,-5.5638270766704121],[105.24969480035955,-5.5635758679068026],[105.24956070477265,-5.5635079713794573],[105.24956085728657,-5.5638698263142974]]]},"properties":{"FID":265,"Id":266,"gridcode":4}},{"type":"Feature","id":266,"geometry":{"type":"Polygon","coordinates":[[[105.25001230310684,-5.5638696351242318],[105.25005749662138,-5.5639854797960639],[105.25010259226902,-5.5638695968447536],[105.25001230310684,-5.5638696351242318]]]},"properties":{"FID":266,"Id":267,"gridcode":4}},{"type":"Feature","id":267,"geometry":{"type":"Polygon","coordinates":[[[105.25253978213038,-5.5624211386403601],[105.25242896678076,-5.5623885501559318],[105.25250885570968,-5.5623159002622335],[105.25253978213038,-5.5624211386403601]],[[105.2509151947001,-5.563869251707497],[105.25100548385593,-5.5638692132898058],[105.25109577301116,-5.5638691748582945],[105.25109573464722,-5.5637787111356563],[105.25118602378801,-5.5637786726909511],[105.25118598541091,-5.5636882089686646],[105.25127627453728,-5.5636881705107681],[105.25127623614701,-5.5635977067888334],[105.25136652525894,-5.5635976683177448],[105.25136648685553,-5.5635072045961627],[105.25115487521926,-5.5633715991284625],[105.2513663716491,-5.5632358134297544],[105.25141146698559,-5.5631199303895675],[105.25145666070522,-5.5632357749473638],[105.25172752786976,-5.5632356594172725],[105.25172748941372,-5.5631451956971016],[105.25161667396461,-5.5631126070649985],[105.2516965630918,-5.5630399572741327],[105.25172748941372,-5.5631451956971016],[105.2518177784535,-5.5631451571600614],[105.2518177399843,-5.5630546934402441],[105.25190802900967,-5.5630546548900153],[105.2519079905273,-5.5629641911705514],[105.25199827953824,-5.5629641526071358],[105.25199824104271,-5.5628736888880255],[105.25208853003923,-5.5628736503114204],[105.25217881903508,-5.5628736117209971],[105.25217878051262,-5.5627831480028735],[105.25217874199079,-5.5626926842844711],[105.25226903095843,-5.5626926456814925],[105.25244960889182,-5.5626925684340778],[105.25244957032925,-5.5626021047172944],[105.2525398592812,-5.5626020660734925],[105.25253982070548,-5.5625116023570644],[105.25263010964299,-5.5625115637000766],[105.25259364599435,-5.5622228327855954],[105.25244937752595,-5.5621497861292237],[105.25244941608534,-5.5622402498473926],[105.25208826049185,-5.5622404042743119],[105.25208833750222,-5.5624213317148703],[105.25212769135128,-5.5624723703687753],[105.25230832871573,-5.5626119459063439],[105.25201149156247,-5.5626593363013326],[105.25163693129529,-5.562511988166956],[105.2516039676922,-5.562675948849753],[105.25145639181586,-5.562602528887119],[105.25145643022672,-5.5626929926108417],[105.25127585227935,-5.5626930695542507],[105.25127589066327,-5.5627835332789557],[105.25124065169399,-5.5630825969936142],[105.25115695726539,-5.5629027981759469],[105.25109535104275,-5.5628740738940339],[105.25106508340278,-5.5630246240971006],[105.25100517707257,-5.563145503495913],[105.25109056463229,-5.5631981676947042],[105.25069650882561,-5.5633213277155944],[105.25064405917733,-5.5632361207913696],[105.2505537701155,-5.5632361591493824],[105.25055380839287,-5.5633266228774509],[105.25055384667088,-5.5634170866052433],[105.25046355758084,-5.563417124950691],[105.25049395275525,-5.5635676493676662],[105.25055396150867,-5.5636884777869575],[105.25064425063947,-5.5636884394258068],[105.2506442889338,-5.5637789031518627],[105.25082486722106,-5.5637788263868435],[105.25091515636375,-5.563778787983602],[105.2509151947001,-5.563869251707497]]]},"properties":{"FID":267,"Id":268,"gridcode":5}},{"type":"Feature","id":268,"geometry":{"type":"Polygon","coordinates":[[[105.25028313235167,-5.5637790565160472],[105.25028320883186,-5.5639599839723459],[105.25040914289274,-5.5638694667747801],[105.25028313235167,-5.5637790565160472]]]},"properties":{"FID":268,"Id":269,"gridcode":4}},{"type":"Feature","id":269,"geometry":{"type":"Polygon","coordinates":[[[105.25091527137468,-5.5640501791544565],[105.25100556055811,-5.5640501407355085],[105.25100552220671,-5.5639596770127957],[105.25091523303706,-5.5639597154311158],[105.25091527137468,-5.5640501791544565]]]},"properties":{"FID":269,"Id":270,"gridcode":3}},{"type":"Feature","id":270,"geometry":{"type":"Polygon","coordinates":[[[105.24929006596479,-5.5640508683319858],[105.2493352593559,-5.5641667130641759],[105.24938035515959,-5.5640508301618317],[105.24929006596479,-5.5640508683319858]]]},"properties":{"FID":270,"Id":271,"gridcode":4}},{"type":"Feature","id":271,"geometry":{"type":"Polygon","coordinates":[[[105.24938035515959,-5.5640508301618317],[105.2495609335473,-5.5640507537800552],[105.24956085728657,-5.5638698263142974],[105.24944096759415,-5.5639306573622873],[105.24938035515959,-5.5640508301618317]]]},"properties":{"FID":271,"Id":272,"gridcode":4}},{"type":"Feature","id":272,"geometry":{"type":"Polygon","coordinates":[[[105.25055415291766,-5.5641407964176057],[105.25064444211742,-5.564140758053318],[105.25064440382057,-5.5640502943283687],[105.2505541146346,-5.5640503326920285],[105.25055415291766,-5.5641407964176057]]]},"properties":{"FID":272,"Id":273,"gridcode":4}},{"type":"Feature","id":273,"geometry":{"type":"Polygon","coordinates":[[[105.25082502051505,-5.5641406812832752],[105.25082498219061,-5.5640502175595827],[105.2507346930059,-5.5640502559508871],[105.25073473131656,-5.5641407196752075],[105.25082502051505,-5.5641406812832752]]]},"properties":{"FID":273,"Id":274,"gridcode":4}},{"type":"Feature","id":274,"geometry":{"type":"Polygon","coordinates":[[[105.25091530971292,-5.5641406428775211],[105.25091527137468,-5.5640501791544565],[105.25082498219061,-5.5640502175595827],[105.25082502051505,-5.5641406812832752],[105.25091530971292,-5.5641406428775211]]]},"properties":{"FID":274,"Id":275,"gridcode":3}},{"type":"Feature","id":275,"geometry":{"type":"Polygon","coordinates":[[[105.25109588810675,-5.5641405660245464],[105.25121150918616,-5.5640952849193024],[105.25109584974092,-5.5640501023027387],[105.25109588810675,-5.5641405660245464]]]},"properties":{"FID":275,"Id":276,"gridcode":3}},{"type":"Feature","id":276,"geometry":{"type":"Polygon","coordinates":[[[105.24802597927552,-5.5639609375195347],[105.24806193646593,-5.564164838542129],[105.24832396442847,-5.564101590060492],[105.2481433535584,-5.5640242410495961],[105.24811626846532,-5.5639608995435061],[105.24802597927552,-5.5639609375195347]]]},"properties":{"FID":276,"Id":277,"gridcode":4}},{"type":"Feature","id":277,"geometry":{"type":"Polygon","coordinates":[[[105.25037357451625,-5.5641408731047157],[105.2504187681233,-5.5642567177436888],[105.25046386371727,-5.5641408347680716],[105.25037357451625,-5.5641408731047157]]]},"properties":{"FID":277,"Id":278,"gridcode":4}},{"type":"Feature","id":278,"geometry":{"type":"Polygon","coordinates":[[[105.25091534805179,-5.5642311066003085],[105.25091530971292,-5.5641406428775211],[105.25082502051505,-5.5641406812832752],[105.25082505884014,-5.5642311450066906],[105.25091534805179,-5.5642311066003085]]]},"properties":{"FID":278,"Id":279,"gridcode":4}},{"type":"Feature","id":279,"geometry":{"type":"Polygon","coordinates":[[[105.25100559891014,-5.5641406044579451],[105.25105079263868,-5.5642564490429116],[105.25109588810675,-5.5641405660245464],[105.25100559891014,-5.5641406044579451]]]},"properties":{"FID":279,"Id":280,"gridcode":3}},{"type":"Feature","id":280,"geometry":{"type":"Polygon","coordinates":[[[105.25091530971292,-5.5641406428775211],[105.25100559891014,-5.5641406044579451],[105.25109588810675,-5.5641405660245464],[105.25109584974092,-5.5640501023027387],[105.25109577301116,-5.5638691748582945],[105.25100548385593,-5.5638692132898058],[105.25100552220671,-5.5639596770127957],[105.25100556055811,-5.5640501407355085],[105.25091527137468,-5.5640501791544565],[105.25091530971292,-5.5641406428775211]]]},"properties":{"FID":280,"Id":281,"gridcode":4}},{"type":"Feature","id":281,"geometry":{"type":"Polygon","coordinates":[[[105.24838724988685,-5.5642321767541976],[105.24906418297569,-5.5641839505570276],[105.24915713807081,-5.5641894622345909],[105.24919977676937,-5.564050906488319],[105.24849179165992,-5.5641104969257498],[105.24838724988685,-5.5642321767541976]]]},"properties":{"FID":281,"Id":282,"gridcode":4}},{"type":"Feature","id":282,"geometry":{"type":"Polygon","coordinates":[[[105.25082505884014,-5.5642311450066906],[105.25087025254166,-5.5643469896064195],[105.25091534805179,-5.5642311066003085],[105.25082505884014,-5.5642311450066906]]]},"properties":{"FID":282,"Id":283,"gridcode":3}},{"type":"Feature","id":283,"geometry":{"type":"Polygon","coordinates":[[[105.24856790430582,-5.5644130281512743],[105.24853697846174,-5.5643077895448609],[105.24845708876359,-5.5643804389297848],[105.24856790430582,-5.5644130281512743]]]},"properties":{"FID":283,"Id":284,"gridcode":4}},{"type":"Feature","id":284,"geometry":{"type":"Polygon","coordinates":[[[105.25046401680065,-5.5645026896701113],[105.25055430605623,-5.5645026513171363],[105.25055426777064,-5.5644121875926693],[105.25046397852886,-5.5644122259450173],[105.25046401680065,-5.5645026896701113]]]},"properties":{"FID":284,"Id":285,"gridcode":3}},{"type":"Feature","id":285,"geometry":{"type":"Polygon","coordinates":[[[105.2506445570118,-5.5644121492264986],[105.25068975069402,-5.5645279938403212],[105.2507348462523,-5.5644121108465052],[105.2506445570118,-5.5644121492264986]]]},"properties":{"FID":285,"Id":286,"gridcode":3}},{"type":"Feature","id":286,"geometry":{"type":"Polygon","coordinates":[[[105.25055426777064,-5.5644121875926693],[105.2506445570118,-5.5644121492264986],[105.2507348462523,-5.5644121108465052],[105.25073480793976,-5.564321647123017],[105.25055422948567,-5.5643217238679252],[105.25055426777064,-5.5644121875926693]]]},"properties":{"FID":286,"Id":287,"gridcode":4}},{"type":"Feature","id":287,"geometry":{"type":"Polygon","coordinates":[[[105.24820670935327,-5.5643227165203495],[105.24808077484136,-5.5644132332656566],[105.24820678520642,-5.5645036440020332],[105.24820670935327,-5.5643227165203495]]]},"properties":{"FID":287,"Id":288,"gridcode":4}},{"type":"Feature","id":288,"geometry":{"type":"Polygon","coordinates":[[[105.24874855883516,-5.5645938794869734],[105.24871763294851,-5.5644886408925345],[105.2486377432502,-5.5645612903015875],[105.24874855883516,-5.5645938794869734]]]},"properties":{"FID":288,"Id":289,"gridcode":4}},{"type":"Feature","id":289,"geometry":{"type":"Polygon","coordinates":[[[105.25001260871673,-5.5645933449555933],[105.25001257051328,-5.5645028812276429],[105.24989694925341,-5.5645481621049298],[105.25001260871673,-5.5645933449555933]]]},"properties":{"FID":289,"Id":290,"gridcode":4}},{"type":"Feature","id":290,"geometry":{"type":"Polygon","coordinates":[[[105.25001260871673,-5.5645933449555933],[105.25012822997542,-5.5645480640557015],[105.25001257051328,-5.5645028812276429],[105.25001260871673,-5.5645933449555933]]]},"properties":{"FID":290,"Id":291,"gridcode":5}},{"type":"Feature","id":291,"geometry":{"type":"Polygon","coordinates":[[[105.25037376580306,-5.5645931917347076],[105.25046405507308,-5.5645931533949282],[105.25046401680065,-5.5645026896701113],[105.25037372754444,-5.5645027280092636],[105.25037376580306,-5.5645931917347076]]]},"properties":{"FID":291,"Id":292,"gridcode":4}},{"type":"Feature","id":292,"geometry":{"type":"Polygon","coordinates":[[[105.24920000523558,-5.5645936888939307],[105.2491637538913,-5.5643881223251475],[105.24908263621934,-5.5645434243120544],[105.24920000523558,-5.5645936888939307]]]},"properties":{"FID":292,"Id":293,"gridcode":4}},{"type":"Feature","id":293,"geometry":{"type":"Polygon","coordinates":[[[105.25028351477789,-5.5646836937864581],[105.25037380406233,-5.5646836554598762],[105.25037376580306,-5.5645931917347076],[105.25028347653243,-5.5645932300606642],[105.25028351477789,-5.5646836937864581]]]},"properties":{"FID":293,"Id":294,"gridcode":4}},{"type":"Feature","id":294,"geometry":{"type":"Polygon","coordinates":[[[105.25001264692081,-5.5646838086832666],[105.25019322549284,-5.5646837320992182],[105.25014101684715,-5.5643661392603079],[105.25019299611229,-5.5641409497365375],[105.25010270690937,-5.5641409880317152],[105.25010266869529,-5.5640505243030045],[105.25001237950553,-5.5640505625837351],[105.25001257051328,-5.5645028812276429],[105.25012822997542,-5.5645480640557015],[105.25001260871673,-5.5645933449555933],[105.25001264692081,-5.5646838086832666]]]},"properties":{"FID":294,"Id":295,"gridcode":4}},{"type":"Feature","id":295,"geometry":{"type":"Polygon","coordinates":[[[105.25019299611229,-5.5641409497365375],[105.25014101684715,-5.5643661392603079],[105.25019322549284,-5.5646837320992182],[105.25028351477789,-5.5646836937864581],[105.25028347653243,-5.5645932300606642],[105.25037376580306,-5.5645931917347076],[105.25037372754444,-5.5645027280092636],[105.25046401680065,-5.5645026896701113],[105.25046397852886,-5.5644122259450173],[105.25055426777064,-5.5644121875926693],[105.25055422948567,-5.5643217238679252],[105.25073480793976,-5.564321647123017],[105.25073476962784,-5.5642311833992508],[105.25082505884014,-5.5642311450066906],[105.25082502051505,-5.5641406812832752],[105.25073473131656,-5.5641407196752075],[105.2507346930059,-5.5640502559508871],[105.25064440382057,-5.5640502943283687],[105.25064444211742,-5.564140758053318],[105.25055415291766,-5.5641407964176057],[105.25046386371727,-5.5641408347680716],[105.2504187681233,-5.5642567177436888],[105.25037357451625,-5.5641408731047157],[105.25019299611229,-5.5641409497365375]]]},"properties":{"FID":295,"Id":296,"gridcode":5}},{"type":"Feature","id":296,"geometry":{"type":"Polygon","coordinates":[[[105.24820686106207,-5.5646845714826094],[105.24820689899084,-5.564775035222481],[105.24838747761561,-5.5647749591901237],[105.24838743965925,-5.5646844954514956],[105.24820686106207,-5.5646845714826094]]]},"properties":{"FID":296,"Id":297,"gridcode":4}},{"type":"Feature","id":297,"geometry":{"type":"Polygon","coordinates":[[[105.2499224340163,-5.5648647744103235],[105.25003805533474,-5.5648194935258326],[105.24992239582475,-5.5647743106825782],[105.2499224340163,-5.5648647744103235]]]},"properties":{"FID":297,"Id":298,"gridcode":3}},{"type":"Feature","id":298,"geometry":{"type":"Polygon","coordinates":[[[105.24901954083612,-5.5648651563754239],[105.24906473424448,-5.5649810011247434],[105.24910983015697,-5.5648651182411211],[105.24901954083612,-5.5648651563754239]]]},"properties":{"FID":298,"Id":299,"gridcode":4}},{"type":"Feature","id":299,"geometry":{"type":"Polygon","coordinates":[[[105.24974193171506,-5.5650457783710952],[105.24983222105848,-5.5650457401249502],[105.24983218287947,-5.5649552763971339],[105.24974189354987,-5.5649553146426527],[105.24974193171506,-5.5650457783710952]]]},"properties":{"FID":299,"Id":300,"gridcode":4}},{"type":"Feature","id":300,"geometry":{"type":"MultiPolygon","coordinates":[[[[105.24856790430582,-5.5644130281512743],[105.24845708876359,-5.5643804389297848],[105.24853697846174,-5.5643077895448609],[105.24856790430582,-5.5644130281512743]]],[[[105.24874855883516,-5.5645938794869734],[105.2486377432502,-5.5645612903015875],[105.24871763294851,-5.5644886408925345],[105.24874855883516,-5.5645938794869734]]],[[[105.24920000523558,-5.5645936888939307],[105.24908263621934,-5.5645434243120544],[105.2491637538913,-5.5643881223251475],[105.24920000523558,-5.5645936888939307]],[[105.24947110180551,-5.5651363567566223],[105.24965168052307,-5.5651362803322044],[105.24965164237103,-5.5650458166034156],[105.24974193171506,-5.5650457783710952],[105.24974189354987,-5.5649553146426527],[105.24983218287947,-5.5649552763971339],[105.2498321447011,-5.5648648126690405],[105.2499224340163,-5.5648647744103235],[105.24992239582475,-5.5647743106825782],[105.24992235763385,-5.5646838469545559],[105.25001264692081,-5.5646838086832666],[105.25001260871673,-5.5645933449555933],[105.24989694925341,-5.5645481621049298],[105.25001257051328,-5.5645028812276429],[105.25001237950553,-5.5640505625837351],[105.25010266869529,-5.5640505243030045],[105.25028320883186,-5.5639599839723459],[105.25028313235167,-5.5637790565160472],[105.25010255405682,-5.5637791331152133],[105.25010259226902,-5.5638695968447536],[105.25005749662138,-5.5639854797960639],[105.25001230310684,-5.5638696351242318],[105.25001215031705,-5.5635077802019],[105.24978989510006,-5.5634408374294368],[105.2499217848459,-5.5633268910009734],[105.24992174666508,-5.5632364272685182],[105.25010232479693,-5.5632363507321498],[105.25014742038516,-5.5631204677774404],[105.2501926138619,-5.5632363124432356],[105.25046348105305,-5.5632361974935751],[105.25046344279011,-5.5631457337646006],[105.25057705747344,-5.5630134924900618],[105.25064405917733,-5.5632361207913696],[105.25076465428025,-5.5631759959572964],[105.25091488802708,-5.5631455419085771],[105.2509148496958,-5.5630550781824644],[105.25073427163049,-5.5630551549650757],[105.25073423332744,-5.5629646912374309],[105.25064394430763,-5.5629647296073816],[105.25064390601899,-5.5628742658788308],[105.25055361701234,-5.5628743042343336],[105.25034601268872,-5.562836422280717],[105.25046328974464,-5.5627838788459369],[105.25046325148486,-5.5626934151155769],[105.25037296250451,-5.5626934534421881],[105.25028267352356,-5.5626934917549802],[105.25001180657689,-5.5626936066104475],[105.25001184476773,-5.5627840703439393],[105.25010213376437,-5.5627840320719759],[105.25021030973272,-5.5628264564011598],[105.25014756918864,-5.5629904115031872],[105.25010217196962,-5.5628744958045644],[105.2499216321264,-5.562965036069488],[105.24992167030533,-5.5630554998027746],[105.25003248566465,-5.5630880887580574],[105.24995259631693,-5.5631607383329378],[105.24992167030533,-5.5630554998027746],[105.24983138126605,-5.5630555380489781],[105.24983141943181,-5.5631460017826138],[105.2497411303781,-5.5631460400156234],[105.2497411685307,-5.5632365037496081],[105.24969607285375,-5.5633523866767733],[105.24965087946258,-5.5632365419694221],[105.24956059039381,-5.5632365801754178],[105.24956070477265,-5.5635079713794573],[105.24969480035955,-5.5635758679068026],[105.24977174913656,-5.5638270766704121],[105.24956085728657,-5.5638698263142974],[105.2495609335473,-5.5640507537800552],[105.24938035515959,-5.5640508301618317],[105.2493352593559,-5.5641667130641759],[105.24929006596479,-5.5640508683319858],[105.24919977676937,-5.564050906488319],[105.24915713807081,-5.5641894622345909],[105.24906418297569,-5.5641839505570276],[105.24838724988685,-5.5642321767541976],[105.24820667142764,-5.5642322527790933],[105.24820670935327,-5.5643227165203495],[105.24820678520642,-5.5645036440020332],[105.24820686106207,-5.5646845714826094],[105.24838743965925,-5.5646844954514956],[105.24838747761561,-5.5647749591901237],[105.24838751557259,-5.5648654229284755],[105.24901954083612,-5.5648651563754239],[105.24910983015697,-5.5648651182411211],[105.24932149192182,-5.5649194459024152],[105.24947110180551,-5.5651363567566223]]]]},"properties":{"FID":300,"Id":301,"gridcode":5}},{"type":"Feature","id":301,"geometry":{"type":"Polygon","coordinates":[[[105.24947110180551,-5.5651363567566223],[105.2495614443765,-5.5652625344128612],[105.24965168052307,-5.5651362803322044],[105.24947110180551,-5.5651363567566223]]]},"properties":{"FID":301,"Id":302,"gridcode":4}}]
}