{
  "type" : "FeatureCollection",
  "features" : [{"type":"Feature","id":0,"geometry":{"type":"Polygon","coordinates":[[[105.25912281084811,-5.5439636859594295],[105.25909188438798,-5.5438584478697956],[105.25901199868788,-5.5439310985469605],[105.25912281084811,-5.5439636859594295]]]},"properties":{"FID":0,"Id":1,"gridcode":3}},{"type":"Feature","id":1,"geometry":{"type":"Polygon","coordinates":[[[105.25451829801528,-5.5441466113818638],[105.25451825926714,-5.5440561476229817],[105.25442797315173,-5.5440561864401534],[105.25442801188613,-5.5441466501996723],[105.25451829801528,-5.5441466113818638]]]},"properties":{"FID":1,"Id":2,"gridcode":2}},{"type":"Feature","id":2,"geometry":{"type":"Polygon","coordinates":[[[105.25433776447763,-5.5442371527635901],[105.25433772575633,-5.5441466890037097],[105.25422210876286,-5.5441919705632712],[105.25433776447763,-5.5442371527635901]]]},"properties":{"FID":2,"Id":3,"gridcode":2}},{"type":"Feature","id":3,"geometry":{"type":"Polygon","coordinates":[[[105.25433776447763,-5.5442371527635901],[105.25442805062117,-5.5442371139589159],[105.25442801188613,-5.5441466501996723],[105.25433772575633,-5.5441466890037097],[105.25433776447763,-5.5442371527635901]]]},"properties":{"FID":3,"Id":4,"gridcode":3}},{"type":"Feature","id":4,"geometry":{"type":"Polygon","coordinates":[[[105.25451829801528,-5.5441466113818638],[105.2547281360994,-5.5441012892234243],[105.25451825926714,-5.5440561476229817],[105.25451829801528,-5.5441466113818638]]]},"properties":{"FID":4,"Id":5,"gridcode":3}},{"type":"Feature","id":5,"geometry":{"type":"Polygon","coordinates":[[[105.26128979563556,-5.5442341245060485],[105.26125886878064,-5.544128886549287],[105.26117898332436,-5.5442015375075329],[105.26128979563556,-5.5442341245060485]]]},"properties":{"FID":5,"Id":6,"gridcode":2}},{"type":"Feature","id":6,"geometry":{"type":"Polygon","coordinates":[[[105.26083840487001,-5.5443247873383203],[105.26080747808847,-5.5442195493547475],[105.26072759256245,-5.544292200255021],[105.26083840487001,-5.5443247873383203]]]},"properties":{"FID":6,"Id":7,"gridcode":3}},{"type":"Feature","id":7,"geometry":{"type":"Polygon","coordinates":[[[105.26101897709033,-5.5443247077306879],[105.26098805027725,-5.5442194697580565],[105.26090816477448,-5.5442921206816624],[105.26101897709033,-5.5443247077306879]]]},"properties":{"FID":7,"Id":8,"gridcode":3}},{"type":"Feature","id":8,"geometry":{"type":"Polygon","coordinates":[[[105.26147040762962,-5.5443245084705888],[105.26142521360045,-5.5442086646286137],[105.26138012152308,-5.5443245483501533],[105.26147040762962,-5.5443245084705888]]]},"properties":{"FID":8,"Id":9,"gridcode":2}},{"type":"Feature","id":9,"geometry":{"type":"Polygon","coordinates":[[[105.24666351506258,-5.5444213284486947],[105.24666347750838,-5.5443308646360503],[105.24657319129675,-5.5443309022569229],[105.24657322883719,-5.5444213660701855],[105.24666351506258,-5.5444213284486947]]]},"properties":{"FID":9,"Id":10,"gridcode":3}},{"type":"Feature","id":10,"geometry":{"type":"Polygon","coordinates":[[[105.25406694472385,-5.5443277328564937],[105.25401783842506,-5.5442128911061879],[105.25385929910395,-5.5442911542759106],[105.25406694472385,-5.5443277328564937]]]},"properties":{"FID":10,"Id":11,"gridcode":3}},{"type":"Feature","id":11,"geometry":{"type":"Polygon","coordinates":[[[105.25379616352322,-5.5445087765918526],[105.25374705725918,-5.5443939348180695],[105.25358851785188,-5.5444721979186271],[105.25379616352322,-5.5445087765918526]]]},"properties":{"FID":11,"Id":12,"gridcode":2}},{"type":"Feature","id":12,"geometry":{"type":"Polygon","coordinates":[[[105.24657319129675,-5.5443309022569229],[105.24636039206382,-5.5443951939957739],[105.24647203548403,-5.5446442036693364],[105.24666351506258,-5.5444213284486947],[105.24657322883719,-5.5444213660701855],[105.24657319129675,-5.5443309022569229]]]},"properties":{"FID":12,"Id":13,"gridcode":4}},{"type":"Feature","id":13,"geometry":{"type":"Polygon","coordinates":[[[105.26156073355772,-5.5444149322849059],[105.26156081320413,-5.5445958596993901],[105.26165109935059,-5.5445958197903149],[105.26165101967669,-5.5444148923771417],[105.26156073355772,-5.5444149322849059]]]},"properties":{"FID":13,"Id":14,"gridcode":2}},{"type":"Feature","id":14,"geometry":{"type":"Polygon","coordinates":[[[105.24684431301469,-5.5449640360270527],[105.24684427542925,-5.5448735722173002],[105.24675398913639,-5.5448736098694269],[105.24675402670808,-5.5449640736797967],[105.24684431301469,-5.5449640360270527]]]},"properties":{"FID":14,"Id":15,"gridcode":3}},{"type":"Feature","id":15,"geometry":{"type":"Polygon","coordinates":[[[105.26165125870634,-5.5449576746133475],[105.26162033174458,-5.544852436682838],[105.26154044624167,-5.5449250876906078],[105.26165125870634,-5.5449576746133475]]]},"properties":{"FID":15,"Id":16,"gridcode":4}},{"type":"Feature","id":16,"geometry":{"type":"Polygon","coordinates":[[[105.25334496401599,-5.5450517525954597],[105.25329977148048,-5.5449359080648062],[105.25325467774104,-5.5450517912405743],[105.25334496401599,-5.5450517525954597]]]},"properties":{"FID":16,"Id":17,"gridcode":3}},{"type":"Feature","id":17,"geometry":{"type":"Polygon","coordinates":[[[105.24675398913639,-5.5448736098694269],[105.24663515027342,-5.5449499081082312],[105.24676400533642,-5.5450898425065942],[105.24684431301469,-5.5449640360270527],[105.24675402670808,-5.5449640736797967],[105.24675398913639,-5.5448736098694269]]]},"properties":{"FID":17,"Id":18,"gridcode":4}},{"type":"Feature","id":18,"geometry":{"type":"Polygon","coordinates":[[[105.26119990723689,-5.5451388014504879],[105.26116898034304,-5.5450335634937051],[105.26108909475876,-5.5451062144438561],[105.26119990723689,-5.5451388014504879]]]},"properties":{"FID":18,"Id":19,"gridcode":3}},{"type":"Feature","id":19,"geometry":{"type":"Polygon","coordinates":[[[105.26129019346845,-5.5451387615925807],[105.26138047969937,-5.5451387217208987],[105.26138043989938,-5.5450482580141429],[105.2612901536822,-5.5450482978851703],[105.26129019346845,-5.5451387615925807]]]},"properties":{"FID":19,"Id":20,"gridcode":4}},{"type":"Feature","id":20,"geometry":{"type":"Polygon","coordinates":[[[105.26138043989938,-5.5450482580141429],[105.26133520429985,-5.5448380077185311],[105.2612901536822,-5.5450482978851703],[105.26138043989938,-5.5450482580141429]]]},"properties":{"FID":20,"Id":21,"gridcode":3}},{"type":"Feature","id":21,"geometry":{"type":"Polygon","coordinates":[[[105.24648331791248,-5.5453260418015171],[105.24658835032075,-5.5452950566751715],[105.24651584376802,-5.5452150121754604],[105.24648331791248,-5.5453260418015171]]]},"properties":{"FID":21,"Id":22,"gridcode":4}},{"type":"Feature","id":22,"geometry":{"type":"Polygon","coordinates":[[[105.25325467774104,-5.5450517912405743],[105.25329991052925,-5.5452620422843841],[105.25334496401599,-5.5450517525954597],[105.25325467774104,-5.5450517912405743]]]},"properties":{"FID":22,"Id":23,"gridcode":4}},{"type":"Feature","id":23,"geometry":{"type":"Polygon","coordinates":[[[105.26101941426376,-5.545319808542895],[105.26098848739053,-5.5452145705762579],[105.26090860175972,-5.5452872215037878],[105.26101941426376,-5.545319808542895]]]},"properties":{"FID":23,"Id":24,"gridcode":3}},{"type":"Feature","id":24,"geometry":{"type":"Polygon","coordinates":[[[105.26110970052414,-5.545319768711229],[105.26119998678388,-5.5453197288657883],[105.26119994701006,-5.5452292651582766],[105.26110966076408,-5.5452293050030628],[105.26110970052414,-5.545319768711229]]]},"properties":{"FID":24,"Id":25,"gridcode":4}},{"type":"Feature","id":25,"geometry":{"type":"Polygon","coordinates":[[[105.26138055930136,-5.5453196491335817],[105.26138051950004,-5.5452291854273783],[105.26129023325538,-5.5452292252997157],[105.26129027304295,-5.5453196890065728],[105.26138055930136,-5.5453196491335817]]]},"properties":{"FID":25,"Id":26,"gridcode":4}},{"type":"Feature","id":26,"geometry":{"type":"Polygon","coordinates":[[[105.24648331791248,-5.5453260418015171],[105.24637828549247,-5.5453570269096755],[105.24645079204559,-5.5454370714259129],[105.24648331791248,-5.5453260418015171]]]},"properties":{"FID":26,"Id":27,"gridcode":4}},{"type":"Feature","id":27,"geometry":{"type":"Polygon","coordinates":[[[105.26165125870634,-5.5449576746133475],[105.26154044624167,-5.5449250876906078],[105.26162033174458,-5.544852436682838],[105.26165125870634,-5.5449576746133475]],[[105.26129023325538,-5.5452292252997157],[105.26138051950004,-5.5452291854273783],[105.26138055930136,-5.5453196491335817],[105.26178175387,-5.5449601616735107],[105.26165109935059,-5.5445958197903149],[105.26156081320413,-5.5445958596993901],[105.26156073355772,-5.5444149322849059],[105.2615606937355,-5.5443244685772513],[105.26147040762962,-5.5443245084705888],[105.26142531555351,-5.5444403921951153],[105.26138012152308,-5.5443245483501533],[105.26116812537312,-5.5443746749468081],[105.26143608083412,-5.5445399403818527],[105.26150511384739,-5.5449712116808714],[105.26138043989938,-5.5450482580141429],[105.26138047969937,-5.5451387217208987],[105.26129019346845,-5.5451387615925807],[105.26129023325538,-5.5452292252997157]]]},"properties":{"FID":27,"Id":28,"gridcode":3}},{"type":"Feature","id":28,"geometry":{"type":"Polygon","coordinates":[[[105.24684450095116,-5.5454163550716746],[105.24681598205729,-5.5452208326114256],[105.24664417784324,-5.5453871916289241],[105.24684450095116,-5.5454163550716746]]]},"properties":{"FID":28,"Id":29,"gridcode":4}},{"type":"Feature","id":29,"geometry":{"type":"Polygon","coordinates":[[[105.24648343051497,-5.5455974332332163],[105.24645250616544,-5.5454921943906239],[105.24637261863171,-5.5455648434381644],[105.24648343051497,-5.5455974332332163]]]},"properties":{"FID":29,"Id":30,"gridcode":4}},{"type":"Feature","id":30,"geometry":{"type":"Polygon","coordinates":[[[105.24666400332379,-5.5455973579879547],[105.24663307894268,-5.5454921191562212],[105.24655319143213,-5.5455647682271572],[105.24666400332379,-5.5455973579879547]]]},"properties":{"FID":30,"Id":31,"gridcode":3}},{"type":"Feature","id":31,"geometry":{"type":"Polygon","coordinates":[[[105.2590332347046,-5.5455920725222532],[105.25900230816194,-5.5454868344369297],[105.25892242224064,-5.5455594851087673],[105.2590332347046,-5.5455920725222532]]]},"properties":{"FID":31,"Id":32,"gridcode":4}},{"type":"Feature","id":32,"geometry":{"type":"Polygon","coordinates":[[[105.26101953350671,-5.5455911996676983],[105.26097433945588,-5.5454753557966319],[105.26092924720442,-5.5455912394875497],[105.26101953350671,-5.5455911996676983]]]},"properties":{"FID":32,"Id":33,"gridcode":4}},{"type":"Feature","id":33,"geometry":{"type":"Polygon","coordinates":[[[105.25930409365084,-5.5455919538892378],[105.25927557067247,-5.5453964322183493],[105.25910377006352,-5.5455627946953481],[105.25930409365084,-5.5455919538892378]]]},"properties":{"FID":33,"Id":34,"gridcode":4}},{"type":"Feature","id":34,"geometry":{"type":"Polygon","coordinates":[[[105.26047785534956,-5.5456819020918031],[105.2604778156831,-5.5455914383801721],[105.26036219893705,-5.5456367211284281],[105.26047785534956,-5.5456819020918031]]]},"properties":{"FID":34,"Id":35,"gridcode":4}},{"type":"Feature","id":35,"geometry":{"type":"Polygon","coordinates":[[[105.26065838829361,-5.5455913588644492],[105.26070358229383,-5.5457072027616787],[105.26074867459786,-5.5455913190859247],[105.26065838829361,-5.5455913588644492]]]},"properties":{"FID":35,"Id":36,"gridcode":4}},{"type":"Feature","id":36,"geometry":{"type":"Polygon","coordinates":[[[105.25316469987528,-5.5457755399872184],[105.25313377434711,-5.5456703015482187],[105.25305388764801,-5.5457429514616097],[105.25316469987528,-5.5457755399872184]]]},"properties":{"FID":36,"Id":37,"gridcode":4}},{"type":"Feature","id":37,"geometry":{"type":"Polygon","coordinates":[[[105.24666411601439,-5.5458687494134633],[105.24666407845024,-5.5457782856052376],[105.24657379201864,-5.5457783232359912],[105.24657382956904,-5.5458687870448351],[105.24666411601439,-5.5458687494134633]]]},"properties":{"FID":37,"Id":38,"gridcode":3}},{"type":"Feature","id":38,"geometry":{"type":"Polygon","coordinates":[[[105.26065850737749,-5.5458627499946038],[105.26074879372298,-5.5458627102141209],[105.26074875401396,-5.5457722465049981],[105.26065846768219,-5.5457722862848291],[105.26065850737749,-5.5458627499946038]]]},"properties":{"FID":38,"Id":39,"gridcode":2}},{"type":"Feature","id":39,"geometry":{"type":"Polygon","coordinates":[[[105.26083904034508,-5.5457722067113924],[105.26103895103277,-5.5457316781060948],[105.26110981980834,-5.5455911598340712],[105.26101953350671,-5.5455911996676983],[105.26092924720442,-5.5455912394875497],[105.26083904034508,-5.5457722067113924]]]},"properties":{"FID":39,"Id":40,"gridcode":2}},{"type":"Feature","id":40,"geometry":{"type":"Polygon","coordinates":[[[105.26020707564005,-5.5458629486903721],[105.26047793468449,-5.54586282951424],[105.26047789501669,-5.5457723658031606],[105.26020703601353,-5.5457724849773378],[105.26020707564005,-5.5458629486903721]]]},"properties":{"FID":40,"Id":41,"gridcode":4}},{"type":"Feature","id":41,"geometry":{"type":"Polygon","coordinates":[[[105.26047793468449,-5.54586282951424],[105.26065850737749,-5.5458627499946038],[105.26065846768219,-5.5457722862848291],[105.26074875401396,-5.5457722465049981],[105.26083904034508,-5.5457722067113924],[105.26092924720442,-5.5455912394875497],[105.26097433945588,-5.5454753557966319],[105.26101953350671,-5.5455911996676983],[105.26110981980834,-5.5455911598340712],[105.26128964694762,-5.5454999099832207],[105.26138055930136,-5.5453196491335817],[105.26129027304295,-5.5453196890065728],[105.26129023325538,-5.5452292252997157],[105.26119994701006,-5.5452292651582766],[105.26119998678388,-5.5453197288657883],[105.26110970052414,-5.545319768711229],[105.26110974028489,-5.5454102324191199],[105.2607485951844,-5.5454103916657473],[105.26074867459786,-5.5455913190859247],[105.26070358229383,-5.5457072027616787],[105.26065838829361,-5.5455913588644492],[105.2604778156831,-5.5455914383801721],[105.26047785534956,-5.5456819020918031],[105.26047789501669,-5.5457723658031606],[105.26047793468449,-5.54586282951424]]]},"properties":{"FID":41,"Id":42,"gridcode":3}},{"type":"Feature","id":42,"geometry":{"type":"Polygon","coordinates":[[[105.24657379201864,-5.5457783232359912],[105.24644190534856,-5.5458922688387542],[105.24666415357916,-5.5459592132214137],[105.24666411601439,-5.5458687494134633],[105.24657382956904,-5.5458687870448351],[105.24657379201864,-5.5457783232359912]]]},"properties":{"FID":42,"Id":43,"gridcode":4}},{"type":"Feature","id":43,"geometry":{"type":"Polygon","coordinates":[[[105.26047797435294,-5.5459532932250442],[105.26065854707343,-5.5459532137041014],[105.26065850737749,-5.5458627499946038],[105.26047793468449,-5.54586282951424],[105.26047797435294,-5.5459532932250442]]]},"properties":{"FID":43,"Id":44,"gridcode":2}},{"type":"Feature","id":44,"geometry":{"type":"Polygon","coordinates":[[[105.24657394222399,-5.5461401784697113],[105.24654301782611,-5.5460349396357422],[105.24646313023396,-5.5461075886969287],[105.24657394222399,-5.5461401784697113]]]},"properties":{"FID":44,"Id":45,"gridcode":4}},{"type":"Feature","id":45,"geometry":{"type":"Polygon","coordinates":[[[105.24684480168189,-5.5461400655287072],[105.24684476408837,-5.5460496017225438],[105.24675447761678,-5.5460496393827041],[105.24675451519654,-5.5461401031894848],[105.24684480168189,-5.5461400655287072]]]},"properties":{"FID":45,"Id":46,"gridcode":3}},{"type":"Feature","id":46,"geometry":{"type":"Polygon","coordinates":[[[105.26011686851815,-5.5460439158147432],[105.26047797435294,-5.5459532932250442],[105.26047793468449,-5.54586282951424],[105.26020707564005,-5.5458629486903721],[105.26005950307629,-5.5457895306912715],[105.26002654254019,-5.5459534917863076],[105.26011682890405,-5.5459534521016076],[105.26011686851815,-5.5460439158147432]]]},"properties":{"FID":46,"Id":47,"gridcode":3}},{"type":"Feature","id":47,"geometry":{"type":"Polygon","coordinates":[[[105.24666415357916,-5.5459592132214137],[105.24666422871059,-5.5461401408364868],[105.24675451519654,-5.5461401031894848],[105.24675447761678,-5.5460496393827041],[105.24675444003763,-5.5459591755756481],[105.24666415357916,-5.5459592132214137]]]},"properties":{"FID":47,"Id":48,"gridcode":4}},{"type":"Feature","id":48,"geometry":{"type":"Polygon","coordinates":[[[105.24675451519654,-5.5461401031894848],[105.2467997065803,-5.5462559482687919],[105.24684480168189,-5.5461400655287072],[105.24675451519654,-5.5461401031894848]]]},"properties":{"FID":48,"Id":49,"gridcode":4}},{"type":"Feature","id":49,"geometry":{"type":"Polygon","coordinates":[[[105.25280374682853,-5.5462280132208646],[105.2528940332854,-5.5462279746363903],[105.25289399476999,-5.5461375108724242],[105.25280370832688,-5.5461375494562652],[105.25280374682853,-5.5462280132208646]]]},"properties":{"FID":49,"Id":50,"gridcode":3}},{"type":"Feature","id":50,"geometry":{"type":"Polygon","coordinates":[[[105.26002670094555,-5.546315346639795],[105.26002666134322,-5.5462248829268379],[105.25993637493745,-5.5462249225997136],[105.25993641452604,-5.5463153863133225],[105.26002670094555,-5.546315346639795]]]},"properties":{"FID":50,"Id":51,"gridcode":3}},{"type":"Feature","id":51,"geometry":{"type":"Polygon","coordinates":[[[105.25984604895687,-5.5461344985442773],[105.26002662174156,-5.5461344192136037],[105.26002666134322,-5.5462248829268379],[105.26011694774833,-5.5462248432401839],[105.26011686851815,-5.5460439158147432],[105.26002658214055,-5.5460439555000933],[105.26002654254019,-5.5459534917863076],[105.25984596981051,-5.5459535711143779],[105.25984604895687,-5.5461344985442773]]]},"properties":{"FID":51,"Id":52,"gridcode":3}},{"type":"Feature","id":52,"geometry":{"type":"Polygon","coordinates":[[[105.25921416262554,-5.5464061669240845],[105.25918323600216,-5.546300928854583],[105.25910334999928,-5.5463735795529399],[105.25921416262554,-5.5464061669240845]]]},"properties":{"FID":52,"Id":53,"gridcode":3}},{"type":"Feature","id":53,"geometry":{"type":"Polygon","coordinates":[[[105.25984604895687,-5.5461344985442773],[105.25984612810586,-5.5463154259730718],[105.25993641452604,-5.5463153863133225],[105.25993637493745,-5.5462249225997136],[105.26002666134322,-5.5462248829268379],[105.26002662174156,-5.5461344192136037],[105.25984604895687,-5.5461344985442773]]]},"properties":{"FID":53,"Id":54,"gridcode":4}},{"type":"Feature","id":54,"geometry":{"type":"Polygon","coordinates":[[[105.25993645411525,-5.5464058500266544],[105.26002674054853,-5.5464058103524767],[105.26002670094555,-5.546315346639795],[105.25993641452604,-5.5463153863133225],[105.25993645411525,-5.5464058500266544]]]},"properties":{"FID":54,"Id":55,"gridcode":2}},{"type":"Feature","id":55,"geometry":{"type":"Polygon","coordinates":[[[105.25930444906405,-5.5464061273601271],[105.2594850219391,-5.5464060481908808],[105.25948498241863,-5.5463155844742964],[105.25930440957107,-5.5463156636422442],[105.25930444906405,-5.5464061273601271]]]},"properties":{"FID":55,"Id":56,"gridcode":4}},{"type":"Feature","id":56,"geometry":{"type":"Polygon","coordinates":[[[105.25298435827143,-5.5463183998011951],[105.25298443533292,-5.5464993273264795],[105.2531103653679,-5.5464088096865378],[105.25298435827143,-5.5463183998011951]]]},"properties":{"FID":56,"Id":57,"gridcode":3}},{"type":"Feature","id":57,"geometry":{"type":"Polygon","coordinates":[[[105.25921420210543,-5.5464966306423404],[105.25925939590628,-5.5466124746563308],[105.25930448855767,-5.5464965910777337],[105.25921420210543,-5.5464966306423404]]]},"properties":{"FID":57,"Id":58,"gridcode":4}},{"type":"Feature","id":58,"geometry":{"type":"Polygon","coordinates":[[[105.25894342162393,-5.546677676693065],[105.25876284865853,-5.5466777557008689],[105.25876292748535,-5.5468586831419309],[105.25888281276356,-5.5467978503687076],[105.25894342162393,-5.546677676693065]]]},"properties":{"FID":58,"Id":59,"gridcode":4}},{"type":"Feature","id":59,"geometry":{"type":"Polygon","coordinates":[[[105.25840186015611,-5.5470397684425148],[105.25851747733759,-5.5469944860597025],[105.25840182079608,-5.5469493047200844],[105.25840186015611,-5.5470397684425148]]]},"properties":{"FID":59,"Id":60,"gridcode":2}},{"type":"Feature","id":60,"geometry":{"type":"Polygon","coordinates":[[[105.25831161296175,-5.5471302715960249],[105.2583115736148,-5.5470398078732233],[105.25822128707286,-5.5470398472901525],[105.25822132640604,-5.5471303110135999],[105.25831161296175,-5.5471302715960249]]]},"properties":{"FID":60,"Id":61,"gridcode":3}},{"type":"Feature","id":61,"geometry":{"type":"Polygon","coordinates":[[[105.2584018995168,-5.5471302321646681],[105.25840186015611,-5.5470397684425148],[105.2583115736148,-5.5470398078732233],[105.25831161296175,-5.5471302715960249],[105.2584018995168,-5.5471302321646681]]]},"properties":{"FID":61,"Id":62,"gridcode":2}},{"type":"Feature","id":62,"geometry":{"type":"Polygon","coordinates":[[[105.25858235446233,-5.5468587620972114],[105.25862758928461,-5.5470690126274675],[105.25867264097417,-5.5468587226264603],[105.25858235446233,-5.5468587620972114]]]},"properties":{"FID":62,"Id":63,"gridcode":4}},{"type":"Feature","id":63,"geometry":{"type":"Polygon","coordinates":[[[105.25045671835414,-5.547224113153927],[105.25042579321232,-5.5471188745601419],[105.25034590597863,-5.5471915241282268],[105.25045671835414,-5.547224113153927]]]},"properties":{"FID":63,"Id":64,"gridcode":3}},{"type":"Feature","id":64,"geometry":{"type":"Polygon","coordinates":[[[105.25831165230933,-5.5472207353185494],[105.25831161296175,-5.5471302715960249],[105.25822132640604,-5.5471303110135999],[105.25822136573987,-5.547220774736771],[105.25831165230933,-5.5472207353185494]]]},"properties":{"FID":64,"Id":65,"gridcode":2}},{"type":"Feature","id":65,"geometry":{"type":"Polygon","coordinates":[[[105.2584018995168,-5.5471302321646681],[105.25872615322015,-5.5470931416553428],[105.25907064006741,-5.5468050335146009],[105.25935796150765,-5.5466405463256852],[105.25970620806665,-5.5463492929485501],[105.25993645411525,-5.5464058500266544],[105.25993641452604,-5.5463153863133225],[105.25984612810586,-5.5463154259730718],[105.25984604895687,-5.5461344985442773],[105.25955788437896,-5.5461710358817431],[105.25948498241863,-5.5463155844742964],[105.2594850219391,-5.5464060481908808],[105.25930444906405,-5.5464061273601271],[105.25930448855767,-5.5464965910777337],[105.25925939590628,-5.5466124746563308],[105.25921420210543,-5.5464966306423404],[105.25894334274473,-5.5464967492534907],[105.25894342162393,-5.546677676693065],[105.25888281276356,-5.5467978503687076],[105.25876292748535,-5.5468586831419309],[105.25867264097417,-5.5468587226264603],[105.25862758928461,-5.5470690126274675],[105.25858235446233,-5.5468587620972114],[105.2584017814367,-5.5468588409973769],[105.25840182079608,-5.5469493047200844],[105.25851747733759,-5.5469944860597025],[105.25840186015611,-5.5470397684425148],[105.2584018995168,-5.5471302321646681]]]},"properties":{"FID":65,"Id":66,"gridcode":3}},{"type":"Feature","id":66,"geometry":{"type":"Polygon","coordinates":[[[105.25009545756286,-5.5469528746066121],[105.25000517097632,-5.546952912769],[105.25000528522145,-5.5472243041130547],[105.25009557184926,-5.5472242659487883],[105.25009545756286,-5.5469528746066121]]]},"properties":{"FID":66,"Id":67,"gridcode":3}},{"type":"Feature","id":67,"geometry":{"type":"Polygon","coordinates":[[[105.25244306240423,-5.5473137326049908],[105.25241213690971,-5.5472084941315458],[105.25233224991956,-5.5472811439571883],[105.25244306240423,-5.5473137326049908]]]},"properties":{"FID":67,"Id":68,"gridcode":4}},{"type":"Feature","id":68,"geometry":{"type":"Polygon","coordinates":[[[105.25000528522145,-5.5472243041130547],[105.25000536138802,-5.5474052316743769],[105.25009564804331,-5.5474051935088582],[105.25009560994597,-5.5473147297289618],[105.25009557184926,-5.5472242659487883],[105.25000528522145,-5.5472243041130547]]]},"properties":{"FID":68,"Id":69,"gridcode":2}},{"type":"Feature","id":69,"geometry":{"type":"Polygon","coordinates":[[[105.25253331056059,-5.5472232303048568],[105.25253338749734,-5.547404157830945],[105.25265931779101,-5.5473136402778902],[105.25253331056059,-5.5472232303048568]]]},"properties":{"FID":69,"Id":70,"gridcode":5}},{"type":"Feature","id":70,"geometry":{"type":"Polygon","coordinates":[[[105.25009564804331,-5.5474051935088582],[105.25009572423991,-5.5475861210678241],[105.25027629760365,-5.5475860446929408],[105.25023585189103,-5.5473857403714462],[105.25009560994597,-5.5473147297289618],[105.25009564804331,-5.5474051935088582]]]},"properties":{"FID":70,"Id":71,"gridcode":3}},{"type":"Feature","id":71,"geometry":{"type":"Polygon","coordinates":[[[105.25063759705441,-5.5479477468773748],[105.25063755887074,-5.5478572831028972],[105.25054727215046,-5.5478573213542335],[105.25054731032036,-5.5479477851293391],[105.25063759705441,-5.5479477468773748]]]},"properties":{"FID":71,"Id":72,"gridcode":3}},{"type":"Feature","id":72,"geometry":{"type":"Polygon","coordinates":[[[105.25217243301867,-5.5478566307216228],[105.25206740049913,-5.5478876168439424],[105.25213990811194,-5.5479676606077204],[105.25217243301867,-5.5478566307216228]]]},"properties":{"FID":72,"Id":73,"gridcode":5}},{"type":"Feature","id":73,"geometry":{"type":"Polygon","coordinates":[[[105.25804110707304,-5.547944563317647],[105.25804106776151,-5.5478540995953933],[105.25795078109383,-5.547854138976799],[105.2579508203916,-5.5479446026996992],[105.25804110707304,-5.547944563317647]]]},"properties":{"FID":73,"Id":74,"gridcode":2}},{"type":"Feature","id":74,"geometry":{"type":"Polygon","coordinates":[[[105.25280447848115,-5.5479468246957575],[105.25276822717483,-5.5477412582432128],[105.25268711255045,-5.5478965606668185],[105.25280447848115,-5.5479468246957575]]]},"properties":{"FID":74,"Id":75,"gridcode":5}},{"type":"Feature","id":75,"geometry":{"type":"Polygon","coordinates":[[[105.25786057299419,-5.5480351057912376],[105.25795085969003,-5.5480350664223224],[105.2579508203916,-5.5479446026996992],[105.25786053370952,-5.5479446420679697],[105.25786057299419,-5.5480351057912376]]]},"properties":{"FID":75,"Id":76,"gridcode":3}},{"type":"Feature","id":76,"geometry":{"type":"Polygon","coordinates":[[[105.25822136573987,-5.547220774736771],[105.25804106776151,-5.5478540995953933],[105.25804110707304,-5.547944563317647],[105.25813139375381,-5.5479445239218137],[105.25813131510391,-5.5477635964783225],[105.25822160175652,-5.5477635570700006],[105.25827491719319,-5.5475456575321997],[105.25831165230933,-5.5472207353185494],[105.25822136573987,-5.547220774736771]]]},"properties":{"FID":76,"Id":77,"gridcode":3}},{"type":"Feature","id":77,"geometry":{"type":"Polygon","coordinates":[[[105.25822160175652,-5.5477635570700006],[105.25813131510391,-5.5477635964783225],[105.25813139375381,-5.5479445239218137],[105.25822168043395,-5.5479444845121995],[105.25822160175652,-5.5477635570700006]]]},"properties":{"FID":77,"Id":78,"gridcode":2}},{"type":"Feature","id":78,"geometry":{"type":"Polygon","coordinates":[[[105.25090853370449,-5.5481285595831498],[105.25087760842935,-5.5480233210219447],[105.25079772113699,-5.5480959706518389],[105.25090853370449,-5.5481285595831498]]]},"properties":{"FID":78,"Id":79,"gridcode":3}},{"type":"Feature","id":79,"geometry":{"type":"Polygon","coordinates":[[[105.25786061227952,-5.5481255695142311],[105.25786057299419,-5.5480351057912376],[105.2577702862977,-5.5480351451463719],[105.25777032556927,-5.5481256088700119],[105.25786061227952,-5.5481255695142311]]]},"properties":{"FID":79,"Id":80,"gridcode":3}},{"type":"Feature","id":80,"geometry":{"type":"Polygon","coordinates":[[[105.25253369526978,-5.5481278679242445],[105.25248458891402,-5.5480130260621969],[105.25232604838068,-5.5480912888666172],[105.25253369526978,-5.5481278679242445]]]},"properties":{"FID":80,"Id":81,"gridcode":5}},{"type":"Feature","id":81,"geometry":{"type":"MultiPolygon","coordinates":[[[[105.25045671835414,-5.547224113153927],[105.25034590597863,-5.5471915241282268],[105.25042579321232,-5.5471188745601419],[105.25045671835414,-5.547224113153927]]],[[[105.25280447848115,-5.5479468246957575],[105.25268711255045,-5.5478965606668185],[105.25276822717483,-5.5477412582432128],[105.25280447848115,-5.5479468246957575]]],[[[105.25253369526978,-5.5481278679242445],[105.25232604838068,-5.5480912888666172],[105.25248458891402,-5.5480130260621969],[105.25253369526978,-5.5481278679242445]],[[105.25063759705441,-5.5479477468773748],[105.25095452221976,-5.5479919397522126],[105.25104304223423,-5.5480841752508701],[105.25176717955227,-5.5481725219583451],[105.25185569971569,-5.5482647573278676],[105.25232589796899,-5.5483565209185421],[105.25305472237361,-5.5483413062732447],[105.25298443533292,-5.5464993273264795],[105.25298435827143,-5.5463183998011951],[105.25298428121248,-5.5461374722748067],[105.25289399476999,-5.5461375108724242],[105.2528940332854,-5.5462279746363903],[105.25280374682853,-5.5462280132208646],[105.2527735187834,-5.5464690273018391],[105.25256350025792,-5.5468917524721046],[105.25253331056059,-5.5472232303048568],[105.25265931779101,-5.5473136402778902],[105.25253338749734,-5.547404157830945],[105.25250195126851,-5.5479390830277344],[105.25231124380959,-5.5477874220535481],[105.25217243301867,-5.5478566307216228],[105.25213990811194,-5.5479676606077204],[105.25206740049913,-5.5478876168439424],[105.25217243301867,-5.5478566307216228],[105.25213140603216,-5.547716768590452],[105.25156183648473,-5.5475904748795131],[105.25103946477641,-5.5473637457739731],[105.25095683564032,-5.5472641627959307],[105.25085920717633,-5.5472741752726096],[105.25075356641682,-5.5470303950487132],[105.2502027884161,-5.5468232988184738],[105.25009545756286,-5.5469528746066121],[105.25009557184926,-5.5472242659487883],[105.25009560994597,-5.5473147297289618],[105.25023585189103,-5.5473857403714462],[105.25027629760365,-5.5475860446929408],[105.25030669173893,-5.5477365692387073],[105.25054727215046,-5.5478573213542335],[105.25063755887074,-5.5478572831028972],[105.25063759705441,-5.5479477468773748]]]]},"properties":{"FID":81,"Id":82,"gridcode":4}},{"type":"Feature","id":82,"geometry":{"type":"Polygon","coordinates":[[[105.25768011737595,-5.5483065756597476],[105.25777040411435,-5.5483065363164599],[105.25777048266205,-5.5484874637618038],[105.25786076942731,-5.548487424403441],[105.25786061227952,-5.5481255695142311],[105.25777032556927,-5.5481256088700119],[105.25768011737595,-5.5483065756597476]]]},"properties":{"FID":82,"Id":83,"gridcode":2}},{"type":"Feature","id":83,"geometry":{"type":"Polygon","coordinates":[[[105.25759002687344,-5.5487589336069929],[105.25758998762483,-5.5486684698839976],[105.2574997008301,-5.5486685092023009],[105.25749974006494,-5.548758972925941],[105.25759002687344,-5.5487589336069929]]]},"properties":{"FID":83,"Id":84,"gridcode":2}},{"type":"Feature","id":84,"geometry":{"type":"Polygon","coordinates":[[[105.25749977930045,-5.5488494366493049],[105.25759006612269,-5.5488493973297111],[105.25759002687344,-5.5487589336069929],[105.25749974006494,-5.548758972925941],[105.25749977930045,-5.5488494366493049]]]},"properties":{"FID":84,"Id":85,"gridcode":3}},{"type":"Feature","id":85,"geometry":{"type":"Polygon","coordinates":[[[105.25759002687344,-5.5487589336069929],[105.25777060048846,-5.5487588549277458],[105.25777052193686,-5.548577927484061],[105.25786080871589,-5.5485778881250534],[105.25786076942731,-5.548487424403441],[105.25777048266205,-5.5484874637618038],[105.25777040411435,-5.5483065363164599],[105.25768011737595,-5.5483065756597476],[105.2576802744189,-5.5486684305519116],[105.25758998762483,-5.5486684698839976],[105.25759002687344,-5.5487589336069929]]]},"properties":{"FID":85,"Id":86,"gridcode":3}},{"type":"Feature","id":86,"geometry":{"type":"Polygon","coordinates":[[[105.25786080871589,-5.5485778881250534],[105.25777052193686,-5.548577927484061],[105.25777060048846,-5.5487588549277458],[105.257860887295,-5.5487588155674468],[105.25786080871589,-5.5485778881250534]]]},"properties":{"FID":86,"Id":87,"gridcode":2}},{"type":"Feature","id":87,"geometry":{"type":"Polygon","coordinates":[[[105.25731924486264,-5.5489399789715153],[105.2574998185366,-5.5489399003723916],[105.25749977930045,-5.5488494366493049],[105.25731920565401,-5.548849515247138],[105.25731924486264,-5.5489399789715153]]]},"properties":{"FID":87,"Id":88,"gridcode":3}},{"type":"Feature","id":88,"geometry":{"type":"Polygon","coordinates":[[[105.25731928407194,-5.5490304426956145],[105.25721425165798,-5.5490614297279626],[105.2572867600864,-5.5491414728191026],[105.25731928407194,-5.5490304426956145]]]},"properties":{"FID":88,"Id":89,"gridcode":3}},{"type":"Feature","id":89,"geometry":{"type":"Polygon","coordinates":[[[105.25731928407194,-5.5490304426956145],[105.25761597174227,-5.5489834598972658],[105.25777060048846,-5.5487588549277458],[105.25759002687344,-5.5487589336069929],[105.25759006612269,-5.5488493973297111],[105.25749977930045,-5.5488494366493049],[105.2574998185366,-5.5489399003723916],[105.25731924486264,-5.5489399789715153],[105.25731928407194,-5.5490304426956145]]]},"properties":{"FID":89,"Id":90,"gridcode":2}},{"type":"Feature","id":90,"geometry":{"type":"Polygon","coordinates":[[[105.25713882791707,-5.5493019124153955],[105.25722911481071,-5.5493018731477184],[105.25722907561324,-5.549211409423803],[105.25713878873336,-5.549211448690837],[105.25713882791707,-5.5493019124153955]]]},"properties":{"FID":90,"Id":91,"gridcode":3}},{"type":"Feature","id":91,"geometry":{"type":"Polygon","coordinates":[[[105.25704861936468,-5.5494828791188642],[105.25704858019341,-5.5493924153942151],[105.25695829328474,-5.5493924546349662],[105.25695833244224,-5.5494829183602592],[105.25704861936468,-5.5494828791188642]]]},"properties":{"FID":91,"Id":92,"gridcode":4}},{"type":"Feature","id":92,"geometry":{"type":"Polygon","coordinates":[[[105.25713890628646,-5.5494828398636846],[105.25713886710145,-5.5493923761396777],[105.25704858019341,-5.5493924153942151],[105.25704861936468,-5.5494828791188642],[105.25713890628646,-5.5494828398636846]]]},"properties":{"FID":92,"Id":93,"gridcode":3}},{"type":"Feature","id":93,"geometry":{"type":"Polygon","coordinates":[[[105.25704865853658,-5.5495733428432388],[105.25704861936468,-5.5494828791188642],[105.25695833244224,-5.5494829183602592],[105.25695837160038,-5.5495733820852777],[105.25704865853658,-5.5495733428432388]]]},"properties":{"FID":93,"Id":94,"gridcode":3}},{"type":"Feature","id":94,"geometry":{"type":"Polygon","coordinates":[[[105.25713882791707,-5.5493019124153955],[105.25713886710145,-5.5493923761396777],[105.25713890628646,-5.5494828398636846],[105.25735309664289,-5.5493108299412519],[105.25722907561324,-5.549211409423803],[105.25722911481071,-5.5493018731477184],[105.25713882791707,-5.5493019124153955]]]},"properties":{"FID":94,"Id":95,"gridcode":2}},{"type":"Feature","id":95,"geometry":{"type":"Polygon","coordinates":[[[105.25677779772603,-5.5495734605279967],[105.2565972238491,-5.5495735389155749],[105.25659730205726,-5.5497544663699241],[105.25671718814863,-5.5496936340041181],[105.25677779772603,-5.5495734605279967]]]},"properties":{"FID":95,"Id":96,"gridcode":4}},{"type":"Feature","id":96,"geometry":{"type":"Polygon","coordinates":[[[105.2567779151218,-5.5498448517052488],[105.25686820210059,-5.5498448124888533],[105.25686816295425,-5.5497543487640213],[105.25677787598923,-5.5497543879797746],[105.2567779151218,-5.5498448517052488]]]},"properties":{"FID":96,"Id":97,"gridcode":2}},{"type":"Feature","id":97,"geometry":{"type":"Polygon","coordinates":[[[105.25686816295425,-5.5497543487640213],[105.25704873688233,-5.5497542702911558],[105.25704865853658,-5.5495733428432388],[105.25695837160038,-5.5495733820852777],[105.25695841075917,-5.5496638458100183],[105.25686812380856,-5.5496638850389148],[105.25686816295425,-5.5497543487640213]]]},"properties":{"FID":97,"Id":98,"gridcode":2}},{"type":"Feature","id":98,"geometry":{"type":"Polygon","coordinates":[[[105.25668766726184,-5.5499353546336998],[105.25677795425503,-5.5499353154304467],[105.2567779151218,-5.5498448517052488],[105.25668762814239,-5.5498448909078597],[105.25668766726184,-5.5499353546336998]]]},"properties":{"FID":98,"Id":99,"gridcode":2}},{"type":"Feature","id":99,"geometry":{"type":"Polygon","coordinates":[[[105.25659741937437,-5.5500258575493735],[105.25668770638195,-5.5500258183592637],[105.25668766726184,-5.5499353546336998],[105.25659738026802,-5.5499353938231666],[105.25659741937437,-5.5500258575493735]]]},"properties":{"FID":99,"Id":100,"gridcode":2}},{"type":"Feature","id":100,"geometry":{"type":"Polygon","coordinates":[[[105.25443060855275,-5.5502077214582703],[105.25438541537096,-5.5500918770583594],[105.25434032150153,-5.5502077603049855],[105.25443060855275,-5.5502077214582703]]]},"properties":{"FID":100,"Id":101,"gridcode":3}},{"type":"Feature","id":101,"geometry":{"type":"Polygon","coordinates":[[[105.25443064733079,-5.5502981851990034],[105.25443060855275,-5.5502077214582703],[105.25434032150153,-5.5502077603049855],[105.2543403602658,-5.5502982240463554],[105.25443064733079,-5.5502981851990034]]]},"properties":{"FID":101,"Id":102,"gridcode":2}},{"type":"Feature","id":102,"geometry":{"type":"Polygon","coordinates":[[[105.25506265676769,-5.5502979128814935],[105.25524323088673,-5.5502978349524046],[105.25515288957062,-5.550171658053098],[105.25506265676769,-5.5502979128814935]]]},"properties":{"FID":102,"Id":103,"gridcode":3}},{"type":"Feature","id":103,"geometry":{"type":"Polygon","coordinates":[[[105.25425003444965,-5.5502077991379135],[105.25425011195135,-5.5503887266216498],[105.25434039903074,-5.5503886877874482],[105.2543403602658,-5.5502982240463554],[105.25434032150153,-5.5502077603049855],[105.25425003444965,-5.5502077991379135]]]},"properties":{"FID":103,"Id":104,"gridcode":3}},{"type":"Feature","id":104,"geometry":{"type":"Polygon","coordinates":[[[105.25470154734187,-5.550388532312768],[105.25506269564269,-5.5503883766174855],[105.25506265676769,-5.5502979128814935],[105.2549723697072,-5.5502979518253577],[105.25470150852189,-5.5502980685742243],[105.25470154734187,-5.550388532312768]]]},"properties":{"FID":104,"Id":105,"gridcode":3}},{"type":"Feature","id":105,"geometry":{"type":"Polygon","coordinates":[[[105.25542388286394,-5.5504786844347578],[105.25542384393324,-5.5503882207016],[105.25533355686157,-5.5503882597012524],[105.25533359577851,-5.5504787234350506],[105.25542388286394,-5.5504786844347578]]]},"properties":{"FID":105,"Id":106,"gridcode":2}},{"type":"Feature","id":106,"geometry":{"type":"Polygon","coordinates":[[[105.25524323088673,-5.5502978349524046],[105.25524326978926,-5.5503882986871176],[105.25533355686157,-5.5503882597012524],[105.25542384393324,-5.5503882207016],[105.25542380500319,-5.5502977569681642],[105.25524323088673,-5.5502978349524046]]]},"properties":{"FID":106,"Id":107,"gridcode":3}},{"type":"Feature","id":107,"geometry":{"type":"Polygon","coordinates":[[[105.25542384393324,-5.5503882207016],[105.25566436124151,-5.5503577265769479],[105.25650539760662,-5.5499366894627711],[105.25659730205726,-5.5497544663699241],[105.25623615418556,-5.5497546229847892],[105.25623623228624,-5.5499355504431689],[105.25569451029418,-5.5499357849595761],[105.25569458823233,-5.5501167124245407],[105.25497229198665,-5.5501170243512687],[105.2549723697072,-5.5502979518253577],[105.25506265676769,-5.5502979128814935],[105.25515288957062,-5.550171658053098],[105.25524323088673,-5.5502978349524046],[105.25542380500319,-5.5502977569681642],[105.25542384393324,-5.5503882207016]]]},"properties":{"FID":107,"Id":108,"gridcode":4}},{"type":"Feature","id":108,"geometry":{"type":"Polygon","coordinates":[[[105.25388900232416,-5.5504793455645762],[105.25406957651494,-5.5504792679914159],[105.2541025389048,-5.5503153071654419],[105.25425011195135,-5.5503887266216498],[105.25425003444965,-5.5502077991379135],[105.25420097234485,-5.5499932232345586],[105.25392862276561,-5.5500907581790004],[105.25388900232416,-5.5504793455645762]]]},"properties":{"FID":108,"Id":109,"gridcode":4}},{"type":"Feature","id":109,"geometry":{"type":"Polygon","coordinates":[[[105.25470158616247,-5.5504789960510363],[105.2547918732524,-5.5504789571472593],[105.25506273451835,-5.5504788403532004],[105.25506269564269,-5.5503883766174855],[105.25470154734187,-5.550388532312768],[105.25470158616247,-5.5504789960510363]]]},"properties":{"FID":109,"Id":110,"gridcode":2}},{"type":"Feature","id":110,"geometry":{"type":"Polygon","coordinates":[[[105.25560449599173,-5.5505690701244133],[105.25560445703287,-5.5504786063928098],[105.25551416994873,-5.5504786454206778],[105.25551420889383,-5.5505691091529208],[105.25560449599173,-5.5505690701244133]]]},"properties":{"FID":110,"Id":111,"gridcode":2}},{"type":"Feature","id":111,"geometry":{"type":"Polygon","coordinates":[[[105.25298620845209,-5.5506606601029667],[105.2529552826613,-5.5505554216821302],[105.25287539530918,-5.5506280715904435],[105.25298620845209,-5.5506606601029667]]]},"properties":{"FID":111,"Id":112,"gridcode":4}},{"type":"Feature","id":112,"geometry":{"type":"Polygon","coordinates":[[[105.25397936684284,-5.5506602342707883],[105.25397932813104,-5.5505697705279777],[105.25388904102157,-5.5505698093082998],[105.2538890797196,-5.5506602730517463],[105.25397936684284,-5.5506602342707883]]]},"properties":{"FID":112,"Id":113,"gridcode":2}},{"type":"Feature","id":113,"geometry":{"type":"Polygon","coordinates":[[[105.25461133787937,-5.5505694986796561],[105.25479191208741,-5.5505694208846137],[105.2547918732524,-5.5504789571472593],[105.25470158616247,-5.5504789960510363],[105.25461129907188,-5.5504790349410253],[105.25461133787937,-5.5505694986796561]]]},"properties":{"FID":113,"Id":114,"gridcode":3}},{"type":"Feature","id":114,"geometry":{"type":"Polygon","coordinates":[[[105.25551416994873,-5.5504786454206778],[105.25560445703287,-5.5504786063928098],[105.25560449599173,-5.5505690701244133],[105.25582188476353,-5.5504249973895892],[105.25659741937437,-5.5500258575493735],[105.25659738026802,-5.5499353938231666],[105.25668766726184,-5.5499353546336998],[105.25668762814239,-5.5498448909078597],[105.2567779151218,-5.5498448517052488],[105.25677787598923,-5.5497543879797746],[105.25686816295425,-5.5497543487640213],[105.25686812380856,-5.5496638850389148],[105.25686808466352,-5.5495734213135304],[105.25677779772603,-5.5495734605279967],[105.25671718814863,-5.5496936340041181],[105.25659730205726,-5.5497544663699241],[105.25650539760662,-5.5499366894627711],[105.25566436124151,-5.5503577265769479],[105.25542384393324,-5.5503882207016],[105.25542388286394,-5.5504786844347578],[105.25551416994873,-5.5504786454206778]]]},"properties":{"FID":114,"Id":115,"gridcode":3}},{"type":"Feature","id":115,"geometry":{"type":"Polygon","coordinates":[[[105.25352793122026,-5.5506604280376939],[105.25370850547121,-5.5506603505722962],[105.25370846680069,-5.5505698868275797],[105.25352789257727,-5.5505699642917063],[105.25352793122026,-5.5506604280376939]]]},"properties":{"FID":115,"Id":116,"gridcode":4}},{"type":"Feature","id":116,"geometry":{"type":"Polygon","coordinates":[[[105.25370850547121,-5.5506603505722962],[105.2538890797196,-5.5506602730517463],[105.25388904102157,-5.5505698093082998],[105.25370846680069,-5.5505698868275797],[105.25370850547121,-5.5506603505722962]]]},"properties":{"FID":116,"Id":117,"gridcode":3}},{"type":"Feature","id":117,"geometry":{"type":"Polygon","coordinates":[[[105.25388904102157,-5.5505698093082998],[105.25397932813104,-5.5505697705279777],[105.25397936684284,-5.5506602342707883],[105.25409925340554,-5.550599402416907],[105.25415986360937,-5.5504792291841536],[105.25406957651494,-5.5504792679914159],[105.25388900232416,-5.5504793455645762],[105.25388904102157,-5.5505698093082998]]]},"properties":{"FID":117,"Id":118,"gridcode":3}},{"type":"Feature","id":118,"geometry":{"type":"Polygon","coordinates":[[[105.25461137668751,-5.550659962418008],[105.25479195092306,-5.550659884621691],[105.25479191208741,-5.5505694208846137],[105.25461133787937,-5.5505694986796561],[105.25461137668751,-5.550659962418008]]]},"properties":{"FID":118,"Id":119,"gridcode":2}},{"type":"Feature","id":119,"geometry":{"type":"Polygon","coordinates":[[[105.25352793122026,-5.5506604280376939],[105.2535279698639,-5.5507508917834052],[105.25370854414237,-5.5507508143167374],[105.25370850547121,-5.5506603505722962],[105.25352793122026,-5.5506604280376939]]]},"properties":{"FID":119,"Id":120,"gridcode":3}},{"type":"Feature","id":120,"geometry":{"type":"Polygon","coordinates":[[[105.25452116715944,-5.5508409287726357],[105.2546114543057,-5.5508408898938839],[105.25461141549629,-5.5507504261560845],[105.25452112836378,-5.5507504650341986],[105.25452116715944,-5.5508409287726357]]]},"properties":{"FID":120,"Id":121,"gridcode":3}},{"type":"Feature","id":121,"geometry":{"type":"Polygon","coordinates":[[[105.2542503444718,-5.5509315090662286],[105.25434063163375,-5.5509314702282069],[105.25434059286498,-5.5508410064887714],[105.25425030571679,-5.5508410453261563],[105.2542503444718,-5.5509315090662286]]]},"properties":{"FID":121,"Id":122,"gridcode":3}},{"type":"Feature","id":122,"geometry":{"type":"Polygon","coordinates":[[[105.25443091879507,-5.5509314313763962],[105.25452120595573,-5.5509313925107966],[105.25452116715944,-5.5508409287726357],[105.25443088001252,-5.5508409676375976],[105.25443091879507,-5.5509314313763962]]]},"properties":{"FID":122,"Id":123,"gridcode":3}},{"type":"Feature","id":123,"geometry":{"type":"Polygon","coordinates":[[[105.25370858281417,-5.5508412780609007],[105.25358265196678,-5.5509317958534972],[105.25370866015969,-5.5510222055483993],[105.25370858281417,-5.5508412780609007]]]},"properties":{"FID":123,"Id":124,"gridcode":3}},{"type":"Feature","id":124,"geometry":{"type":"Polygon","coordinates":[[[105.25397956041145,-5.5511125529806913],[105.25406984760286,-5.5511125141827646],[105.25406980887408,-5.5510220504419729],[105.25397952169645,-5.5510220892392628],[105.25397956041145,-5.5511125529806913]]]},"properties":{"FID":124,"Id":125,"gridcode":3}},{"type":"Feature","id":125,"geometry":{"type":"Polygon","coordinates":[[[105.25406980887408,-5.5510220504419729],[105.25425038322746,-5.5510219728060237],[105.2542503444718,-5.5509315090662286],[105.25406977014596,-5.550931586700905],[105.25406980887408,-5.5510220504419729]]]},"properties":{"FID":125,"Id":126,"gridcode":3}},{"type":"Feature","id":126,"geometry":{"type":"Polygon","coordinates":[[[105.25425038322746,-5.5510219728060237],[105.25443095757824,-5.5510218951149177],[105.25443091879507,-5.5509314313763962],[105.25443088001252,-5.5508409676375976],[105.25434059286498,-5.5508410064887714],[105.25434063163375,-5.5509314702282069],[105.2542503444718,-5.5509315090662286],[105.25425038322746,-5.5510219728060237]]]},"properties":{"FID":126,"Id":127,"gridcode":2}},{"type":"Feature","id":127,"geometry":{"type":"Polygon","coordinates":[[[105.25370869883341,-5.5511126692917347],[105.25388927321941,-5.5511125917648281],[105.25388923451817,-5.5510221280227645],[105.25370866015969,-5.5510222055483993],[105.25370869883341,-5.5511126692917347]]]},"properties":{"FID":127,"Id":128,"gridcode":3}},{"type":"Feature","id":128,"geometry":{"type":"Polygon","coordinates":[[[105.25370866015969,-5.5510222055483993],[105.25388923451817,-5.5510221280227645],[105.25388927321941,-5.5511125917648281],[105.25397956041145,-5.5511125529806913],[105.25397952169645,-5.5510220892392628],[105.25406980887408,-5.5510220504419729],[105.25406977014596,-5.550931586700905],[105.2542503444718,-5.5509315090662286],[105.25425030571679,-5.5508410453261563],[105.25434059286498,-5.5508410064887714],[105.25443088001252,-5.5508409676375976],[105.25452116715944,-5.5508409287726357],[105.25452112836378,-5.5507504650341986],[105.25461141549629,-5.5507504261560845],[105.25461137668751,-5.550659962418008],[105.25461133787937,-5.5505694986796561],[105.25461129907188,-5.5504790349410253],[105.25470158616247,-5.5504789960510363],[105.25470154734187,-5.550388532312768],[105.25470150852189,-5.5502980685742243],[105.25443064733079,-5.5502981851990034],[105.25439325669041,-5.5505365611246855],[105.25415986360937,-5.5504792291841536],[105.25409925340554,-5.550599402416907],[105.25397936684284,-5.5506602342707883],[105.2538890797196,-5.5506602730517463],[105.25370850547121,-5.5506603505722962],[105.25370854414237,-5.5507508143167374],[105.25370858281417,-5.5508412780609007],[105.25370866015969,-5.5510222055483993]]]},"properties":{"FID":128,"Id":129,"gridcode":4}},{"type":"Feature","id":129,"geometry":{"type":"Polygon","coordinates":[[[105.25352820173914,-5.5512936742518635],[105.253483008638,-5.5511778297829295],[105.25343791451638,-5.5512937129683237],[105.25352820173914,-5.5512936742518635]]]},"properties":{"FID":129,"Id":130,"gridcode":3}},{"type":"Feature","id":130,"geometry":{"type":"Polygon","coordinates":[[[105.25370869883341,-5.5511126692917347],[105.25359280234525,-5.551164595876128],[105.25392683285946,-5.5512309700756566],[105.25397956041145,-5.5511125529806913],[105.25388927321941,-5.5511125917648281],[105.25370869883341,-5.5511126692917347]]]},"properties":{"FID":130,"Id":131,"gridcode":2}},{"type":"Feature","id":131,"geometry":{"type":"Polygon","coordinates":[[[105.2530768041982,-5.5513843314432076],[105.25316709143731,-5.5513842927812744],[105.25316705284423,-5.5512938290349618],[105.25307676561891,-5.5512938676962618],[105.2530768041982,-5.5513843314432076]]]},"properties":{"FID":131,"Id":132,"gridcode":3}},{"type":"Feature","id":132,"geometry":{"type":"Polygon","coordinates":[[[105.25343791451638,-5.5512937129683237],[105.25348310761873,-5.55140955744025],[105.25352820173914,-5.5512936742518635],[105.25343791451638,-5.5512937129683237]]]},"properties":{"FID":132,"Id":133,"gridcode":2}},{"type":"Feature","id":133,"geometry":{"type":"Polygon","coordinates":[[[105.25325730146274,-5.5512033266139165],[105.25325737867576,-5.5513842541055505],[105.25334766591355,-5.5513842154160367],[105.25334758867302,-5.551203287925671],[105.25325730146274,-5.5512033266139165]]]},"properties":{"FID":133,"Id":134,"gridcode":3}},{"type":"Feature","id":134,"geometry":{"type":"Polygon","coordinates":[[[105.25343806905761,-5.5516555679443051],[105.25343803042135,-5.5515651042007246],[105.25334774315664,-5.5515651429052975],[105.25334778177915,-5.5516556066495131],[105.25343806905761,-5.5516555679443051]]]},"properties":{"FID":134,"Id":135,"gridcode":3}},{"type":"Feature","id":135,"geometry":{"type":"Polygon","coordinates":[[[105.25352839498611,-5.5517459929679767],[105.25352835633544,-5.5516555292253074],[105.25343806905761,-5.5516555679443051],[105.25343810769452,-5.5517460316876104],[105.25352839498611,-5.5517459929679767]]]},"properties":{"FID":135,"Id":136,"gridcode":3}},{"type":"Feature","id":136,"geometry":{"type":"Polygon","coordinates":[[[105.25361868227705,-5.5517459542345531],[105.2536188369412,-5.5521078091999252],[105.25370912428656,-5.5521077704501689],[105.25370908560581,-5.5520173067098764],[105.25370896956737,-5.5517459154873379],[105.25361868227705,-5.5517459542345531]]]},"properties":{"FID":136,"Id":137,"gridcode":3}},{"type":"Feature","id":137,"geometry":{"type":"Polygon","coordinates":[[[105.25370912428656,-5.5521077704501689],[105.25392001162379,-5.5520650195108532],[105.25385281699445,-5.5519456447046647],[105.25370908560581,-5.5520173067098764],[105.25370912428656,-5.5521077704501689]]]},"properties":{"FID":137,"Id":138,"gridcode":2}},{"type":"Feature","id":138,"geometry":{"type":"Polygon","coordinates":[[[105.25307703568741,-5.551927113919084],[105.2530771900263,-5.5522889688974697],[105.25316747740304,-5.5522889302291976],[105.25316732300908,-5.5519270752533476],[105.25307703568741,-5.551927113919084]]]},"properties":{"FID":138,"Id":139,"gridcode":3}},{"type":"Feature","id":139,"geometry":{"type":"Polygon","coordinates":[[[105.25316747740304,-5.5522889302291976],[105.25352862690357,-5.5522887754181864],[105.25345522413102,-5.5521409765972409],[105.2536188369412,-5.5521078091999252],[105.25361868227705,-5.5517459542345531],[105.25352839498611,-5.5517459929679767],[105.25343810769452,-5.5517460316876104],[105.25343806905761,-5.5516555679443051],[105.25334778177915,-5.5516556066495131],[105.25334774315664,-5.5515651429052975],[105.25334766591355,-5.5513842154160367],[105.25325737867576,-5.5513842541055505],[105.25325730146274,-5.5512033266139165],[105.25316701425182,-5.5512033652883721],[105.25316705284423,-5.5512938290349618],[105.25316709143731,-5.5513842927812744],[105.2530768041982,-5.5513843314432076],[105.2529632365038,-5.5518484609672036],[105.25307703568741,-5.551927113919084],[105.25316732300908,-5.5519270752533476],[105.25316747740304,-5.5522889302291976]]]},"properties":{"FID":139,"Id":140,"gridcode":4}},{"type":"Feature","id":140,"geometry":{"type":"Polygon","coordinates":[[[105.25316747740304,-5.5522889302291976],[105.25316755460385,-5.5524698577154652],[105.2535287042145,-5.552469702899379],[105.25352862690357,-5.5522887754181864],[105.25316747740304,-5.5522889302291976]]]},"properties":{"FID":140,"Id":141,"gridcode":3}},{"type":"Feature","id":141,"geometry":{"type":"Polygon","coordinates":[[[105.25352909080759,-5.5533743402887428],[105.25364370884532,-5.553325137409602],[105.2535655981293,-5.5531662862593683],[105.25352909080759,-5.5533743402887428]]]},"properties":{"FID":141,"Id":142,"gridcode":2}},{"type":"Feature","id":142,"geometry":{"type":"Polygon","coordinates":[[[105.25352909080759,-5.5533743402887428],[105.25332392483868,-5.5534106629867726],[105.2534789248862,-5.5534919364210227],[105.25352909080759,-5.5533743402887428]]]},"properties":{"FID":142,"Id":143,"gridcode":2}},{"type":"Feature","id":143,"geometry":{"type":"Polygon","coordinates":[[[105.25325838267744,-5.5537363113961487],[105.25322213077041,-5.5535307450348652],[105.25314101554518,-5.5536860475211069],[105.25325838267744,-5.5537363113961487]]]},"properties":{"FID":143,"Id":144,"gridcode":2}},{"type":"Feature","id":144,"geometry":{"type":"Polygon","coordinates":[[[105.25307796187404,-5.5540982437230335],[105.25304171000121,-5.5538926773513468],[105.25296059468243,-5.5540479798153353],[105.25307796187404,-5.5540982437230335]]]},"properties":{"FID":144,"Id":145,"gridcode":2}},{"type":"Feature","id":145,"geometry":{"type":"Polygon","coordinates":[[[105.25235704663693,-5.5573552472633461],[105.25232612055338,-5.5572500088441528],[105.25224623225586,-5.5573226586955355],[105.25235704663693,-5.5573552472633461]]]},"properties":{"FID":145,"Id":146,"gridcode":2}},{"type":"Feature","id":146,"geometry":{"type":"Polygon","coordinates":[[[105.25064294900864,-5.5606126725750569],[105.25059952450476,-5.5604108288808378],[105.25043035451192,-5.5604960329518818],[105.25064294900864,-5.5606126725750569]]]},"properties":{"FID":146,"Id":147,"gridcode":4}},{"type":"Feature","id":147,"geometry":{"type":"Polygon","coordinates":[[[105.25028187079317,-5.5607937533271254],[105.25017683589913,-5.5608247392079635],[105.25024934492757,-5.5609047831088123],[105.25028187079317,-5.5607937533271254]]]},"properties":{"FID":147,"Id":148,"gridcode":4}},{"type":"Feature","id":148,"geometry":{"type":"Polygon","coordinates":[[[105.25028187079317,-5.5607937533271254],[105.25047701455756,-5.5607651770050524],[105.25031097634465,-5.5605930364826612],[105.25028187079317,-5.5607937533271254]]]},"properties":{"FID":148,"Id":149,"gridcode":4}},{"type":"Feature","id":149,"geometry":{"type":"Polygon","coordinates":[[[105.25290028120482,-5.5608831007487005],[105.25286935481358,-5.5607778623832624],[105.25278946613,-5.5608505123181056],[105.25290028120482,-5.5608831007487005]]]},"properties":{"FID":149,"Id":150,"gridcode":2}},{"type":"Feature","id":150,"geometry":{"type":"Polygon","coordinates":[[[105.25082364123367,-5.5608839870558135],[105.25078485730199,-5.56058593015337],[105.25070217580814,-5.5608199509732668],[105.25082364123367,-5.5608839870558135]]]},"properties":{"FID":150,"Id":151,"gridcode":4}},{"type":"Feature","id":151,"geometry":{"type":"Polygon","coordinates":[[[105.24396177260343,-5.5610677913155424],[105.24396173534835,-5.5609773275353493],[105.24387144658512,-5.5609773648554279],[105.24387148382641,-5.5610678286362312],[105.24396177260343,-5.5610677913155424]]]},"properties":{"FID":151,"Id":152,"gridcode":3}},{"type":"Feature","id":152,"geometry":{"type":"Polygon","coordinates":[[[105.25290043568626,-5.561244955622568],[105.25290039706495,-5.5611544919045164],[105.25281010833618,-5.5611545305934609],[105.2528101469437,-5.5612449943121458],[105.25290043568626,-5.561244955622568]]]},"properties":{"FID":152,"Id":153,"gridcode":3}},{"type":"Feature","id":153,"geometry":{"type":"Polygon","coordinates":[[[105.24396184711543,-5.5612487188750963],[105.2439127411882,-5.5611338763257265],[105.24375419599089,-5.5612121370024621],[105.24396184711543,-5.5612487188750963]]]},"properties":{"FID":153,"Id":154,"gridcode":5}},{"type":"Feature","id":154,"geometry":{"type":"Polygon","coordinates":[[[105.25290047430822,-5.5613354193403417],[105.25290043568626,-5.561244955622568],[105.2528101469437,-5.5612449943121458],[105.25281018555188,-5.5613354580305527],[105.25290047430822,-5.5613354193403417]]]},"properties":{"FID":154,"Id":155,"gridcode":4}},{"type":"Feature","id":155,"geometry":{"type":"Polygon","coordinates":[[[105.25290039706495,-5.5611544919045164],[105.25290043568626,-5.561244955622568],[105.25290047430822,-5.5613354193403417],[105.25302640740384,-5.5612449016194159],[105.25290039706495,-5.5611544919045164]]]},"properties":{"FID":155,"Id":156,"gridcode":2}},{"type":"Feature","id":156,"geometry":{"type":"Polygon","coordinates":[[[105.24965019306038,-5.5616081947040739],[105.24961926719523,-5.561502956146481],[105.24953937799943,-5.5615756056619645],[105.24965019306038,-5.5616081947040739]]]},"properties":{"FID":156,"Id":157,"gridcode":4}},{"type":"Feature","id":157,"geometry":{"type":"Polygon","coordinates":[[[105.24965019306038,-5.5616081947040739],[105.24968111893729,-5.5617134332591771],[105.24976100813267,-5.5616407837247861],[105.24965019306038,-5.5616081947040739]]]},"properties":{"FID":157,"Id":158,"gridcode":4}},{"type":"Feature","id":158,"geometry":{"type":"Polygon","coordinates":[[[105.25001134833616,-5.5616080417869389],[105.2499622412255,-5.5614931997958612],[105.2498036968053,-5.5615714620658663],[105.25001134833616,-5.5616080417869389]]]},"properties":{"FID":158,"Id":159,"gridcode":4}},{"type":"Feature","id":159,"geometry":{"type":"Polygon","coordinates":[[[105.25091431312438,-5.5617885859878093],[105.25102993376817,-5.5617433049346694],[105.2509142748026,-5.5616981222575435],[105.25091431312438,-5.5617885859878093]]]},"properties":{"FID":159,"Id":160,"gridcode":4}},{"type":"Feature","id":160,"geometry":{"type":"Polygon","coordinates":[[[105.24432322620935,-5.5617913521066473],[105.24436246260039,-5.5615593527740419],[105.2444658850863,-5.5614793008480623],[105.2444359668517,-5.5612770304829748],[105.24423719542429,-5.5613065451975308],[105.24409737902526,-5.5614881907037743],[105.24396332535474,-5.5613143290426406],[105.24402144861237,-5.5617072891252946],[105.24432322620935,-5.5617913521066473]]]},"properties":{"FID":160,"Id":161,"gridcode":5}},{"type":"Feature","id":161,"geometry":{"type":"Polygon","coordinates":[[[105.24486492210767,-5.56170066375961],[105.24492489212467,-5.5617310290473725],[105.24501631806069,-5.5619119186611483],[105.2450150568114,-5.5615353306578559],[105.24486488471038,-5.5616101999874772],[105.24486492210767,-5.56170066375961]]]},"properties":{"FID":161,"Id":162,"gridcode":5}},{"type":"Feature","id":162,"geometry":{"type":"Polygon","coordinates":[[[105.2509142748026,-5.5616981222575435],[105.25082398597714,-5.5616981606463352],[105.25082406259374,-5.5618790881078484],[105.2509143514468,-5.561879049717799],[105.25091431312438,-5.5617885859878093],[105.2509142748026,-5.5616981222575435]]]},"properties":{"FID":162,"Id":163,"gridcode":3}},{"type":"Feature","id":163,"geometry":{"type":"Polygon","coordinates":[[[105.24405247137798,-5.562062855538155],[105.24402154646712,-5.5619576166456595],[105.24394165649237,-5.562030265435296],[105.24405247137798,-5.562062855538155]]]},"properties":{"FID":163,"Id":164,"gridcode":4}},{"type":"Feature","id":164,"geometry":{"type":"Polygon","coordinates":[[[105.2463999832912,-5.5620618798165946],[105.24636905796869,-5.5619566410655432],[105.24628916829597,-5.5620292901603463],[105.2463999832912,-5.5620618798165946]]]},"properties":{"FID":164,"Id":165,"gridcode":4}},{"type":"Feature","id":165,"geometry":{"type":"Polygon","coordinates":[[[105.24928926622161,-5.5621511298469057],[105.24925834038707,-5.5620458912707198],[105.24917845107458,-5.562118540741273],[105.24928926622161,-5.5621511298469057]]]},"properties":{"FID":165,"Id":166,"gridcode":4}},{"type":"Feature","id":166,"geometry":{"type":"Polygon","coordinates":[[[105.25019215524476,-5.5621507476547007],[105.25016122925194,-5.5620455091330481],[105.25008134005571,-5.5621181587208843],[105.25019215524476,-5.5621507476547007]]]},"properties":{"FID":166,"Id":167,"gridcode":4}},{"type":"Feature","id":167,"geometry":{"type":"Polygon","coordinates":[[[105.25262991670498,-5.562059245116945],[105.25258468260074,-5.5618489941885283],[105.25253962783641,-5.5620592837707701],[105.25262991670498,-5.562059245116945]]]},"properties":{"FID":167,"Id":168,"gridcode":3}},{"type":"Feature","id":168,"geometry":{"type":"Polygon","coordinates":[[[105.25037277128402,-5.5622411347831031],[105.25037273304183,-5.562150671050456],[105.25028244414361,-5.5621507093594866],[105.25028248237201,-5.5622411730927617],[105.25037277128402,-5.5622411347831031]]]},"properties":{"FID":168,"Id":169,"gridcode":4}},{"type":"Feature","id":169,"geometry":{"type":"Polygon","coordinates":[[[105.25037273304183,-5.562150671050456],[105.25049325053998,-5.5619074902551224],[105.25031267371827,-5.5619096954513694],[105.25028244414361,-5.5621507093594866],[105.25037273304183,-5.562150671050456]]]},"properties":{"FID":169,"Id":170,"gridcode":3}},{"type":"Feature","id":170,"geometry":{"type":"Polygon","coordinates":[[[105.24567778455315,-5.5623335723282583],[105.24567774702744,-5.5622431085635915],[105.24558745808291,-5.5622431461547501],[105.24558749559483,-5.5623336099200316],[105.24567778455315,-5.5623335723282583]]]},"properties":{"FID":170,"Id":171,"gridcode":3}},{"type":"Feature","id":171,"geometry":{"type":"Polygon","coordinates":[[[105.25172714333787,-5.5623310222030966],[105.25169621706506,-5.5622257837752862],[105.25161632804314,-5.5622984335631331],[105.25172714333787,-5.5623310222030966]]]},"properties":{"FID":171,"Id":172,"gridcode":4}},{"type":"Feature","id":172,"geometry":{"type":"Polygon","coordinates":[[[105.25262991670498,-5.562059245116945],[105.25262999387827,-5.5622401725510286],[105.25272028277378,-5.5622401338821206],[105.2527202055729,-5.5620592064493035],[105.25262991670498,-5.562059245116945]]]},"properties":{"FID":172,"Id":173,"gridcode":2}},{"type":"Feature","id":173,"geometry":{"type":"Polygon","coordinates":[[[105.24531666618729,-5.5624241863792951],[105.24540695516127,-5.5624241488283603],[105.24540691767632,-5.5623336850621259],[105.24531662871613,-5.562333722612447],[105.24531666618729,-5.5624241863792951]]]},"properties":{"FID":173,"Id":174,"gridcode":3}},{"type":"Feature","id":174,"geometry":{"type":"Polygon","coordinates":[[[105.25028248237201,-5.5622411730927617],[105.24998065890313,-5.5622865329320739],[105.25028252060106,-5.5623316368257587],[105.25028248237201,-5.5622411730927617]]]},"properties":{"FID":174,"Id":175,"gridcode":3}},{"type":"Feature","id":175,"geometry":{"type":"Polygon","coordinates":[[[105.25118544819816,-5.5624217168275623],[105.25118540983057,-5.56233125310112],[105.2510697890873,-5.5623765341884779],[105.25118544819816,-5.5624217168275623]]]},"properties":{"FID":175,"Id":176,"gridcode":3}},{"type":"Feature","id":176,"geometry":{"type":"Polygon","coordinates":[[[105.24450406539366,-5.5624245237159133],[105.24446064280137,-5.5622226794950107],[105.24429147134157,-5.5623078818631786],[105.24450406539366,-5.5624245237159133]]]},"properties":{"FID":176,"Id":177,"gridcode":4}},{"type":"Feature","id":177,"geometry":{"type":"Polygon","coordinates":[[[105.24974086332753,-5.5625127938699794],[105.24974082517997,-5.5624223301337787],[105.24965053623596,-5.562422368347967],[105.24965057436974,-5.5625128320847921],[105.24974086332753,-5.5625127938699794]]]},"properties":{"FID":177,"Id":178,"gridcode":3}},{"type":"Feature","id":178,"geometry":{"type":"Polygon","coordinates":[[[105.25028255883075,-5.5624221005584804],[105.25046313670929,-5.5624220239228386],[105.25046309845203,-5.5623315601913719],[105.25037280952687,-5.5623315985154749],[105.25028252060106,-5.5623316368257587],[105.25028255883075,-5.5624221005584804]]]},"properties":{"FID":178,"Id":179,"gridcode":3}},{"type":"Feature","id":179,"geometry":{"type":"Polygon","coordinates":[[[105.25073400352235,-5.5624219088657432],[105.25062896837068,-5.5624528948373086],[105.25070147766691,-5.5625329386664557],[105.25073400352235,-5.5624219088657432]]]},"properties":{"FID":179,"Id":180,"gridcode":5}},{"type":"Feature","id":180,"geometry":{"type":"Polygon","coordinates":[[[105.25064363801626,-5.5622410197712249],[105.25073400352235,-5.5624219088657432],[105.25082429245879,-5.5624218704857427],[105.25082425414637,-5.5623314067567859],[105.25091454306836,-5.562331368363596],[105.25091450474278,-5.562240904634991],[105.25064363801626,-5.5622410197712249]]]},"properties":{"FID":180,"Id":181,"gridcode":3}},{"type":"Feature","id":181,"geometry":{"type":"Polygon","coordinates":[[[105.25262999387827,-5.5622401725510286],[105.25263007105411,-5.5624210999840047],[105.2527203599772,-5.562421061313831],[105.25272028277378,-5.5622401338821206],[105.25262999387827,-5.5622401725510286]]]},"properties":{"FID":181,"Id":182,"gridcode":3}},{"type":"Feature","id":182,"geometry":{"type":"Polygon","coordinates":[[[105.24621963111923,-5.5626047377687016],[105.24621959350891,-5.5625142740085618],[105.24612930452673,-5.5625143116844731],[105.24612934212327,-5.5626047754452301],[105.24621963111923,-5.5626047377687016]]]},"properties":{"FID":182,"Id":183,"gridcode":4}},{"type":"Feature","id":183,"geometry":{"type":"MultiPolygon","coordinates":[[[[105.24396184711543,-5.5612487188750963],[105.24375419599089,-5.5612121370024621],[105.2439127411882,-5.5611338763257265],[105.24396184711543,-5.5612487188750963]]],[[[105.24432322620935,-5.5617913521066473],[105.24402144861237,-5.5617072891252946],[105.24396332535474,-5.5613143290426406],[105.24409737902526,-5.5614881907037743],[105.24423719542429,-5.5613065451975308],[105.2444359668517,-5.5612770304829748],[105.2444658850863,-5.5614793008480623],[105.24436246260039,-5.5615593527740419],[105.24432322620935,-5.5617913521066473]]],[[[105.24540676774264,-5.5619718299944187],[105.24510473508096,-5.5619326344637399],[105.2453455402283,-5.5618554784662395],[105.24540676774264,-5.5619718299944187]]],[[[105.24558738306089,-5.5620622186233559],[105.24547001483074,-5.5620119532823828],[105.24555113315483,-5.5618566517522687],[105.24558738306089,-5.5620622186233559]],[[105.24603901554391,-5.562514349346567],[105.24600453204181,-5.5623679254869112],[105.24588810382741,-5.5622019293298584],[105.24592016948255,-5.5620986310281451],[105.24571208031924,-5.562027677388155],[105.24564315107783,-5.5618252933791172],[105.2451638446975,-5.5617555820935687],[105.2452248760286,-5.5615589726474139],[105.24576142150174,-5.5614848741492295],[105.24570589112611,-5.5616637631337262],[105.24598998295343,-5.5617606319916488],[105.24608576139569,-5.5617306977541476],[105.24644822118232,-5.5618931995122782],[105.24652677838726,-5.5621238512345483],[105.24663590151673,-5.5620897462058982],[105.24667103841054,-5.562514085421733],[105.24689332321515,-5.5623220437167102],[105.24667661066174,-5.5617561584825657],[105.24635131329994,-5.5616581772654383],[105.24620723842179,-5.5614907663309321],[105.2459064688138,-5.561380243241171],[105.24490654200314,-5.5612969235625771],[105.24479306218106,-5.5611650624886613],[105.24410058063377,-5.5611096016874546],[105.24396177260343,-5.5610677913155424],[105.24387148382641,-5.5610678286362312],[105.24387144658512,-5.5609773648554279],[105.24346180673619,-5.5610194017799683],[105.24337831781563,-5.5612254137120658],[105.24355895951503,-5.5613812168801839],[105.24364261029666,-5.5615688381836499],[105.24378789755551,-5.561829491442321],[105.2441009161505,-5.5619237756871165],[105.24418452988843,-5.5620209331239199],[105.24458145464263,-5.5621045042583956],[105.24454502892642,-5.5616526360274454],[105.24464250290006,-5.5615684244603916],[105.24479788536082,-5.5613875709125988],[105.24486488471038,-5.5616101999874772],[105.2450150568114,-5.5615353306578559],[105.24501631806069,-5.5619119186611483],[105.24492489212467,-5.5617310290473725],[105.24486492210767,-5.56170066375961],[105.24475735743943,-5.5617552402989947],[105.24495398653849,-5.5621511663793166],[105.24519598343679,-5.5622736991598982],[105.2452566960802,-5.5623938211360473],[105.24531666618729,-5.5624241863792951],[105.24531662871613,-5.562333722612447],[105.24540691767632,-5.5623336850621259],[105.24558745808291,-5.5622431461547501],[105.24567774702744,-5.5622431085635915],[105.24567778455315,-5.5623335723282583],[105.24603901554391,-5.562514349346567]]]]},"properties":{"FID":183,"Id":184,"gridcode":4}},{"type":"Feature","id":184,"geometry":{"type":"Polygon","coordinates":[[[105.24965053623596,-5.562422368347967],[105.24974082517997,-5.5624223301337787],[105.24974086332753,-5.5625127938699794],[105.24983115228468,-5.5625127556413485],[105.24983111412334,-5.562422291905774],[105.24978844705895,-5.5622109923007503],[105.24957773722967,-5.5622757856609768],[105.24965053623596,-5.562422368347967]]]},"properties":{"FID":184,"Id":185,"gridcode":4}},{"type":"Feature","id":185,"geometry":{"type":"Polygon","coordinates":[[[105.25010205735576,-5.5626031046059676],[105.25010201915239,-5.5625126408725478],[105.25001173019713,-5.5625126791426318],[105.25001176838668,-5.5626031428766787],[105.25010205735576,-5.5626031046059676]]]},"properties":{"FID":185,"Id":186,"gridcode":3}},{"type":"Feature","id":186,"geometry":{"type":"Polygon","coordinates":[[[105.25154668077479,-5.5626024903953164],[105.25154664235077,-5.5625120266719454],[105.25145635340563,-5.5625120651631184],[105.25145639181586,-5.562602528887119],[105.25154668077479,-5.5626024903953164]]]},"properties":{"FID":186,"Id":187,"gridcode":3}},{"type":"Feature","id":187,"geometry":{"type":"Polygon","coordinates":[[[105.2525398592812,-5.5626020660734925],[105.25263014823251,-5.5626020274158723],[105.25263010964299,-5.5625115637000766],[105.25253982070548,-5.5625116023570644],[105.2525398592812,-5.5626020660734925]]]},"properties":{"FID":187,"Id":188,"gridcode":3}},{"type":"Feature","id":188,"geometry":{"type":"Polygon","coordinates":[[[105.24630995773934,-5.5626951638376028],[105.2463099201146,-5.5626047000783556],[105.24621963111923,-5.5626047377687016],[105.24621966873019,-5.562695201528566],[105.24630995773934,-5.5626951638376028]]]},"properties":{"FID":188,"Id":189,"gridcode":4}},{"type":"Feature","id":189,"geometry":{"type":"Polygon","coordinates":[[[105.25028255883075,-5.5624221005584804],[105.25019226989052,-5.5624221388555739],[105.25019234632418,-5.5626030663214383],[105.250282635292,-5.5626030280230907],[105.25028255883075,-5.5624221005584804]]]},"properties":{"FID":189,"Id":190,"gridcode":4}},{"type":"Feature","id":190,"geometry":{"type":"Polygon","coordinates":[[[105.25253989785756,-5.5626925297896435],[105.2525398592812,-5.5626020660734925],[105.25244957032925,-5.5626021047172944],[105.25244960889182,-5.5626925684340778],[105.25253989785756,-5.5626925297896435]]]},"properties":{"FID":190,"Id":191,"gridcode":3}},{"type":"Feature","id":191,"geometry":{"type":"Polygon","coordinates":[[[105.25001184476773,-5.5627840703439393],[105.25011688001457,-5.5627530844784969],[105.25004437076585,-5.5626730405757456],[105.25001184476773,-5.5627840703439393]]]},"properties":{"FID":191,"Id":192,"gridcode":5}},{"type":"Feature","id":192,"geometry":{"type":"Polygon","coordinates":[[[105.25019234632418,-5.5626030663214383],[105.25019238454198,-5.5626935300539548],[105.25046325148486,-5.5626934151155769],[105.2504632132257,-5.5626029513849407],[105.250282635292,-5.5626030280230907],[105.25019234632418,-5.5626030663214383]]]},"properties":{"FID":192,"Id":193,"gridcode":3}},{"type":"Feature","id":193,"geometry":{"type":"Polygon","coordinates":[[[105.25064382944362,-5.5626933384209005],[105.25082440739985,-5.5626932616709501],[105.25082436908552,-5.5626027979428239],[105.25064379115689,-5.5626028746915193],[105.25064382944362,-5.5626933384209005]]]},"properties":{"FID":193,"Id":194,"gridcode":3}},{"type":"Feature","id":194,"geometry":{"type":"Polygon","coordinates":[[[105.25145643022672,-5.5626929926108417],[105.25148735648563,-5.562798231050385],[105.25156724558882,-5.5627255812774621],[105.25145643022672,-5.5626929926108417]]]},"properties":{"FID":194,"Id":195,"gridcode":5}},{"type":"Feature","id":195,"geometry":{"type":"Polygon","coordinates":[[[105.25244964745502,-5.5627830321505849],[105.25253993643456,-5.5627829935055182],[105.25253989785756,-5.5626925297896435],[105.25244960889182,-5.5626925684340778],[105.25244964745502,-5.5627830321505849]]]},"properties":{"FID":195,"Id":196,"gridcode":2}},{"type":"Feature","id":196,"geometry":{"type":"Polygon","coordinates":[[[105.25253989785756,-5.5626925297896435],[105.25272047578711,-5.56269245245932],[105.2527203599772,-5.562421061313831],[105.25263007105411,-5.5624210999840047],[105.25263010964299,-5.5625115637000766],[105.25263014823251,-5.5626020274158723],[105.2525398592812,-5.5626020660734925],[105.25253989785756,-5.5626925297896435]]]},"properties":{"FID":196,"Id":197,"gridcode":2}},{"type":"Feature","id":197,"geometry":{"type":"Polygon","coordinates":[[[105.24640024674787,-5.5626951261328212],[105.24640028438702,-5.5627855898911749],[105.24658086242979,-5.5627855144389216],[105.24658082476306,-5.5626950506818025],[105.24640024674787,-5.5626951261328212]]]},"properties":{"FID":197,"Id":198,"gridcode":4}},{"type":"Feature","id":198,"geometry":{"type":"Polygon","coordinates":[[[105.2463999832912,-5.5620618798165946],[105.24628916829597,-5.5620292901603463],[105.24636905796869,-5.5619566410655432],[105.2463999832912,-5.5620618798165946]],[[105.24640024674787,-5.5626951261328212],[105.24658082476306,-5.5626950506818025],[105.24658086242979,-5.5627855144389216],[105.24667115145026,-5.5627854766920679],[105.24667107608983,-5.5626045491787881],[105.24667103841054,-5.562514085421733],[105.24663590151673,-5.5620897462058982],[105.24652677838726,-5.5621238512345483],[105.24644822118232,-5.5618931995122782],[105.24608576139569,-5.5617306977541476],[105.24598998295343,-5.5617606319916488],[105.24570589112611,-5.5616637631337262],[105.24576142150174,-5.5614848741492295],[105.2452248760286,-5.5615589726474139],[105.2451638446975,-5.5617555820935687],[105.24564315107783,-5.5618252933791172],[105.24571208031924,-5.562027677388155],[105.24592016948255,-5.5620986310281451],[105.24588810382741,-5.5622019293298584],[105.24600453204181,-5.5623679254869112],[105.24603901554391,-5.562514349346567],[105.24612930452673,-5.5625143116844731],[105.24621959350891,-5.5625142740085618],[105.24621963111923,-5.5626047377687016],[105.2463099201146,-5.5626047000783556],[105.24630995773934,-5.5626951638376028],[105.24640024674787,-5.5626951261328212]]]},"properties":{"FID":198,"Id":199,"gridcode":5}},{"type":"Feature","id":199,"geometry":{"type":"Polygon","coordinates":[[[105.24983111412334,-5.562422291905774],[105.24983115228468,-5.5625127556413485],[105.24983126677253,-5.5627841468464103],[105.24992155577044,-5.5627841086020835],[105.24992144124123,-5.5625127173988993],[105.24992140306608,-5.5624222536639509],[105.24983111412334,-5.562422291905774]]]},"properties":{"FID":199,"Id":200,"gridcode":3}},{"type":"Feature","id":200,"geometry":{"type":"Polygon","coordinates":[[[105.25226910803032,-5.5628735731167547],[105.25226906949406,-5.5627831093992617],[105.25217878051262,-5.5627831480028735],[105.25217881903508,-5.5628736117209971],[105.25226910803032,-5.5628735731167547]]]},"properties":{"FID":200,"Id":201,"gridcode":3}},{"type":"Feature","id":201,"geometry":{"type":"Polygon","coordinates":[[[105.25226906949406,-5.5627831093992617],[105.25244964745502,-5.5627830321505849],[105.25244960889182,-5.5626925684340778],[105.25226903095843,-5.5626926456814925],[105.25226906949406,-5.5627831093992617]]]},"properties":{"FID":201,"Id":202,"gridcode":3}},{"type":"Feature","id":202,"geometry":{"type":"Polygon","coordinates":[[[105.2499216321264,-5.562965036069488],[105.24992159394812,-5.5628745723359243],[105.24983130493641,-5.5628746105808764],[105.24983134310091,-5.5629650743150663],[105.2499216321264,-5.562965036069488]]]},"properties":{"FID":202,"Id":203,"gridcode":3}},{"type":"Feature","id":203,"geometry":{"type":"Polygon","coordinates":[[[105.25082436908552,-5.5626027979428239],[105.2509146580489,-5.5626027595477492],[105.25091477303515,-5.5628741507294093],[105.25109535104275,-5.5628740738940339],[105.25126702159859,-5.5626135494223554],[105.25091458139457,-5.5624218320919239],[105.25082429245879,-5.5624218704857427],[105.25082436908552,-5.5626027979428239]]]},"properties":{"FID":203,"Id":204,"gridcode":3}},{"type":"Feature","id":204,"geometry":{"type":"Polygon","coordinates":[[[105.25109538940035,-5.5629645376194432],[105.25121101025422,-5.5629192565228696],[105.25109535104275,-5.5628740738940339],[105.25109538940035,-5.5629645376194432]]]},"properties":{"FID":204,"Id":205,"gridcode":5}},{"type":"Feature","id":205,"geometry":{"type":"Polygon","coordinates":[[[105.25181770151573,-5.5629642297201496],[105.25192273668517,-5.5629332435361789],[105.25185022717918,-5.5628531998678996],[105.25181770151573,-5.5629642297201496]]]},"properties":{"FID":205,"Id":206,"gridcode":5}},{"type":"Feature","id":206,"geometry":{"type":"Polygon","coordinates":[[[105.25217885755819,-5.5629640754388454],[105.25217881903508,-5.5628736117209971],[105.25208853003923,-5.5628736503114204],[105.25208856854853,-5.5629641140298993],[105.25217885755819,-5.5629640754388454]]]},"properties":{"FID":206,"Id":207,"gridcode":3}},{"type":"Feature","id":207,"geometry":{"type":"Polygon","coordinates":[[[105.25217885755819,-5.5629640754388454],[105.25226914656722,-5.5629640368339706],[105.25226910803032,-5.5628735731167547],[105.25217881903508,-5.5628736117209971],[105.25217885755819,-5.5629640754388454]]]},"properties":{"FID":207,"Id":208,"gridcode":2}},{"type":"Feature","id":208,"geometry":{"type":"Polygon","coordinates":[[[105.25226910803032,-5.5628735731167547],[105.25244968601886,-5.5628734958668131],[105.25244964745502,-5.5627830321505849],[105.25226906949406,-5.5627831093992617],[105.25226910803032,-5.5628735731167547]]]},"properties":{"FID":208,"Id":209,"gridcode":2}},{"type":"Feature","id":209,"geometry":{"type":"Polygon","coordinates":[[[105.24947018699264,-5.562965227159185],[105.24942996738802,-5.5625740631958367],[105.24934626253027,-5.56289168937026],[105.24947018699264,-5.562965227159185]]]},"properties":{"FID":209,"Id":210,"gridcode":3}},{"type":"Feature","id":210,"geometry":{"type":"Polygon","coordinates":[[[105.24965076504803,-5.5629651507647635],[105.24961054532471,-5.5625739868190802],[105.24952684056495,-5.5628916130147807],[105.24965076504803,-5.5629651507647635]]]},"properties":{"FID":210,"Id":211,"gridcode":3}},{"type":"Feature","id":211,"geometry":{"type":"Polygon","coordinates":[[[105.24992167030533,-5.5630554998027746],[105.2499216321264,-5.562965036069488],[105.24983134310091,-5.5629650743150663],[105.24983138126605,-5.5630555380489781],[105.24992167030533,-5.5630554998027746]]]},"properties":{"FID":211,"Id":212,"gridcode":4}},{"type":"Feature","id":212,"geometry":{"type":"Polygon","coordinates":[[[105.25208860705848,-5.5630545777481011],[105.25208856854853,-5.5629641140298993],[105.25199827953824,-5.5629641526071358],[105.2519983180344,-5.5630546163259682],[105.25208860705848,-5.5630545777481011]]]},"properties":{"FID":212,"Id":213,"gridcode":3}},{"type":"Feature","id":213,"geometry":{"type":"Polygon","coordinates":[[[105.25208860705848,-5.5630545777481011],[105.25217889608193,-5.5630545391564148],[105.25217885755819,-5.5629640754388454],[105.25208856854853,-5.5629641140298993],[105.25208860705848,-5.5630545777481011]]]},"properties":{"FID":213,"Id":214,"gridcode":2}},{"type":"Feature","id":214,"geometry":{"type":"Polygon","coordinates":[[[105.2497411303781,-5.5631460400156234],[105.24974109222613,-5.5630555762813616],[105.24962547122078,-5.5631008570958791],[105.2497411303781,-5.5631460400156234]]]},"properties":{"FID":214,"Id":215,"gridcode":3}},{"type":"Feature","id":215,"geometry":{"type":"Polygon","coordinates":[[[105.24983141943181,-5.5631460017826138],[105.24983138126605,-5.5630555380489781],[105.24974109222613,-5.5630555762813616],[105.2497411303781,-5.5631460400156234],[105.24983141943181,-5.5631460017826138]]]},"properties":{"FID":215,"Id":216,"gridcode":4}},{"type":"Feature","id":216,"geometry":{"type":"Polygon","coordinates":[[[105.24983141943181,-5.5631460017826138],[105.24992170848489,-5.5631459635357849],[105.24992167030533,-5.5630554998027746],[105.24983138126605,-5.5630555380489781],[105.24983141943181,-5.5631460017826138]]]},"properties":{"FID":216,"Id":217,"gridcode":5}},{"type":"Feature","id":217,"geometry":{"type":"Polygon","coordinates":[[[105.25037311549229,-5.5630553083644685],[105.25044031389761,-5.5629197153087873],[105.25036594608575,-5.5627673074529564],[105.25016216078622,-5.5629484959886355],[105.25037311549229,-5.5630553083644685]]]},"properties":{"FID":217,"Id":218,"gridcode":5}},{"type":"Feature","id":218,"geometry":{"type":"Polygon","coordinates":[[[105.25091488802708,-5.5631455419085771],[105.25088396184765,-5.5630403034364786],[105.25080407261574,-5.5631129531217987],[105.25091488802708,-5.5631455419085771]]]},"properties":{"FID":218,"Id":219,"gridcode":5}},{"type":"Feature","id":219,"geometry":{"type":"Polygon","coordinates":[[[105.25181770151573,-5.5629642297201496],[105.25161253212197,-5.5630005519674235],[105.25176753452271,-5.5630818257213068],[105.25181770151573,-5.5629642297201496]]]},"properties":{"FID":219,"Id":220,"gridcode":5}},{"type":"Feature","id":220,"geometry":{"type":"Polygon","coordinates":[[[105.2515469881898,-5.5633262001723072],[105.25163727725844,-5.5633261616616467],[105.25163723881555,-5.5632356979411224],[105.25154694976071,-5.5632357364511531],[105.2515469881898,-5.5633262001723072]]]},"properties":{"FID":220,"Id":221,"gridcode":3}},{"type":"Feature","id":221,"geometry":{"type":"Polygon","coordinates":[[[105.25181781692336,-5.5632356208796034],[105.25199839502861,-5.5632355437628034],[105.2519983180344,-5.5630546163259682],[105.25187842877594,-5.5631154478523319],[105.25181781692336,-5.5632356208796034]]]},"properties":{"FID":221,"Id":222,"gridcode":3}},{"type":"Feature","id":222,"geometry":{"type":"Polygon","coordinates":[[[105.24667115145026,-5.5627854766920679],[105.2467624892343,-5.5631414649992461],[105.24703253395313,-5.5633281080848169],[105.24699157618205,-5.5629934960889287],[105.24672204935753,-5.5626439361439264],[105.24667107608983,-5.5626045491787881],[105.24667115145026,-5.5627854766920679]]]},"properties":{"FID":222,"Id":223,"gridcode":4}},{"type":"Feature","id":223,"geometry":{"type":"Polygon","coordinates":[[[105.24992182302735,-5.5634173547331525],[105.2499217848459,-5.5633268910009734],[105.24983149576524,-5.5633269292490537],[105.24983153393289,-5.563417392981858],[105.24992182302735,-5.5634173547331525]]]},"properties":{"FID":223,"Id":224,"gridcode":3}},{"type":"Feature","id":224,"geometry":{"type":"Polygon","coordinates":[[[105.25118583190888,-5.5633263540767492],[105.25112460313395,-5.5632100032106582],[105.2508837983015,-5.5632871615545536],[105.25118583190888,-5.5633263540767492]]]},"properties":{"FID":224,"Id":225,"gridcode":5}},{"type":"Feature","id":225,"geometry":{"type":"Polygon","coordinates":[[[105.24992186120943,-5.5635078184650526],[105.24992182302735,-5.5634173547331525],[105.24983153393289,-5.563417392981858],[105.24983157210117,-5.5635078567143843],[105.24992186120943,-5.5635078184650526]]]},"properties":{"FID":225,"Id":226,"gridcode":4}},{"type":"Feature","id":226,"geometry":{"type":"Polygon","coordinates":[[[105.25082475225722,-5.5635074352116103],[105.2507938260718,-5.5634021967362033],[105.25071393678147,-5.5634748464111281],[105.25082475225722,-5.5635074352116103]]]},"properties":{"FID":226,"Id":227,"gridcode":5}},{"type":"Feature","id":227,"geometry":{"type":"Polygon","coordinates":[[[105.25100533045919,-5.5635073583950767],[105.2509744042421,-5.5634021199305854],[105.25089451497503,-5.5634747696289679],[105.25100533045919,-5.5635073583950767]]]},"properties":{"FID":227,"Id":228,"gridcode":5}},{"type":"Feature","id":228,"geometry":{"type":"Polygon","coordinates":[[[105.25154706504991,-5.5635071276137831],[105.25154702661952,-5.5634166638931841],[105.25145673753646,-5.5634167023906542],[105.25145677595303,-5.5635071661118829],[105.25154706504991,-5.5635071276137831]]]},"properties":{"FID":228,"Id":229,"gridcode":3}},{"type":"Feature","id":229,"geometry":{"type":"Polygon","coordinates":[[[105.24703253395313,-5.5633281080848169],[105.24716107983706,-5.5635369396936598],[105.24724749457951,-5.5632315190724606],[105.24703253395313,-5.5633281080848169]]]},"properties":{"FID":229,"Id":230,"gridcode":4}},{"type":"Feature","id":230,"geometry":{"type":"Polygon","coordinates":[[[105.25136652525894,-5.5635976683177448],[105.25145681437023,-5.5635976298328362],[105.25145677595303,-5.5635071661118829],[105.25136648685553,-5.5635072045961627],[105.25136652525894,-5.5635976683177448]]]},"properties":{"FID":230,"Id":231,"gridcode":3}},{"type":"Feature","id":231,"geometry":{"type":"Polygon","coordinates":[[[105.2515469881898,-5.5633262001723072],[105.25154702661952,-5.5634166638931841],[105.25154706504991,-5.5635071276137831],[105.25178754945441,-5.5633861711104275],[105.25181781692336,-5.5632356208796034],[105.25163723881555,-5.5632356979411224],[105.25163727725844,-5.5633261616616467],[105.2515469881898,-5.5633262001723072]]]},"properties":{"FID":231,"Id":232,"gridcode":2}},{"type":"Feature","id":232,"geometry":{"type":"Polygon","coordinates":[[[105.24983153393289,-5.563417392981858],[105.2496261584193,-5.5634603789441366],[105.2498579485775,-5.5636295192832099],[105.24992186120943,-5.5635078184650526],[105.24983157210117,-5.5635078567143843],[105.24983153393289,-5.563417392981858]]]},"properties":{"FID":232,"Id":233,"gridcode":5}},{"type":"Feature","id":233,"geometry":{"type":"Polygon","coordinates":[[[105.2510054071563,-5.5636882858429955],[105.25097448092831,-5.5635830473795789],[105.25089459163783,-5.5636556970786293],[105.2510054071563,-5.5636882858429955]]]},"properties":{"FID":233,"Id":234,"gridcode":5}},{"type":"Feature","id":234,"geometry":{"type":"Polygon","coordinates":[[[105.25136656366298,-5.5636881320390508],[105.25136652525894,-5.5635976683177448],[105.25127623614701,-5.5635977067888334],[105.25127627453728,-5.5636881705107681],[105.25136656366298,-5.5636881320390508]]]},"properties":{"FID":234,"Id":235,"gridcode":3}},{"type":"Feature","id":235,"geometry":{"type":"Polygon","coordinates":[[[105.24793557644175,-5.5636895842482224],[105.24793550068264,-5.5635086567578238],[105.24757434419062,-5.5635088084560271],[105.2475744198394,-5.5636897359513888],[105.24793557644175,-5.5636895842482224]]]},"properties":{"FID":235,"Id":236,"gridcode":4}},{"type":"Feature","id":236,"geometry":{"type":"Polygon","coordinates":[[[105.25109573464722,-5.5637787111356563],[105.25118602378801,-5.5637786726909511],[105.25118598541091,-5.5636882089686646],[105.25109569628393,-5.5636882474127409],[105.25109573464722,-5.5637787111356563]]]},"properties":{"FID":236,"Id":237,"gridcode":5}},{"type":"Feature","id":237,"geometry":{"type":"Polygon","coordinates":[[[105.25136656366298,-5.5636881320390508],[105.25154714191254,-5.5636880550541523],[105.25154706504991,-5.5635071276137831],[105.25145677595303,-5.5635071661118829],[105.25145681437023,-5.5635976298328362],[105.25136652525894,-5.5635976683177448],[105.25136656366298,-5.5636881320390508]]]},"properties":{"FID":237,"Id":238,"gridcode":2}},{"type":"Feature","id":238,"geometry":{"type":"Polygon","coordinates":[[[105.24811626846532,-5.5639608995435061],[105.24808534272765,-5.5638556609071621],[105.24800545302992,-5.5639283102317698],[105.24811626846532,-5.5639608995435061]]]},"properties":{"FID":238,"Id":239,"gridcode":4}},{"type":"Feature","id":239,"geometry":{"type":"Polygon","coordinates":[[[105.25010259226902,-5.5638695968447536],[105.25028317059146,-5.5638695202443351],[105.25019282809745,-5.5637433426900786],[105.25010259226902,-5.5638695968447536]]]},"properties":{"FID":239,"Id":240,"gridcode":4}},{"type":"Feature","id":240,"geometry":{"type":"Polygon","coordinates":[[[105.25028320883186,-5.5639599839723459],[105.25039882994596,-5.5639147030249312],[105.25028317059146,-5.5638695202443351],[105.25028320883186,-5.5639599839723459]]]},"properties":{"FID":240,"Id":241,"gridcode":3}},{"type":"Feature","id":241,"geometry":{"type":"Polygon","coordinates":[[[105.25010259226902,-5.5638695968447536],[105.25010263048183,-5.5639600605740176],[105.25028320883186,-5.5639599839723459],[105.25028317059146,-5.5638695202443351],[105.25010259226902,-5.5638695968447536]]]},"properties":{"FID":241,"Id":242,"gridcode":5}},{"type":"Feature","id":242,"geometry":{"type":"Polygon","coordinates":[[[105.25064444211742,-5.564140758053318],[105.25059924847686,-5.5640249134327737],[105.25055415291766,-5.5641407964176057],[105.25064444211742,-5.564140758053318]]]},"properties":{"FID":242,"Id":243,"gridcode":4}},{"type":"Feature","id":243,"geometry":{"type":"Polygon","coordinates":[[[105.25028328531458,-5.564140911427538],[105.25032847890429,-5.5642567560742249],[105.25037357451625,-5.5641408731047157],[105.25028328531458,-5.564140911427538]]]},"properties":{"FID":243,"Id":244,"gridcode":5}},{"type":"Feature","id":244,"geometry":{"type":"Polygon","coordinates":[[[105.25064448041492,-5.5642312217779883],[105.25064444211742,-5.564140758053318],[105.25055415291766,-5.5641407964176057],[105.25055419120136,-5.5642312601429049],[105.25064448041492,-5.5642312217779883]]]},"properties":{"FID":244,"Id":245,"gridcode":5}},{"type":"Feature","id":245,"geometry":{"type":"Polygon","coordinates":[[[105.25100563726281,-5.5642310681801037],[105.25100559891014,-5.5641406044579451],[105.25091530971292,-5.5641406428775211],[105.25091534805179,-5.5642311066003085],[105.25100563726281,-5.5642310681801037]]]},"properties":{"FID":245,"Id":246,"gridcode":2}},{"type":"Feature","id":246,"geometry":{"type":"Polygon","coordinates":[[[105.24829696065756,-5.5642322147735568],[105.24825429397642,-5.5640209150518034],[105.24813514890127,-5.5640882399344394],[105.24820667142764,-5.5642322527790933],[105.24829696065756,-5.5642322147735568]]]},"properties":{"FID":246,"Id":247,"gridcode":4}},{"type":"Feature","id":247,"geometry":{"type":"Polygon","coordinates":[[[105.24874840679776,-5.5642320245385397],[105.24877933267436,-5.5643372631326322],[105.24885922232542,-5.5642646137059781],[105.24874840679776,-5.5642320245385397]]]},"properties":{"FID":247,"Id":248,"gridcode":5}},{"type":"Feature","id":248,"geometry":{"type":"Polygon","coordinates":[[[105.25073480793976,-5.564321647123017],[105.25073476962784,-5.5642311833992508],[105.25064448041492,-5.5642312217779883],[105.25064451871303,-5.5643216855023825],[105.25073480793976,-5.564321647123017]]]},"properties":{"FID":248,"Id":249,"gridcode":3}},{"type":"Feature","id":249,"geometry":{"type":"Polygon","coordinates":[[[105.25064448041492,-5.5642312217779883],[105.25073476962784,-5.5642311833992508],[105.25082505884014,-5.5642311450066906],[105.25082502051505,-5.5641406812832752],[105.25064444211742,-5.564140758053318],[105.25064448041492,-5.5642312217779883]]]},"properties":{"FID":249,"Id":250,"gridcode":4}},{"type":"Feature","id":250,"geometry":{"type":"Polygon","coordinates":[[[105.25082486722106,-5.5637788263868435],[105.25086180569485,-5.5639227893742156],[105.25100559891014,-5.5641406044579451],[105.25100563726281,-5.5642310681801037],[105.25116582537154,-5.5641201536339802],[105.25127627453728,-5.5636881705107681],[105.25118598541091,-5.5636882089686646],[105.25118602378801,-5.5637786726909511],[105.25109573464722,-5.5637787111356563],[105.25104135371951,-5.5638865298613682],[105.25082486722106,-5.5637788263868435]]]},"properties":{"FID":250,"Id":251,"gridcode":3}},{"type":"Feature","id":251,"geometry":{"type":"Polygon","coordinates":[[[105.25037368928645,-5.5644122642835425],[105.25034276312566,-5.5643070257862197],[105.25026287366012,-5.5643796754058199],[105.25037368928645,-5.5644122642835425]]]},"properties":{"FID":251,"Id":252,"gridcode":5}},{"type":"Feature","id":252,"geometry":{"type":"Polygon","coordinates":[[[105.25055426777064,-5.5644121875926693],[105.2506445570118,-5.5644121492264986],[105.25064451871303,-5.5643216855023825],[105.25055422948567,-5.5643217238679252],[105.25055426777064,-5.5644121875926693]]]},"properties":{"FID":252,"Id":253,"gridcode":3}},{"type":"Feature","id":253,"geometry":{"type":"Polygon","coordinates":[[[105.25073480793976,-5.564321647123017],[105.2509153863913,-5.5643215703228179],[105.25091534805179,-5.5642311066003085],[105.25082505884014,-5.5642311450066906],[105.25073476962784,-5.5642311833992508],[105.25073480793976,-5.564321647123017]]]},"properties":{"FID":253,"Id":254,"gridcode":2}},{"type":"Feature","id":254,"geometry":{"type":"Polygon","coordinates":[[[105.24820667142764,-5.5642322527790933],[105.24820674727953,-5.5644131802613295],[105.24829703653704,-5.5644131422545504],[105.24829696065756,-5.5642322147735568],[105.24820667142764,-5.5642322527790933]]]},"properties":{"FID":254,"Id":255,"gridcode":5}},{"type":"Feature","id":255,"geometry":{"type":"Polygon","coordinates":[[[105.24883881009241,-5.5645033776599409],[105.24880788419537,-5.5643981390704198],[105.24872799452041,-5.5644707884908797],[105.24883881009241,-5.5645033776599409]]]},"properties":{"FID":255,"Id":256,"gridcode":5}},{"type":"Feature","id":256,"geometry":{"type":"Polygon","coordinates":[[[105.24829711241904,-5.5645940697344365],[105.24841273382408,-5.5645487891649985],[105.24829707447772,-5.5645036059946316],[105.24829711241904,-5.5645940697344365]]]},"properties":{"FID":256,"Id":257,"gridcode":5}},{"type":"Feature","id":257,"geometry":{"type":"Polygon","coordinates":[[[105.25046405507308,-5.5645931533949282],[105.25046401680065,-5.5645026896701113],[105.25037372754444,-5.5645027280092636],[105.25037376580306,-5.5645931917347076],[105.25046405507308,-5.5645931533949282]]]},"properties":{"FID":257,"Id":258,"gridcode":3}},{"type":"Feature","id":258,"geometry":{"type":"Polygon","coordinates":[[[105.25046405507308,-5.5645931533949282],[105.25055434434245,-5.5645931150413261],[105.25055430605623,-5.5645026513171363],[105.25046401680065,-5.5645026896701113],[105.25046405507308,-5.5645931533949282]]]},"properties":{"FID":258,"Id":259,"gridcode":2}},{"type":"Feature","id":259,"geometry":{"type":"Polygon","coordinates":[[[105.25055430605623,-5.5645026513171363],[105.25073488456549,-5.5645025745697163],[105.25073480793976,-5.564321647123017],[105.25064451871303,-5.5643216855023825],[105.2506445570118,-5.5644121492264986],[105.25055426777064,-5.5644121875926693],[105.25055430605623,-5.5645026513171363]]]},"properties":{"FID":259,"Id":260,"gridcode":2}},{"type":"Feature","id":260,"geometry":{"type":"Polygon","coordinates":[[[105.2495612004797,-5.5646839999014803],[105.24942207378443,-5.5644063167023479],[105.2493502723717,-5.5646414287523145],[105.2495612004797,-5.5646839999014803]]]},"properties":{"FID":260,"Id":261,"gridcode":4}},{"type":"Feature","id":261,"geometry":{"type":"Polygon","coordinates":[[[105.25028355302399,-5.5647741575119749],[105.25025262685722,-5.564668919011341],[105.25017273733324,-5.5647415686205388],[105.25028355302399,-5.5647741575119749]]]},"properties":{"FID":261,"Id":262,"gridcode":2}},{"type":"Feature","id":262,"geometry":{"type":"Polygon","coordinates":[[[105.24910983015697,-5.5648651182411211],[105.24906463674979,-5.5647492734948036],[105.24901954083612,-5.5648651563754239],[105.24910983015697,-5.5648651182411211]]]},"properties":{"FID":262,"Id":263,"gridcode":5}},{"type":"Feature","id":263,"geometry":{"type":"MultiPolygon","coordinates":[[[[105.25037311549229,-5.5630553083644685],[105.25016216078622,-5.5629484959886355],[105.25036594608575,-5.5627673074529564],[105.25044031389761,-5.5629197153087873],[105.25037311549229,-5.5630553083644685]]],[[[105.25181770151573,-5.5629642297201496],[105.25176753452271,-5.5630818257213068],[105.25161253212197,-5.5630005519674235],[105.25181770151573,-5.5629642297201496],[105.25185022717918,-5.5628531998678996],[105.25192273668517,-5.5629332435361789],[105.25181770151573,-5.5629642297201496]]],[[[105.25091488802708,-5.5631455419085771],[105.25080407261574,-5.5631129531217987],[105.25088396184765,-5.5630403034364786],[105.25091488802708,-5.5631455419085771]]],[[[105.25118583190888,-5.5633263540767492],[105.2508837983015,-5.5632871615545536],[105.25112460313395,-5.5632100032106582],[105.25118583190888,-5.5633263540767492]]],[[[105.25082475225722,-5.5635074352116103],[105.25071393678147,-5.5634748464111281],[105.2507938260718,-5.5634021967362033],[105.25082475225722,-5.5635074352116103]]],[[[105.25100533045919,-5.5635073583950767],[105.25089451497503,-5.5634747696289679],[105.2509744042421,-5.5634021199305854],[105.25100533045919,-5.5635073583950767]]],[[[105.2510054071563,-5.5636882858429955],[105.25089459163783,-5.5636556970786293],[105.25097448092831,-5.5635830473795789],[105.2510054071563,-5.5636882858429955]]],[[[105.24883881009241,-5.5645033776599409],[105.24872799452041,-5.5644707884908797],[105.24880788419537,-5.5643981390704198],[105.24883881009241,-5.5645033776599409]],[[105.24901954083612,-5.5648651563754239],[105.24906463674979,-5.5647492734948036],[105.24910983015697,-5.5648651182411211],[105.24920011947719,-5.5648650800929946],[105.24928514222179,-5.5644737353481828],[105.24905530385313,-5.5642755051420645],[105.24941490362761,-5.5641668627334431],[105.24951252804993,-5.564280297752668],[105.24961682268419,-5.5643639891255958],[105.24960230500659,-5.564183914763146],[105.24969970730851,-5.5640088272900874],[105.24980824923966,-5.5636470648096212],[105.24996378322194,-5.5638277879365363],[105.25001230310684,-5.5638696351242318],[105.25001215031705,-5.5635077802019],[105.24992186120943,-5.5635078184650526],[105.2498579485775,-5.5636295192832099],[105.2496261584193,-5.5634603789441366],[105.24983153393289,-5.563417392981858],[105.24983149576524,-5.5633269292490537],[105.2499217848459,-5.5633268910009734],[105.24995863970234,-5.5632733604234987],[105.2501277519825,-5.563156267030509],[105.25033206575601,-5.5632020671749896],[105.25051551779779,-5.5630822635715846],[105.25060003125466,-5.5637211177498056],[105.25082486722106,-5.5637788263868435],[105.25104135371951,-5.5638865298613682],[105.25109573464722,-5.5637787111356563],[105.25109569628393,-5.5636882474127409],[105.25118598541091,-5.5636882089686646],[105.25127627453728,-5.5636881705107681],[105.25127623614701,-5.5635977067888334],[105.25136652525894,-5.5635976683177448],[105.25136648685553,-5.5635072045961627],[105.25145677595303,-5.5635071661118829],[105.25145673753646,-5.5634167023906542],[105.25154702661952,-5.5634166638931841],[105.2515469881898,-5.5633262001723072],[105.25154694976071,-5.5632357364511531],[105.25163723881555,-5.5632356979411224],[105.25181781692336,-5.5632356208796034],[105.25187842877594,-5.5631154478523319],[105.2519983180344,-5.5630546163259682],[105.25199827953824,-5.5629641526071358],[105.25208856854853,-5.5629641140298993],[105.25208853003923,-5.5628736503114204],[105.25217881903508,-5.5628736117209971],[105.25217878051262,-5.5627831480028735],[105.25226906949406,-5.5627831093992617],[105.25226903095843,-5.5626926456814925],[105.25244960889182,-5.5626925684340778],[105.25244957032925,-5.5626021047172944],[105.2525398592812,-5.5626020660734925],[105.25253982070548,-5.5625116023570644],[105.25263010964299,-5.5625115637000766],[105.25263007105411,-5.5624210999840047],[105.25262999387827,-5.5622401725510286],[105.25262991670498,-5.562059245116945],[105.25253962783641,-5.5620592837707701],[105.25248705067078,-5.5620970748826366],[105.25240985726879,-5.5622050817932269],[105.25231392117426,-5.5621861302887883],[105.25177972057514,-5.5622932311561089],[105.25172714333787,-5.5623310222030966],[105.25168686616853,-5.5625313606974158],[105.25154668077479,-5.5626024903953164],[105.25145639181586,-5.562602528887119],[105.25145643022672,-5.5626929926108417],[105.25156724558882,-5.5627255812774621],[105.25148735648563,-5.562798231050385],[105.25145643022672,-5.5626929926108417],[105.25133041979424,-5.5626025825681609],[105.25145635340563,-5.5625120651631184],[105.25154664235077,-5.5625120266719454],[105.25154660392739,-5.5624215629482991],[105.25118544819816,-5.5624217168275623],[105.2510697890873,-5.5623765341884779],[105.25118540983057,-5.56233125310112],[105.25154656550464,-5.5623310992243749],[105.25154645024021,-5.5620597080509393],[105.25118529473161,-5.5620598619201322],[105.25118521800215,-5.5618789344647528],[105.2509143514468,-5.561879049717799],[105.25082406259374,-5.5618790881078484],[105.25091450474278,-5.562240904634991],[105.25091454306836,-5.562331368363596],[105.25091458139457,-5.5624218320919239],[105.25126702159859,-5.5626135494223554],[105.25109535104275,-5.5628740738940339],[105.25121101025422,-5.5629192565228696],[105.25109538940035,-5.5629645376194432],[105.25106286358832,-5.563075567436333],[105.2509903541755,-5.5629955236582749],[105.25109538940035,-5.5629645376194432],[105.25109535104275,-5.5628740738940339],[105.25091477303515,-5.5628741507294093],[105.2509146580489,-5.5626027595477492],[105.25082436908552,-5.5626027979428239],[105.25082440739985,-5.5626932616709501],[105.25064382944362,-5.5626933384209005],[105.25060134090997,-5.5629046741269592],[105.25053125884399,-5.5626599730370279],[105.25064379115689,-5.5626028746915193],[105.25082436908552,-5.5626027979428239],[105.25082429245879,-5.5624218704857427],[105.25073400352235,-5.5624219088657432],[105.25070147766691,-5.5625329386664557],[105.25062896837068,-5.5624528948373086],[105.25073400352235,-5.5624219088657432],[105.25064363801626,-5.5622410197712249],[105.25072409248699,-5.5620212223697747],[105.25037277128402,-5.5622411347831031],[105.25037280952687,-5.5623315985154749],[105.25046309845203,-5.5623315601913719],[105.25046313670929,-5.5624220239228386],[105.2504632132257,-5.5626029513849407],[105.25046325148486,-5.5626934151155769],[105.25019238454198,-5.5626935300539548],[105.25019234632418,-5.5626030663214383],[105.25010205735576,-5.5626031046059676],[105.25001176838668,-5.5626031428766787],[105.25001173019713,-5.5625126791426318],[105.24992144124123,-5.5625127173988993],[105.24992155577044,-5.5627841086020835],[105.25001184476773,-5.5627840703439393],[105.25004437076585,-5.5626730405757456],[105.25011688001457,-5.5627530844784969],[105.25001184476773,-5.5627840703439393],[105.25001188295917,-5.5628745340771539],[105.24992159394812,-5.5628745723359243],[105.2499216321264,-5.562965036069488],[105.25003729127674,-5.5630102189315478],[105.24992167030533,-5.5630554998027746],[105.24992170848489,-5.5631459635357849],[105.24983141943181,-5.5631460017826138],[105.24979456457092,-5.563199532352531],[105.24959748340957,-5.5632735133539981],[105.24952396423416,-5.5638328931357357],[105.24941717200028,-5.5639068358813768],[105.24934346210617,-5.5640138969722051],[105.24880268580819,-5.5641531863404463],[105.24874840679776,-5.5642320245385397],[105.24885922232542,-5.5642646137059781],[105.24877933267436,-5.5643372631326322],[105.24874840679776,-5.5642320245385397],[105.24858179248344,-5.5641619916739398],[105.24829696065756,-5.5642322147735568],[105.24829703653704,-5.5644131422545504],[105.24820674727953,-5.5644131802613295],[105.24820678520642,-5.5645036440020332],[105.24829707447772,-5.5645036059946316],[105.24841273382408,-5.5645487891649985],[105.24829711241904,-5.5645940697344365],[105.24833755891653,-5.5647943740490753],[105.24847780489785,-5.5648653848909388],[105.24852290091941,-5.564749502047003],[105.24856809422246,-5.5648653468395795],[105.24879377028542,-5.5647528332658442],[105.24901954083612,-5.5648651563754239]]]]},"properties":{"FID":263,"Id":264,"gridcode":4}},{"type":"Feature","id":264,"geometry":{"type":"Polygon","coordinates":[[[105.24920011947719,-5.5648650800929946],[105.24929040879678,-5.5648650419310437],[105.24947098743407,-5.5648649655656719],[105.2495612004797,-5.5646839999014803],[105.2493502723717,-5.5646414287523145],[105.24942207378443,-5.5644063167023479],[105.2495612004797,-5.5646839999014803],[105.2497087766727,-5.5647574203203467],[105.24977200893714,-5.5644429095801726],[105.24998218793506,-5.5643820401982538],[105.25001230310684,-5.5638696351242318],[105.24996378322194,-5.5638277879365363],[105.24980824923966,-5.5636470648096212],[105.24969970730851,-5.5640088272900874],[105.24960230500659,-5.564183914763146],[105.24961682268419,-5.5643639891255958],[105.24951252804993,-5.564280297752668],[105.24941490362761,-5.5641668627334431],[105.24905530385313,-5.5642755051420645],[105.24928514222179,-5.5644737353481828],[105.24920011947719,-5.5648650800929946]]]},"properties":{"FID":264,"Id":265,"gridcode":5}},{"type":"Feature","id":265,"geometry":{"type":"Polygon","coordinates":[[[105.24856809422246,-5.5648653468395795],[105.24852290091941,-5.564749502047003],[105.24847780489785,-5.5648653848909388],[105.24852299820206,-5.5649812296865182],[105.24856809422246,-5.5648653468395795]]]},"properties":{"FID":265,"Id":266,"gridcode":3}},{"type":"Feature","id":266,"geometry":{"type":"Polygon","coordinates":[[[105.24874874889603,-5.5650461981662804],[105.24871782298214,-5.5649409595745185],[105.2486379332253,-5.5650136089852156],[105.24874874889603,-5.5650461981662804]]]},"properties":{"FID":266,"Id":267,"gridcode":2}},{"type":"Feature","id":267,"geometry":{"type":"Polygon","coordinates":[[[105.24929040879678,-5.5648650419310437],[105.24929044689237,-5.564955505662887],[105.24947102555726,-5.5649554292962655],[105.24947098743407,-5.5648649655656719],[105.24929040879678,-5.5648650419310437]]]},"properties":{"FID":267,"Id":268,"gridcode":4}},{"type":"Feature","id":268,"geometry":{"type":"Polygon","coordinates":[[[105.24965164237103,-5.5650458166034156],[105.24965160421962,-5.5649553528743478],[105.24956131488875,-5.5649553910922185],[105.24956135302637,-5.5650458548219115],[105.24965164237103,-5.5650458166034156]]]},"properties":{"FID":268,"Id":269,"gridcode":4}},{"type":"Feature","id":269,"geometry":{"type":"Polygon","coordinates":[[[105.24947102555726,-5.5649554292962655],[105.24956131488875,-5.5649553910922185],[105.24965160421962,-5.5649553528743478],[105.24965156606885,-5.5648648891450039],[105.24947098743407,-5.5648649655656719],[105.24947102555726,-5.5649554292962655]]]},"properties":{"FID":269,"Id":270,"gridcode":5}},{"type":"Feature","id":270,"geometry":{"type":"Polygon","coordinates":[[[105.24974193171506,-5.5650457783710952],[105.24974189354987,-5.5649553146426527],[105.24965160421962,-5.5649553528743478],[105.24965164237103,-5.5650458166034156],[105.24974193171506,-5.5650457783710952]]]},"properties":{"FID":270,"Id":271,"gridcode":3}},{"type":"Feature","id":271,"geometry":{"type":"Polygon","coordinates":[[[105.25037368928645,-5.5644122642835425],[105.25026287366012,-5.5643796754058199],[105.25034276312566,-5.5643070257862197],[105.25037368928645,-5.5644122642835425]],[[105.24947098743407,-5.5648649655656719],[105.24965156606885,-5.5648648891450039],[105.24965160421962,-5.5649553528743478],[105.24974189354987,-5.5649553146426527],[105.24995921256922,-5.5646303163757054],[105.25006600485746,-5.5645563735309],[105.25014489183788,-5.5644417926954883],[105.25037376580306,-5.5645931917347076],[105.25037372754444,-5.5645027280092636],[105.25046401680065,-5.5645026896701113],[105.25046397852886,-5.5644122259450173],[105.25055426777064,-5.5644121875926693],[105.25055422948567,-5.5643217238679252],[105.25064451871303,-5.5643216855023825],[105.25064448041492,-5.5642312217779883],[105.25055419120136,-5.5642312601429049],[105.25055415291766,-5.5641407964176057],[105.25037357451625,-5.5641408731047157],[105.25032847890429,-5.5642567560742249],[105.25028328531458,-5.564140911427538],[105.25021154488358,-5.5641045872788251],[105.25028320883186,-5.5639599839723459],[105.25010263048183,-5.5639600605740176],[105.25010259226902,-5.5638695968447536],[105.25001230310684,-5.5638696351242318],[105.24998218793506,-5.5643820401982538],[105.24977200893714,-5.5644429095801726],[105.2497087766727,-5.5647574203203467],[105.2495612004797,-5.5646839999014803],[105.24947098743407,-5.5648649655656719]]]},"properties":{"FID":271,"Id":272,"gridcode":4}},{"type":"Feature","id":272,"geometry":{"type":"Polygon","coordinates":[[[105.24965168052307,-5.5651362803322044],[105.24965164237103,-5.5650458166034156],[105.24956135302637,-5.5650458548219115],[105.2495613911646,-5.5651363185513256],[105.24965168052307,-5.5651362803322044]]]},"properties":{"FID":272,"Id":273,"gridcode":3}},{"type":"Feature","id":273,"geometry":{"type":"Polygon","coordinates":[[[105.24965168052307,-5.5651362803322044],[105.24985925357245,-5.5650982223232539],[105.24974193171506,-5.5650457783710952],[105.24965164237103,-5.5650458166034156],[105.24965168052307,-5.5651362803322044]]]},"properties":{"FID":273,"Id":274,"gridcode":2}},{"type":"Feature","id":274,"geometry":{"type":"Polygon","coordinates":[[[105.24956146744297,-5.5653172460093252],[105.24953054137018,-5.5652120074682596],[105.24945065168289,-5.5652846569855701],[105.24956146744297,-5.5653172460093252]]]},"properties":{"FID":274,"Id":275,"gridcode":2}}]
}