{
  "type" : "FeatureCollection",
  "features" : [{"type":"Feature","id":0,"geometry":{"type":"Polygon","coordinates":[[[105.24648275498387,-5.5439690846057417],[105.24645183073198,-5.5438638457535667],[105.24637194340831,-5.5439364947952656],[105.24648275498387,-5.5439690846057417]]]},"properties":{"FID":0,"Id":1,"gridcode":4}},{"type":"Feature","id":1,"geometry":{"type":"Polygon","coordinates":[[[105.25912281084811,-5.5439636859594295],[105.25909188438798,-5.5438584478697956],[105.25901199868788,-5.5439310985469605],[105.25912281084811,-5.5439636859594295]]]},"properties":{"FID":1,"Id":2,"gridcode":3}},{"type":"Feature","id":2,"geometry":{"type":"Polygon","coordinates":[[[105.25957424118144,-5.5439634881584281],[105.25954331464249,-5.5438582500961227],[105.25946342900045,-5.543930900831632],[105.25957424118144,-5.5439634881584281]]]},"properties":{"FID":2,"Id":3,"gridcode":3}},{"type":"Feature","id":3,"geometry":{"type":"Polygon","coordinates":[[[105.25993542500849,-5.5440537933902521],[105.259904498401,-5.543948555350358],[105.25982461279378,-5.5440212061328928],[105.25993542500849,-5.5440537933902521]]]},"properties":{"FID":3,"Id":4,"gridcode":3}},{"type":"Feature","id":4,"geometry":{"type":"Polygon","coordinates":[[[105.25496972865142,-5.5441464170862389],[105.25493880290578,-5.544041178746566],[105.25485891664849,-5.5441138288874443],[105.25496972865142,-5.5441464170862389]]]},"properties":{"FID":4,"Id":5,"gridcode":3}},{"type":"Feature","id":5,"geometry":{"type":"Polygon","coordinates":[[[105.26020632284806,-5.5441441380954624],[105.2601753961878,-5.5440389000725157],[105.26009551060378,-5.5441115508904089],[105.26020632284806,-5.5441441380954624]]]},"properties":{"FID":5,"Id":6,"gridcode":3}},{"type":"Feature","id":6,"geometry":{"type":"Polygon","coordinates":[[[105.2459411129113,-5.5441502375814178],[105.24590486425188,-5.5439446705647901],[105.2458237482649,-5.5440999721247444],[105.2459411129113,-5.5441502375814178]]]},"properties":{"FID":6,"Id":7,"gridcode":3}},{"type":"Feature","id":7,"geometry":{"type":"Polygon","coordinates":[[[105.25442805062117,-5.5442371139589159],[105.25451833676406,-5.5442370751404706],[105.25451829801528,-5.5441466113818638],[105.25442801188613,-5.5441466501996723],[105.25442805062117,-5.5442371139589159]]]},"properties":{"FID":7,"Id":8,"gridcode":2}},{"type":"Feature","id":8,"geometry":{"type":"Polygon","coordinates":[[[105.25451829801528,-5.5441466113818638],[105.25481576953359,-5.5441077506792453],[105.25458220774995,-5.544024910118484],[105.25451829801528,-5.5441466113818638]]]},"properties":{"FID":8,"Id":9,"gridcode":3}},{"type":"Feature","id":9,"geometry":{"type":"Polygon","coordinates":[[[105.25885207086395,-5.5442351956588656],[105.25895710233716,-5.5442042083744285],[105.25888459432674,-5.5441241654571094],[105.25885207086395,-5.5442351956588656]]]},"properties":{"FID":9,"Id":10,"gridcode":3}},{"type":"Feature","id":10,"geometry":{"type":"Polygon","coordinates":[[[105.26119950954144,-5.5442341643574142],[105.26115431557182,-5.544118320491588],[105.26110922344668,-5.544234204195007],[105.26119950954144,-5.5442341643574142]]]},"properties":{"FID":10,"Id":11,"gridcode":2}},{"type":"Feature","id":11,"geometry":{"type":"Polygon","coordinates":[[[105.25424747833344,-5.5442371915544921],[105.25442805062117,-5.5442371139589159],[105.25442801188613,-5.5441466501996723],[105.2542474396259,-5.5441467277939749],[105.25424747833344,-5.5442371915544921]]]},"properties":{"FID":11,"Id":12,"gridcode":3}},{"type":"Feature","id":12,"geometry":{"type":"Polygon","coordinates":[[[105.25578238163899,-5.5443269939855231],[105.25578234269713,-5.5442365302361356],[105.25566672580953,-5.5442818120734962],[105.25578238163899,-5.5443269939855231]]]},"properties":{"FID":12,"Id":13,"gridcode":4}},{"type":"Feature","id":13,"geometry":{"type":"Polygon","coordinates":[[[105.25578238163899,-5.5443269939855231],[105.25589799852537,-5.5442817121256391],[105.25578234269713,-5.5442365302361356],[105.25578238163899,-5.5443269939855231]]]},"properties":{"FID":13,"Id":14,"gridcode":3}},{"type":"Feature","id":14,"geometry":{"type":"Polygon","coordinates":[[[105.25885207086395,-5.5442351956588656],[105.25874703937897,-5.5442661829251438],[105.25881954738986,-5.5443462258589866],[105.25885207086395,-5.5442351956588656]]]},"properties":{"FID":14,"Id":15,"gridcode":3}},{"type":"Feature","id":15,"geometry":{"type":"Polygon","coordinates":[[[105.2605675465346,-5.5443249066464757],[105.26053661980033,-5.5442196686464928],[105.2604567342395,-5.5442923195117659],[105.2605675465346,-5.5443249066464757]]]},"properties":{"FID":15,"Id":16,"gridcode":3}},{"type":"Feature","id":16,"geometry":{"type":"Polygon","coordinates":[[[105.24666347750838,-5.5443308646360503],[105.24655046444593,-5.5441244861632759],[105.24645091912188,-5.5442851432620355],[105.24666347750838,-5.5443308646360503]]]},"properties":{"FID":16,"Id":17,"gridcode":4}},{"type":"Feature","id":17,"geometry":{"type":"Polygon","coordinates":[[[105.25370583870696,-5.5444183515385221],[105.25379612488247,-5.5444183128289835],[105.25379608624237,-5.5443278490658381],[105.2537058000806,-5.5443278877747417],[105.25370583870696,-5.5444183515385221]]]},"properties":{"FID":17,"Id":18,"gridcode":2}},{"type":"Feature","id":18,"geometry":{"type":"Polygon","coordinates":[[[105.25397669723159,-5.544418235368588],[105.253976658564,-5.5443277716067145],[105.2538863724035,-5.5443278103431632],[105.25388641105735,-5.5444182741056718],[105.25397669723159,-5.544418235368588]]]},"properties":{"FID":18,"Id":19,"gridcode":4}},{"type":"Feature","id":19,"geometry":{"type":"Polygon","coordinates":[[[105.25406694472385,-5.5443277328564937],[105.25424751704163,-5.5443276553147349],[105.25424747833344,-5.5442371915544921],[105.25406690604315,-5.5442372690949782],[105.25406694472385,-5.5443277328564937]]]},"properties":{"FID":19,"Id":20,"gridcode":4}},{"type":"Feature","id":20,"geometry":{"type":"Polygon","coordinates":[[[105.25677552922033,-5.5443265639456563],[105.25672642240848,-5.5442117224442091],[105.25656788347773,-5.5442899863230188],[105.25677552922033,-5.5443265639456563]]]},"properties":{"FID":20,"Id":21,"gridcode":4}},{"type":"Feature","id":21,"geometry":{"type":"Polygon","coordinates":[[[105.26092865125517,-5.5442342838288772],[105.26071881369937,-5.5442796081656081],[105.26092869098051,-5.5443247475413902],[105.26092865125517,-5.5442342838288772]]]},"properties":{"FID":21,"Id":22,"gridcode":3}},{"type":"Feature","id":22,"geometry":{"type":"Polygon","coordinates":[[[105.26092869098051,-5.5443247475413902],[105.26110926319951,-5.5443246679062126],[105.26110922344668,-5.544234204195007],[105.26092865125517,-5.5442342838288772],[105.26092869098051,-5.5443247475413902]]]},"properties":{"FID":22,"Id":23,"gridcode":2}},{"type":"Feature","id":23,"geometry":{"type":"Polygon","coordinates":[[[105.26138016131782,-5.544415012059118],[105.26134923443618,-5.5443097741089193],[105.26126934896824,-5.5443824250795446],[105.26138016131782,-5.544415012059118]]]},"properties":{"FID":23,"Id":24,"gridcode":4}},{"type":"Feature","id":24,"geometry":{"type":"Polygon","coordinates":[[[105.25370587733396,-5.5445088153020272],[105.25370583870696,-5.5444183515385221],[105.25359022160778,-5.5444636329788626],[105.25370587733396,-5.5445088153020272]]]},"properties":{"FID":24,"Id":25,"gridcode":2}},{"type":"Feature","id":25,"geometry":{"type":"Polygon","coordinates":[[[105.25406690604315,-5.5442372690949782],[105.25397661989705,-5.544237307844563],[105.253976658564,-5.5443277716067145],[105.25397669723159,-5.544418235368588],[105.2540669834052,-5.5444181966177322],[105.25406694472385,-5.5443277328564937],[105.25406690604315,-5.5442372690949782]]]},"properties":{"FID":25,"Id":26,"gridcode":3}},{"type":"Feature","id":26,"geometry":{"type":"Polygon","coordinates":[[[105.25740761056635,-5.5445072168910681],[105.25737668437309,-5.5444019787008942],[105.25729679838254,-5.5444746291584046],[105.25740761056635,-5.5445072168910681]]]},"properties":{"FID":26,"Id":27,"gridcode":3}},{"type":"Feature","id":27,"geometry":{"type":"Polygon","coordinates":[[[105.25767846905288,-5.5445070990251546],[105.25764754281232,-5.5444018608513623],[105.25756765685659,-5.5444745113438945],[105.25767846905288,-5.5445070990251546]]]},"properties":{"FID":27,"Id":28,"gridcode":3}},{"type":"Feature","id":28,"geometry":{"type":"Polygon","coordinates":[[[105.26119962884316,-5.5445055554882368],[105.26119958907526,-5.5444150917782391],[105.261109302953,-5.5444151316171402],[105.26110934270716,-5.5445055953277915],[105.26119962884316,-5.5445055554882368]]]},"properties":{"FID":28,"Id":29,"gridcode":4}},{"type":"Feature","id":29,"geometry":{"type":"Polygon","coordinates":[[[105.24666359017284,-5.5446022560731576],[105.24663266585142,-5.5444970172355665],[105.24655277846922,-5.5445696663029276],[105.24666359017284,-5.5446022560731576]]]},"properties":{"FID":29,"Id":30,"gridcode":4}},{"type":"Feature","id":30,"geometry":{"type":"Polygon","coordinates":[[[105.25370583870696,-5.5444183515385221],[105.25370587733396,-5.5445088153020272],[105.25377147007515,-5.544628593800855],[105.25388641105735,-5.5444182741056718],[105.2538863724035,-5.5443278103431632],[105.25379608624237,-5.5443278490658381],[105.25379612488247,-5.5444183128289835],[105.25370583870696,-5.5444183515385221]]]},"properties":{"FID":30,"Id":31,"gridcode":3}},{"type":"Feature","id":31,"geometry":{"type":"Polygon","coordinates":[[[105.26119962884316,-5.5445055554882368],[105.26138024090925,-5.5445959394762205],[105.2613802011132,-5.5445054757678074],[105.26138016131782,-5.544415012059118],[105.26126934896824,-5.5443824250795446],[105.26134923443618,-5.5443097741089193],[105.26138016131782,-5.544415012059118],[105.26156073355772,-5.5444149322849059],[105.2614877050935,-5.5442704479523126],[105.26119950954144,-5.5442341643574142],[105.26110922344668,-5.544234204195007],[105.26110926319951,-5.5443246679062126],[105.261109302953,-5.5444151316171402],[105.26119958907526,-5.5444150917782391],[105.26119962884316,-5.5445055554882368]]]},"properties":{"FID":31,"Id":32,"gridcode":3}},{"type":"Feature","id":32,"geometry":{"type":"Polygon","coordinates":[[[105.26147056686747,-5.5446863633021737],[105.26147052705701,-5.5445958995946922],[105.26138024090925,-5.5445959394762205],[105.26138028070595,-5.5446864031843566],[105.26147056686747,-5.5446863633021737]]]},"properties":{"FID":32,"Id":33,"gridcode":3}},{"type":"Feature","id":33,"geometry":{"type":"Polygon","coordinates":[[[105.26156073355772,-5.5444149322849059],[105.26156081320413,-5.5445958596993901],[105.26165109935059,-5.5445958197903149],[105.26165101967669,-5.5444148923771417],[105.26156073355772,-5.5444149322849059]]]},"properties":{"FID":33,"Id":34,"gridcode":3}},{"type":"Feature","id":34,"geometry":{"type":"Polygon","coordinates":[[[105.25885230732894,-5.5447779780195967],[105.25882138086696,-5.5446727399184539],[105.25874149502725,-5.5447453905637785],[105.25885230732894,-5.5447779780195967]]]},"properties":{"FID":34,"Id":35,"gridcode":3}},{"type":"Feature","id":35,"geometry":{"type":"Polygon","coordinates":[[[105.24855971487514,-5.5448728542098564],[105.24852879020607,-5.5447676154879435],[105.2484489030322,-5.544840264801862],[105.24855971487514,-5.5448728542098564]]]},"properties":{"FID":35,"Id":36,"gridcode":2}},{"type":"Feature","id":36,"geometry":{"type":"Polygon","coordinates":[[[105.24684427542925,-5.5448735722173002],[105.24673126219395,-5.5446671937902146],[105.24663171683574,-5.5448278509183186],[105.24684427542925,-5.5448735722173002]]]},"properties":{"FID":36,"Id":37,"gridcode":4}},{"type":"Feature","id":37,"geometry":{"type":"Polygon","coordinates":[[[105.24774713832363,-5.5448731949384706],[105.24771678272734,-5.5448131340151976],[105.24751335250667,-5.5447101267709122],[105.24744593306283,-5.5448352663778859],[105.24774713832363,-5.5448731949384706]]]},"properties":{"FID":37,"Id":38,"gridcode":4}},{"type":"Feature","id":38,"geometry":{"type":"Polygon","coordinates":[[[105.26138040010002,-5.5449577943071109],[105.26138036030135,-5.5448673305998026],[105.26129007411167,-5.5448673704695217],[105.26129011389661,-5.5449578341774837],[105.26138040010002,-5.5449577943071109]]]},"properties":{"FID":38,"Id":39,"gridcode":4}},{"type":"Feature","id":39,"geometry":{"type":"Polygon","coordinates":[[[105.26147068630279,-5.5449577544229633],[105.26147064649037,-5.5448672907163097],[105.26138036030135,-5.5448673305998026],[105.26138040010002,-5.5449577943071109],[105.26147068630279,-5.5449577544229633]]]},"properties":{"FID":39,"Id":40,"gridcode":3}},{"type":"Feature","id":40,"geometry":{"type":"Polygon","coordinates":[[[105.24738606850981,-5.5450542736270929],[105.24735514403501,-5.5449490348356125],[105.24727525668716,-5.5450216839981668],[105.24738606850981,-5.5450542736270929]]]},"properties":{"FID":40,"Id":41,"gridcode":4}},{"type":"Feature","id":41,"geometry":{"type":"Polygon","coordinates":[[[105.2487403631841,-5.545053705934043],[105.24870943847259,-5.5449484672240699],[105.24862955129859,-5.5450211165620322],[105.2487403631841,-5.545053705934043]]]},"properties":{"FID":41,"Id":42,"gridcode":2}},{"type":"Feature","id":42,"geometry":{"type":"Polygon","coordinates":[[[105.26138043989938,-5.5450482580141429],[105.26138040010002,-5.5449577943071109],[105.26129011389661,-5.5449578341774837],[105.2612901536822,-5.5450482978851703],[105.26138043989938,-5.5450482580141429]]]},"properties":{"FID":42,"Id":43,"gridcode":3}},{"type":"Feature","id":43,"geometry":{"type":"Polygon","coordinates":[[[105.26119990723689,-5.5451388014504879],[105.26119986746438,-5.5450483377424238],[105.26108425088374,-5.5450936206250203],[105.26119990723689,-5.5451388014504879]]]},"properties":{"FID":43,"Id":44,"gridcode":4}},{"type":"Feature","id":44,"geometry":{"type":"Polygon","coordinates":[[[105.26129019346845,-5.5451387615925807],[105.2612901536822,-5.5450482978851703],[105.26119986746438,-5.5450483377424238],[105.26119990723689,-5.5451388014504879],[105.26129019346845,-5.5451387615925807]]]},"properties":{"FID":44,"Id":45,"gridcode":3}},{"type":"Feature","id":45,"geometry":{"type":"Polygon","coordinates":[[[105.25334500259248,-5.5451422163595705],[105.25330875131591,-5.544936649921449],[105.2532276371859,-5.5450919524098996],[105.25334500259248,-5.5451422163595705]]]},"properties":{"FID":45,"Id":46,"gridcode":4}},{"type":"Feature","id":46,"geometry":{"type":"Polygon","coordinates":[[[105.26165113918853,-5.5446862834964872],[105.26159453685074,-5.5447254777382957],[105.26162686348704,-5.5448696642983846],[105.26156105215924,-5.5451386419362114],[105.26169994517224,-5.5450681631523304],[105.261771782791,-5.5447473679911239],[105.26165113918853,-5.5446862834964872]]]},"properties":{"FID":46,"Id":47,"gridcode":3}},{"type":"Feature","id":47,"geometry":{"type":"Polygon","coordinates":[[[105.24693471212194,-5.5452353897862805],[105.24689846303862,-5.5450298228562573],[105.24681734718179,-5.5451851245417592],[105.24693471212194,-5.5452353897862805]]]},"properties":{"FID":47,"Id":48,"gridcode":4}},{"type":"Feature","id":48,"geometry":{"type":"Polygon","coordinates":[[[105.26092912800272,-5.5453198483607853],[105.26110970052414,-5.545319768711229],[105.26110966076408,-5.5452293050030628],[105.26092908827013,-5.5452293846513125],[105.26092912800272,-5.5453198483607853]]]},"properties":{"FID":48,"Id":49,"gridcode":3}},{"type":"Feature","id":49,"geometry":{"type":"Polygon","coordinates":[[[105.26129031283118,-5.5454101527131554],[105.26138059910333,-5.5454101128395106],[105.26138055930136,-5.5453196491335817],[105.26129027304295,-5.5453196890065728],[105.26129031283118,-5.5454101527131554]]]},"properties":{"FID":49,"Id":50,"gridcode":3}},{"type":"Feature","id":50,"geometry":{"type":"Polygon","coordinates":[[[105.26156105215924,-5.5451386419362114],[105.26138047969937,-5.5451387217208987],[105.26138055930136,-5.5453196491335817],[105.26150044398344,-5.5452588158539795],[105.26156105215924,-5.5451386419362114]]]},"properties":{"FID":50,"Id":51,"gridcode":3}},{"type":"Feature","id":51,"geometry":{"type":"Polygon","coordinates":[[[105.25316454566527,-5.5454136849317761],[105.25336599337865,-5.5453701755365579],[105.25328095581197,-5.545200677723729],[105.25316454566527,-5.5454136849317761]]]},"properties":{"FID":51,"Id":52,"gridcode":4}},{"type":"Feature","id":52,"geometry":{"type":"Polygon","coordinates":[[[105.2610194937584,-5.5455007359597062],[105.26101945401076,-5.5454102722514396],[105.26092916773597,-5.5454103120699836],[105.26092920746986,-5.5455007757789048],[105.2610194937584,-5.5455007359597062]]]},"properties":{"FID":52,"Id":53,"gridcode":5}},{"type":"Feature","id":53,"geometry":{"type":"Polygon","coordinates":[[[105.26120006633352,-5.5455006562799856],[105.26129035262007,-5.5455006164194609],[105.26129031283118,-5.5454101527131554],[105.26120002655837,-5.5454101925730255],[105.26120006633352,-5.5455006562799856]]]},"properties":{"FID":53,"Id":54,"gridcode":3}},{"type":"Feature","id":54,"geometry":{"type":"Polygon","coordinates":[[[105.25912344210215,-5.5454111055480801],[105.25909304589916,-5.5452605815407088],[105.25898753406771,-5.54519984740213],[105.25891258475399,-5.5455162387787293],[105.25912344210215,-5.5454111055480801]]]},"properties":{"FID":54,"Id":55,"gridcode":4}},{"type":"Feature","id":55,"geometry":{"type":"Polygon","coordinates":[[[105.2610194937584,-5.5455007359597062],[105.26120006633352,-5.5455006562799856],[105.26120002655837,-5.5454101925730255],[105.26129031283118,-5.5454101527131554],[105.26129027304295,-5.5453196890065728],[105.26138055930136,-5.5453196491335817],[105.26138047969937,-5.5451387217208987],[105.26156105215924,-5.5451386419362114],[105.26162686348704,-5.5448696642983846],[105.26159453685074,-5.5447254777382957],[105.26165113918853,-5.5446862834964872],[105.26165109935059,-5.5445958197903149],[105.26156081320413,-5.5445958596993901],[105.26156073355772,-5.5444149322849059],[105.26138016131782,-5.544415012059118],[105.2613802011132,-5.5445054757678074],[105.26147048724722,-5.5445054358869328],[105.26147052705701,-5.5445958995946922],[105.26147056686747,-5.5446863633021737],[105.26147064649037,-5.5448672907163097],[105.26147068630279,-5.5449577544229633],[105.26147072611587,-5.5450482181293408],[105.26138043989938,-5.5450482580141429],[105.2612901536822,-5.5450482978851703],[105.26129019346845,-5.5451387615925807],[105.26129023325538,-5.5452292252997157],[105.26110966076408,-5.5452293050030628],[105.26110970052414,-5.545319768711229],[105.26092912800272,-5.5453198483607853],[105.26092916773597,-5.5454103120699836],[105.26101945401076,-5.5454102722514396],[105.2610194937584,-5.5455007359597062]]]},"properties":{"FID":55,"Id":56,"gridcode":4}},{"type":"Feature","id":56,"geometry":{"type":"Polygon","coordinates":[[[105.24928238469475,-5.5457771883207414],[105.2492514598451,-5.545671949647665],[105.24917157264733,-5.5457445990584251],[105.24928238469475,-5.5457771883207414]]]},"properties":{"FID":56,"Id":57,"gridcode":2}},{"type":"Feature","id":57,"geometry":{"type":"Polygon","coordinates":[[[105.25912344210215,-5.5454111055480801],[105.25915391725219,-5.5457425569946617],[105.25933449180829,-5.5457467856769584],[105.25918620035483,-5.5454428817212564],[105.25912344210215,-5.5454111055480801]]]},"properties":{"FID":57,"Id":58,"gridcode":4}},{"type":"Feature","id":58,"geometry":{"type":"Polygon","coordinates":[[[105.26029736198886,-5.545862908978771],[105.26029732234858,-5.5457724452663877],[105.26020703601353,-5.5457724849773378],[105.26020707564005,-5.5458629486903721],[105.26029736198886,-5.545862908978771]]]},"properties":{"FID":58,"Id":59,"gridcode":5}},{"type":"Feature","id":59,"geometry":{"type":"Polygon","coordinates":[[[105.25316454566527,-5.5454136849317761],[105.25310869569238,-5.5454481981398995],[105.25301236024559,-5.5457318393231922],[105.25312464882961,-5.5459005102178933],[105.25316454566527,-5.5454136849317761]]]},"properties":{"FID":59,"Id":60,"gridcode":4}},{"type":"Feature","id":60,"geometry":{"type":"Polygon","coordinates":[[[105.26011682890405,-5.5459534521016076],[105.26011678929061,-5.5458629883881976],[105.26002650294051,-5.5458630280722465],[105.26002654254019,-5.5459534917863076],[105.26011682890405,-5.5459534521016076]]]},"properties":{"FID":60,"Id":61,"gridcode":3}},{"type":"Feature","id":61,"geometry":{"type":"Polygon","coordinates":[[[105.26029736198886,-5.545862908978771],[105.26053787713271,-5.5458324129645815],[105.26068877188399,-5.545712199365548],[105.26095117490915,-5.5456361982185101],[105.2610194937584,-5.5455007359597062],[105.26092920746986,-5.5455007757789048],[105.26092916773597,-5.5454103120699836],[105.2607485951844,-5.5454103916657473],[105.26074867459786,-5.5455913190859247],[105.26038752937686,-5.5455914781173687],[105.26038760868296,-5.545772405541662],[105.26029732234858,-5.5457724452663877],[105.26029736198886,-5.545862908978771]]]},"properties":{"FID":61,"Id":62,"gridcode":4}},{"type":"Feature","id":62,"geometry":{"type":"Polygon","coordinates":[[[105.26002658214055,-5.5460439555000933],[105.26002654254019,-5.5459534917863076],[105.25993625617568,-5.545953531457231],[105.25993629576229,-5.5460439951716678],[105.26002658214055,-5.5460439555000933]]]},"properties":{"FID":62,"Id":63,"gridcode":3}},{"type":"Feature","id":63,"geometry":{"type":"Polygon","coordinates":[[[105.26002650294051,-5.5458630280722465],[105.26011678929061,-5.5458629883881976],[105.26011682890405,-5.5459534521016076],[105.26020711526726,-5.545953412403132],[105.26020707564005,-5.5458629486903721],[105.26020703601353,-5.5457724849773378],[105.26002646334146,-5.5457725643579083],[105.26002650294051,-5.5458630280722465]]]},"properties":{"FID":63,"Id":64,"gridcode":4}},{"type":"Feature","id":64,"geometry":{"type":"Polygon","coordinates":[[[105.25298424268397,-5.5460470085111977],[105.25294799146175,-5.5458414420540594],[105.2528668771224,-5.5459967444982743],[105.25298424268397,-5.5460470085111977]]]},"properties":{"FID":64,"Id":65,"gridcode":4}},{"type":"Feature","id":65,"geometry":{"type":"Polygon","coordinates":[[[105.26011686851815,-5.5460439158147432],[105.26062165452728,-5.5459162811768268],[105.26078564655828,-5.5458091790245767],[105.26105807789118,-5.5457069042611389],[105.26120006633352,-5.5455006562799856],[105.2610194937584,-5.5455007359597062],[105.26095117490915,-5.5456361982185101],[105.26068877188399,-5.545712199365548],[105.26053787713271,-5.5458324129645815],[105.26029736198886,-5.545862908978771],[105.26020707564005,-5.5458629486903721],[105.26020711526726,-5.545953412403132],[105.26011682890405,-5.5459534521016076],[105.26011686851815,-5.5460439158147432]]]},"properties":{"FID":65,"Id":66,"gridcode":3}},{"type":"Feature","id":66,"geometry":{"type":"Polygon","coordinates":[[[105.24666422871059,-5.5461401408364868],[105.24660730104213,-5.5458052128736055],[105.24641976423938,-5.545833060632968],[105.24645663106534,-5.5460823116525306],[105.24666422871059,-5.5461401408364868]]]},"properties":{"FID":66,"Id":67,"gridcode":4}},{"type":"Feature","id":67,"geometry":{"type":"Polygon","coordinates":[[[105.24684483927604,-5.5462305293345926],[105.24681391482538,-5.5461252905174501],[105.24673402725631,-5.5461979396140588],[105.24684483927604,-5.5462305293345926]]]},"properties":{"FID":67,"Id":68,"gridcode":4}},{"type":"Feature","id":68,"geometry":{"type":"Polygon","coordinates":[[[105.25984604895687,-5.5461344985442773],[105.25993633534955,-5.5461344588858301],[105.25993637493745,-5.5462249225997136],[105.26002666134322,-5.5462248829268379],[105.26002658214055,-5.5460439555000933],[105.25993629576229,-5.5460439951716678],[105.25993625617568,-5.545953531457231],[105.25984596981051,-5.5459535711143779],[105.25984604895687,-5.5461344985442773]]]},"properties":{"FID":68,"Id":69,"gridcode":4}},{"type":"Feature","id":69,"geometry":{"type":"Polygon","coordinates":[[[105.26002658214055,-5.5460439555000933],[105.26002666134322,-5.5462248829268379],[105.26011694774833,-5.5462248432401839],[105.26011686851815,-5.5460439158147432],[105.26002658214055,-5.5460439555000933]]]},"properties":{"FID":69,"Id":70,"gridcode":3}},{"type":"Feature","id":70,"geometry":{"type":"Polygon","coordinates":[[[105.25921416262554,-5.5464061669240845],[105.25918323600216,-5.546300928854583],[105.25910334999928,-5.5463735795529399],[105.25921416262554,-5.5464061669240845]]]},"properties":{"FID":70,"Id":71,"gridcode":4}},{"type":"Feature","id":71,"geometry":{"type":"Polygon","coordinates":[[[105.25957530837564,-5.5464060085855911],[105.25966559481152,-5.546405968966523],[105.25966555526355,-5.546315505251239],[105.25957526884142,-5.5463155448696568],[105.25957530837564,-5.5464060085855911]]]},"properties":{"FID":71,"Id":72,"gridcode":3}},{"type":"Feature","id":72,"geometry":{"type":"Polygon","coordinates":[[[105.25984604895687,-5.5461344985442773],[105.25984612810586,-5.5463154259730718],[105.25993641452604,-5.5463153863133225],[105.25993637493745,-5.5462249225997136],[105.25993633534955,-5.5461344588858301],[105.25984604895687,-5.5461344985442773]]]},"properties":{"FID":72,"Id":73,"gridcode":5}},{"type":"Feature","id":73,"geometry":{"type":"Polygon","coordinates":[[[105.25271357583857,-5.5464994430856001],[105.25282919340151,-5.5464541617984908],[105.25271353734875,-5.5464089793211961],[105.25271357583857,-5.5464994430856001]]]},"properties":{"FID":73,"Id":74,"gridcode":5}},{"type":"Feature","id":74,"geometry":{"type":"Polygon","coordinates":[[[105.25948506146023,-5.5464965119071881],[105.25957534791051,-5.5464964723012482],[105.25957530837564,-5.5464060085855911],[105.2594850219391,-5.5464060481908808],[105.25948506146023,-5.5464965119071881]]]},"properties":{"FID":74,"Id":75,"gridcode":3}},{"type":"Feature","id":75,"geometry":{"type":"Polygon","coordinates":[[[105.25975584168503,-5.5463154656190445],[105.25975588124676,-5.5464059293336785],[105.26002674054853,-5.5464058103524767],[105.26002666134322,-5.5462248829268379],[105.25993637493745,-5.5462249225997136],[105.25993641452604,-5.5463153863133225],[105.25984612810586,-5.5463154259730718],[105.25975584168503,-5.5463154656190445]]]},"properties":{"FID":75,"Id":76,"gridcode":3}},{"type":"Feature","id":76,"geometry":{"type":"Polygon","coordinates":[[[105.25298435827143,-5.5463183998011951],[105.25298443533292,-5.5464993273264795],[105.2531103653679,-5.5464088096865378],[105.25298435827143,-5.5463183998011951]]]},"properties":{"FID":76,"Id":77,"gridcode":3}},{"type":"Feature","id":77,"geometry":{"type":"Polygon","coordinates":[[[105.25921424158595,-5.5465870943603184],[105.25921420210543,-5.5464966306423404],[105.25912391565251,-5.5464966701931679],[105.25912395511928,-5.5465871339117951],[105.25921424158595,-5.5465870943603184]]]},"properties":{"FID":77,"Id":78,"gridcode":5}},{"type":"Feature","id":78,"geometry":{"type":"Polygon","coordinates":[[[105.25939481451731,-5.5465870152160299],[105.259485100982,-5.5465869756232191],[105.25948506146023,-5.5464965119071881],[105.25939477500927,-5.5464965514993496],[105.25939481451731,-5.5465870152160299]]]},"properties":{"FID":78,"Id":79,"gridcode":3}},{"type":"Feature","id":79,"geometry":{"type":"Polygon","coordinates":[[[105.25921424158595,-5.5465870943603184],[105.25939481451731,-5.5465870152160299],[105.25939477500927,-5.5464965514993496],[105.25948506146023,-5.5464965119071881],[105.2594850219391,-5.5464060481908808],[105.25957530837564,-5.5464060085855911],[105.25957526884142,-5.5463155448696568],[105.25966555526355,-5.546315505251239],[105.25975584168503,-5.5463154656190445],[105.25984612810586,-5.5463154259730718],[105.25984604895687,-5.5461344985442773],[105.25948490337963,-5.5461346570403007],[105.25948498241863,-5.5463155844742964],[105.25930440957107,-5.5463156636422442],[105.25930448855767,-5.5464965910777337],[105.25921420210543,-5.5464966306423404],[105.25921424158595,-5.5465870943603184]]]},"properties":{"FID":79,"Id":80,"gridcode":4}},{"type":"Feature","id":80,"geometry":{"type":"Polygon","coordinates":[[[105.25253315669478,-5.5468613752493665],[105.25262344324982,-5.5468613367017969],[105.2526234047712,-5.5467708729378664],[105.25253311822992,-5.5467709114848036],[105.25253315669478,-5.5468613752493665]]]},"properties":{"FID":80,"Id":81,"gridcode":5}},{"type":"Feature","id":81,"geometry":{"type":"Polygon","coordinates":[[[105.25894350050575,-5.5468586041315344],[105.25903378701497,-5.5468585646056683],[105.25903374755998,-5.5467681008872196],[105.25894346106452,-5.5467681404124383],[105.25894350050575,-5.5468586041315344]]]},"properties":{"FID":81,"Id":82,"gridcode":3}},{"type":"Feature","id":82,"geometry":{"type":"Polygon","coordinates":[[[105.25903374755998,-5.5467681008872196],[105.25932110849148,-5.5466940774332585],[105.25939481451731,-5.5465870152160299],[105.25921424158595,-5.5465870943603184],[105.25912395511928,-5.5465871339117951],[105.25903366865197,-5.5465871734494945],[105.25903374755998,-5.5467681008872196]]]},"properties":{"FID":82,"Id":83,"gridcode":3}},{"type":"Feature","id":83,"geometry":{"type":"Polygon","coordinates":[[[105.22562777028254,-5.5469627125042651],[105.22559684950058,-5.5468574724221407],[105.22551695912009,-5.5469301187667108],[105.22562777028254,-5.5469627125042651]]]},"properties":{"FID":83,"Id":84,"gridcode":4}},{"type":"Feature","id":84,"geometry":{"type":"Polygon","coordinates":[[[105.22625974304687,-5.5468720071820492],[105.22621858434347,-5.5463702872224667],[105.22585742736187,-5.5463431887427959],[105.22613796212329,-5.5464649659554084],[105.22586143995609,-5.5465852523106056],[105.22603814874257,-5.5467322120030955],[105.22612012156017,-5.5468310125464786],[105.22625974304687,-5.5468720071820492]]]},"properties":{"FID":84,"Id":85,"gridcode":4}},{"type":"Feature","id":85,"geometry":{"type":"Polygon","coordinates":[[[105.25885325342401,-5.5469491073630905],[105.25894353994764,-5.5469490678503552],[105.25894350050575,-5.5468586041315344],[105.25885321399588,-5.5468586436436214],[105.25885325342401,-5.5469491073630905]]]},"properties":{"FID":85,"Id":86,"gridcode":3}},{"type":"Feature","id":86,"geometry":{"type":"Polygon","coordinates":[[[105.22616952521585,-5.547052969584489],[105.22613860433368,-5.5469477295351055],[105.22605871401073,-5.5470203759504111],[105.22616952521585,-5.547052969584489]]]},"properties":{"FID":86,"Id":87,"gridcode":4}},{"type":"Feature","id":87,"geometry":{"type":"Polygon","coordinates":[[[105.25876300631477,-5.5470396105818889],[105.25885329285281,-5.5470395710822835],[105.25885325342401,-5.5469491073630905],[105.25876296689974,-5.5469491468620475],[105.25876300631477,-5.5470396105818889]]]},"properties":{"FID":87,"Id":88,"gridcode":3}},{"type":"Feature","id":88,"geometry":{"type":"Polygon","coordinates":[[[105.25831161296175,-5.5471302715960249],[105.25826641929828,-5.5470144275048572],[105.25822132640604,-5.5471303110135999],[105.25831161296175,-5.5471302715960249]]]},"properties":{"FID":88,"Id":89,"gridcode":3}},{"type":"Feature","id":89,"geometry":{"type":"Polygon","coordinates":[[[105.25867275917803,-5.5471301137879259],[105.25876304573046,-5.5471300743014522],[105.25876300631477,-5.5470396105818889],[105.25867271977609,-5.5470396500677142],[105.25867275917803,-5.5471301137879259]]]},"properties":{"FID":89,"Id":90,"gridcode":3}},{"type":"Feature","id":90,"geometry":{"type":"Polygon","coordinates":[[[105.25849210732297,-5.5469492652762442],[105.25841883271117,-5.5470971275621839],[105.25858247262494,-5.5471301532606194],[105.25858239384921,-5.5469492258186248],[105.25849210732297,-5.5469492652762442]]]},"properties":{"FID":90,"Id":91,"gridcode":3}},{"type":"Feature","id":91,"geometry":{"type":"Polygon","coordinates":[[[105.25849210732297,-5.5469492652762442],[105.25858239384921,-5.5469492258186248],[105.25858247262494,-5.5471301532606194],[105.25867275917803,-5.5471301137879259],[105.25867271977609,-5.5470396500677142],[105.25876300631477,-5.5470396105818889],[105.25876296689974,-5.5469491468620475],[105.25885325342401,-5.5469491073630905],[105.25885321399588,-5.5468586436436214],[105.25894350050575,-5.5468586041315344],[105.25894346106452,-5.5467681404124383],[105.25903374755998,-5.5467681008872196],[105.25903366865197,-5.5465871734494945],[105.25912395511928,-5.5465871339117951],[105.25912391565251,-5.5464966701931679],[105.25897123086565,-5.5465246677256479],[105.25891553349673,-5.5466497582200143],[105.25879073678027,-5.5467056741813634],[105.25873503935735,-5.5468307646605437],[105.25837478844448,-5.5468968228773621],[105.25849210732297,-5.5469492652762442]]]},"properties":{"FID":91,"Id":92,"gridcode":4}},{"type":"Feature","id":92,"geometry":{"type":"Polygon","coordinates":[[[105.25009545756286,-5.5469528746066121],[105.25000517097632,-5.546952912769],[105.25000528522145,-5.5472243041130547],[105.25009557184926,-5.5472242659487883],[105.25009545756286,-5.5469528746066121]]]},"properties":{"FID":92,"Id":93,"gridcode":3}},{"type":"Feature","id":93,"geometry":{"type":"Polygon","coordinates":[[[105.25000528522145,-5.5472243041130547],[105.25000536138802,-5.5474052316743769],[105.25009564804331,-5.5474051935088582],[105.25009557184926,-5.5472242659487883],[105.25000528522145,-5.5472243041130547]]]},"properties":{"FID":93,"Id":94,"gridcode":2}},{"type":"Feature","id":94,"geometry":{"type":"Polygon","coordinates":[[[105.25108880121,-5.5474047727786635],[105.25113399353161,-5.5475206174796403],[105.25117908785772,-5.5474047344477828],[105.25108880121,-5.5474047727786635]]]},"properties":{"FID":94,"Id":95,"gridcode":3}},{"type":"Feature","id":95,"geometry":{"type":"Polygon","coordinates":[[[105.25822132640604,-5.5471303110135999],[105.25822144440949,-5.5474017021822863],[105.25822148374527,-5.5474921659046297],[105.25831177035599,-5.5474921264844674],[105.25831161296175,-5.5471302715960249],[105.25822132640604,-5.5471303110135999]]]},"properties":{"FID":95,"Id":96,"gridcode":4}},{"type":"Feature","id":96,"geometry":{"type":"Polygon","coordinates":[[[105.25181120945379,-5.5476758570479854],[105.25181117109322,-5.5475853932808574],[105.25172088442244,-5.5475854317094608],[105.25172092276925,-5.5476758954772194],[105.25181120945379,-5.5476758570479854]]]},"properties":{"FID":96,"Id":97,"gridcode":3}},{"type":"Feature","id":97,"geometry":{"type":"Polygon","coordinates":[[[105.25813123645659,-5.5475826690337247],[105.2582215230817,-5.5475826296266959],[105.25831180970616,-5.5475825902058871],[105.25831177035599,-5.5474921264844674],[105.25822148374527,-5.5474921659046297],[105.25822144440949,-5.5474017021822863],[105.25813115781187,-5.5474017415880219],[105.25813123645659,-5.5475826690337247]]]},"properties":{"FID":97,"Id":98,"gridcode":3}},{"type":"Feature","id":98,"geometry":{"type":"Polygon","coordinates":[[[105.25190149613769,-5.5476758186049704],[105.25194668863807,-5.5477916632346673],[105.25199178282097,-5.5476757801481753],[105.25190149613769,-5.5476758186049704]]]},"properties":{"FID":98,"Id":99,"gridcode":3}},{"type":"Feature","id":99,"geometry":{"type":"Polygon","coordinates":[[[105.25226271972754,-5.5478565922222218],[105.25226268129693,-5.547766128458802],[105.25217239460181,-5.5477661669575715],[105.25217243301867,-5.5478566307216228],[105.25226271972754,-5.5478565922222218]]]},"properties":{"FID":99,"Id":100,"gridcode":3}},{"type":"Feature","id":100,"geometry":{"type":"Polygon","coordinates":[[[105.25822164109492,-5.5478540207912381],[105.25822160175652,-5.5477635570700006],[105.25813131510391,-5.5477635964783225],[105.25813135442854,-5.5478540602002067],[105.25822164109492,-5.5478540207912381]]]},"properties":{"FID":100,"Id":101,"gridcode":3}},{"type":"Feature","id":101,"geometry":{"type":"Polygon","coordinates":[[[105.25253346443662,-5.5475850853559283],[105.25253357985032,-5.5478564766413303],[105.25271415326235,-5.547856399518496],[105.25259343335192,-5.5476154499260728],[105.25253346443662,-5.5475850853559283]]]},"properties":{"FID":101,"Id":102,"gridcode":3}},{"type":"Feature","id":102,"geometry":{"type":"Polygon","coordinates":[[[105.2579508203916,-5.5479446026996992],[105.2579056267279,-5.5478287585837522],[105.25786053370952,-5.5479446420679697],[105.2579508203916,-5.5479446026996992]]]},"properties":{"FID":102,"Id":103,"gridcode":4}},{"type":"Feature","id":103,"geometry":{"type":"Polygon","coordinates":[[[105.25813139375381,-5.5479445239218137],[105.25813135442854,-5.5478540602002067],[105.25804106776151,-5.5478540995953933],[105.25804110707304,-5.547944563317647],[105.25813139375381,-5.5479445239218137]]]},"properties":{"FID":103,"Id":104,"gridcode":3}},{"type":"Feature","id":104,"geometry":{"type":"Polygon","coordinates":[[[105.25813123645659,-5.5475826690337247],[105.25804094983081,-5.5475827084269733],[105.25804106776151,-5.5478540995953933],[105.25813135442854,-5.5478540602002067],[105.25813131510391,-5.5477635964783225],[105.25822160175652,-5.5477635570700006],[105.2582215230817,-5.5475826296266959],[105.25813123645659,-5.5475826690337247]]]},"properties":{"FID":104,"Id":105,"gridcode":4}},{"type":"Feature","id":105,"geometry":{"type":"Polygon","coordinates":[[[105.25813139375381,-5.5479445239218137],[105.25822168043395,-5.5479444845121995],[105.25822164109492,-5.5478540207912381],[105.25813135442854,-5.5478540602002067],[105.25813139375381,-5.5479445239218137]]]},"properties":{"FID":105,"Id":106,"gridcode":2}},{"type":"Feature","id":106,"geometry":{"type":"Polygon","coordinates":[[[105.25253361832284,-5.5479469404025785],[105.25257881096738,-5.5480627849763691],[105.25262390504291,-5.5479469018474195],[105.25253361832284,-5.5479469404025785]]]},"properties":{"FID":106,"Id":107,"gridcode":3}},{"type":"Feature","id":107,"geometry":{"type":"Polygon","coordinates":[[[105.25271419176235,-5.5479468632784794],[105.25274511735407,-5.5480521017293229],[105.25282500439059,-5.5479794518473824],[105.25271419176235,-5.5479468632784794]]]},"properties":{"FID":107,"Id":108,"gridcode":3}},{"type":"Feature","id":108,"geometry":{"type":"Polygon","coordinates":[[[105.25786053370952,-5.5479446420679697],[105.25790572737445,-5.5480604861869072],[105.2579508203916,-5.5479446026996992],[105.25786053370952,-5.5479446420679697]]]},"properties":{"FID":108,"Id":109,"gridcode":3}},{"type":"Feature","id":109,"geometry":{"type":"Polygon","coordinates":[[[105.25777036484149,-5.5482160725933731],[105.25787539707433,-5.5481850854696724],[105.25780288869268,-5.5481050424463829],[105.25777036484149,-5.5482160725933731]]]},"properties":{"FID":109,"Id":110,"gridcode":3}},{"type":"Feature","id":110,"geometry":{"type":"Polygon","coordinates":[[[105.25777036484149,-5.5482160725933731],[105.2576653325969,-5.5482470596989009],[105.257737840979,-5.5483271027387264],[105.25777036484149,-5.5482160725933731]]]},"properties":{"FID":110,"Id":111,"gridcode":4}},{"type":"Feature","id":111,"geometry":{"type":"Polygon","coordinates":[[[105.25009564804331,-5.5474051935088582],[105.25013749240955,-5.5475442356313849],[105.25023452944144,-5.5476279301388134],[105.25031814202626,-5.5477250867993559],[105.25041517911296,-5.5478087812741537],[105.25049879175299,-5.5479059379060818],[105.250956975851,-5.5479894792269242],[105.251040588603,-5.5480866357765102],[105.25177016784605,-5.5481701226120235],[105.2517624224589,-5.5482672225539877],[105.25308625717064,-5.5483504270505648],[105.25293543172118,-5.5465416656687268],[105.25298443533292,-5.5464993273264795],[105.25298435827143,-5.5463183998011951],[105.25275133121136,-5.5462611566885425],[105.25271353734875,-5.5464089793211961],[105.25282919340151,-5.5464541617984908],[105.25271357583857,-5.5464994430856001],[105.25268330926093,-5.5466499933981828],[105.2526234047712,-5.5467708729378664],[105.25262344324982,-5.5468613367017969],[105.25253315669478,-5.5468613752493665],[105.25253346443662,-5.5475850853559283],[105.25259343335192,-5.5476154499260728],[105.25271415326235,-5.547856399518496],[105.25271419176235,-5.5479468632784794],[105.25282500439059,-5.5479794518473824],[105.25274511735407,-5.5480521017293229],[105.25271419176235,-5.5479468632784794],[105.25262390504291,-5.5479469018474195],[105.25257881096738,-5.5480627849763691],[105.25253361832284,-5.5479469404025785],[105.25241297537072,-5.5478869182963733],[105.25226271972754,-5.5478565922222218],[105.25217243301867,-5.5478566307216228],[105.25217239460181,-5.5477661669575715],[105.2521723561856,-5.5476757031932422],[105.25199178282097,-5.5476757801481753],[105.25194668863807,-5.5477916632346673],[105.25190149613769,-5.5476758186049704],[105.25181120945379,-5.5476758570479854],[105.25172092276925,-5.5476758954772194],[105.25172088442244,-5.5475854317094608],[105.25157062888363,-5.5475551054541157],[105.25132934334263,-5.5474350608053715],[105.25117908785772,-5.5474047344477828],[105.25113399353161,-5.5475206174796403],[105.25108880121,-5.5474047727786635],[105.25104273628094,-5.547360465073214],[105.25088239836643,-5.5471933969762981],[105.25059295534692,-5.5469969913357637],[105.2504105390552,-5.546908414060197],[105.25015571737831,-5.5466428953878566],[105.25009545756286,-5.5469528746066121],[105.25009557184926,-5.5472242659487883],[105.25009564804331,-5.5474051935088582]]]},"properties":{"FID":111,"Id":112,"gridcode":4}},{"type":"Feature","id":112,"geometry":{"type":"Polygon","coordinates":[[[105.25777048266205,-5.5484874637618038],[105.25772528898666,-5.5483716196344828],[105.25768019589613,-5.5484875031063829],[105.25777048266205,-5.5484874637618038]]]},"properties":{"FID":112,"Id":113,"gridcode":3}},{"type":"Feature","id":113,"geometry":{"type":"Polygon","coordinates":[[[105.25226302719533,-5.5485803023196381],[105.25223210165616,-5.5484750638428206],[105.25215221447952,-5.5485477136498034],[105.25226302719533,-5.5485803023196381]]]},"properties":{"FID":113,"Id":114,"gridcode":4}},{"type":"Feature","id":114,"geometry":{"type":"Polygon","coordinates":[[[105.25786080871589,-5.5485778881250534],[105.25786076942731,-5.548487424403441],[105.25777048266205,-5.5484874637618038],[105.25777052193686,-5.548577927484061],[105.25786080871589,-5.5485778881250534]]]},"properties":{"FID":114,"Id":115,"gridcode":3}},{"type":"Feature","id":115,"geometry":{"type":"Polygon","coordinates":[[[105.25759002687344,-5.5487589336069929],[105.25758998762483,-5.5486684698839976],[105.25747437004421,-5.5487137521014196],[105.25759002687344,-5.5487589336069929]]]},"properties":{"FID":115,"Id":116,"gridcode":4}},{"type":"Feature","id":116,"geometry":{"type":"Polygon","coordinates":[[[105.25768019589613,-5.5484875031063829],[105.2576802744189,-5.5486684305519116],[105.25777056121234,-5.5486683912060419],[105.25777052193686,-5.548577927484061],[105.25777048266205,-5.5484874637618038],[105.25768019589613,-5.5484875031063829]]]},"properties":{"FID":116,"Id":117,"gridcode":4}},{"type":"Feature","id":117,"geometry":{"type":"Polygon","coordinates":[[[105.25759002687344,-5.5487589336069929],[105.25777060048846,-5.5487588549277458],[105.25777056121234,-5.5486683912060419],[105.2576802744189,-5.5486684305519116],[105.25758998762483,-5.5486684698839976],[105.25759002687344,-5.5487589336069929]]]},"properties":{"FID":117,"Id":118,"gridcode":3}},{"type":"Feature","id":118,"geometry":{"type":"Polygon","coordinates":[[[105.25777052193686,-5.548577927484061],[105.25777056121234,-5.5486683912060419],[105.25777060048846,-5.5487588549277458],[105.257860887295,-5.5487588155674468],[105.25786080871589,-5.5485778881250534],[105.25777052193686,-5.548577927484061]]]},"properties":{"FID":118,"Id":119,"gridcode":2}},{"type":"Feature","id":119,"geometry":{"type":"Polygon","coordinates":[[[105.25740953169995,-5.5489399396788448],[105.25736433805518,-5.5488240955240347],[105.25731924486264,-5.5489399789715153],[105.25740953169995,-5.5489399396788448]]]},"properties":{"FID":119,"Id":120,"gridcode":4}},{"type":"Feature","id":120,"geometry":{"type":"Polygon","coordinates":[[[105.2575901053726,-5.5489398610521539],[105.25754491169324,-5.5488240169127785],[105.2574998185366,-5.5489399003723916],[105.2575901053726,-5.5489398610521539]]]},"properties":{"FID":120,"Id":121,"gridcode":3}},{"type":"Feature","id":121,"geometry":{"type":"Polygon","coordinates":[[[105.25740957092299,-5.5490304034023001],[105.25740953169995,-5.5489399396788448],[105.25731924486264,-5.5489399789715153],[105.25731928407194,-5.5490304426956145],[105.25740957092299,-5.5490304034023001]]]},"properties":{"FID":121,"Id":122,"gridcode":3}},{"type":"Feature","id":122,"geometry":{"type":"Polygon","coordinates":[[[105.25740957092299,-5.5490304034023001],[105.25759014462315,-5.5490303247743187],[105.2575901053726,-5.5489398610521539],[105.2574998185366,-5.5489399003723916],[105.25740953169995,-5.5489399396788448],[105.25740957092299,-5.5490304034023001]]]},"properties":{"FID":122,"Id":123,"gridcode":2}},{"type":"Feature","id":123,"geometry":{"type":"Polygon","coordinates":[[[105.25722911481071,-5.5493018731477184],[105.25719818835969,-5.549196634975333],[105.25711830172838,-5.5492692854279522],[105.25722911481071,-5.5493018731477184]]]},"properties":{"FID":123,"Id":124,"gridcode":4}},{"type":"Feature","id":124,"geometry":{"type":"Polygon","coordinates":[[[105.2567779151218,-5.5498448517052488],[105.25677787598923,-5.5497543879797746],[105.25668758902357,-5.5497544271817425],[105.25668762814239,-5.5498448909078597],[105.2567779151218,-5.5498448517052488]]]},"properties":{"FID":124,"Id":125,"gridcode":3}},{"type":"Feature","id":125,"geometry":{"type":"Polygon","coordinates":[[[105.2567779151218,-5.5498448517052488],[105.25689353297815,-5.5497995696130449],[105.25677787598923,-5.5497543879797746],[105.2567779151218,-5.5498448517052488]]]},"properties":{"FID":125,"Id":126,"gridcode":2}},{"type":"Feature","id":126,"geometry":{"type":"Polygon","coordinates":[[[105.25668766726184,-5.5499353546336998],[105.25668762814239,-5.5498448909078597],[105.25659734116232,-5.5498449300966834],[105.25659738026802,-5.5499353938231666],[105.25668766726184,-5.5499353546336998]]]},"properties":{"FID":126,"Id":127,"gridcode":3}},{"type":"Feature","id":127,"geometry":{"type":"Polygon","coordinates":[[[105.25668766726184,-5.5499353546336998],[105.25677795425503,-5.5499353154304467],[105.2567779151218,-5.5498448517052488],[105.25668762814239,-5.5498448909078597],[105.25668766726184,-5.5499353546336998]]]},"properties":{"FID":127,"Id":128,"gridcode":2}},{"type":"Feature","id":128,"geometry":{"type":"Polygon","coordinates":[[[105.25641680627842,-5.5499354721607412],[105.25659738026802,-5.5499353938231666],[105.25659734116232,-5.5498449300966834],[105.25668762814239,-5.5498448909078597],[105.25668758902357,-5.5497544271817425],[105.25665076214304,-5.5496815657194727],[105.25644707203004,-5.5497849217095476],[105.25641680627842,-5.5499354721607412]]]},"properties":{"FID":128,"Id":129,"gridcode":4}},{"type":"Feature","id":129,"geometry":{"type":"Polygon","coordinates":[[[105.25659741937437,-5.5500258575493735],[105.25668770638195,-5.5500258183592637],[105.25668766726184,-5.5499353546336998],[105.25659738026802,-5.5499353938231666],[105.25659741937437,-5.5500258575493735]]]},"properties":{"FID":129,"Id":130,"gridcode":2}},{"type":"Feature","id":130,"geometry":{"type":"Polygon","coordinates":[[[105.25632659741343,-5.5501164387648387],[105.25632655834772,-5.5500259750369807],[105.25623627133756,-5.5500260141719435],[105.25623631038951,-5.5501164779004428],[105.25632659741343,-5.5501164387648387]]]},"properties":{"FID":130,"Id":131,"gridcode":3}},{"type":"Feature","id":131,"geometry":{"type":"Polygon","coordinates":[[[105.25641684535725,-5.5500259358882325],[105.25650713236614,-5.5500258967256961],[105.25659741937437,-5.5500258575493735],[105.25659738026802,-5.5499353938231666],[105.25641680627842,-5.5499354721607412],[105.25641684535725,-5.5500259358882325]]]},"properties":{"FID":131,"Id":132,"gridcode":3}},{"type":"Feature","id":132,"geometry":{"type":"Polygon","coordinates":[[[105.25470146970257,-5.5502076048354034],[105.25470143088388,-5.5501171410963064],[105.25458581277988,-5.5501624227699322],[105.25470146970257,-5.5502076048354034]]]},"properties":{"FID":132,"Id":133,"gridcode":3}},{"type":"Feature","id":133,"geometry":{"type":"Polygon","coordinates":[[[105.25479175675122,-5.5502075659335395],[105.25479171791878,-5.5501171021950801],[105.25470143088388,-5.5501171410963064],[105.25470146970257,-5.5502076048354034],[105.25479175675122,-5.5502075659335395]]]},"properties":{"FID":133,"Id":134,"gridcode":2}},{"type":"Feature","id":134,"geometry":{"type":"Polygon","coordinates":[[[105.25488204379924,-5.5502075270178892],[105.25488200495303,-5.5501170632800685],[105.25479171791878,-5.5501171021950801],[105.25479175675122,-5.5502075659335395],[105.25488204379924,-5.5502075270178892]]]},"properties":{"FID":134,"Id":135,"gridcode":3}},{"type":"Feature","id":135,"geometry":{"type":"Polygon","coordinates":[[[105.25515290493941,-5.5502074101882135],[105.25515286605193,-5.5501169464523086],[105.25506257901961,-5.5501169854086818],[105.25506261789333,-5.5502074491452262],[105.25515290493941,-5.5502074101882135]]]},"properties":{"FID":135,"Id":136,"gridcode":3}},{"type":"Feature","id":136,"geometry":{"type":"Polygon","coordinates":[[[105.25614606240377,-5.5502069807511241],[105.25623634944212,-5.550206941628665],[105.25623631038951,-5.5501164779004428],[105.25614602336492,-5.5501165170222597],[105.25614606240377,-5.5502069807511241]]]},"properties":{"FID":136,"Id":137,"gridcode":3}},{"type":"Feature","id":137,"geometry":{"type":"Polygon","coordinates":[[[105.25632659741343,-5.5501164387648387],[105.25650717145938,-5.5501163604522699],[105.25650713236614,-5.5500258967256961],[105.25641684535725,-5.5500259358882325],[105.25632655834772,-5.5500259750369807],[105.25632659741343,-5.5501164387648387]]]},"properties":{"FID":137,"Id":138,"gridcode":2}},{"type":"Feature","id":138,"geometry":{"type":"Polygon","coordinates":[[[105.25596552733711,-5.5502975226845486],[105.25596548832515,-5.5502070589546797],[105.25587520128487,-5.5502070980357763],[105.25587524028307,-5.5502975617662873],[105.25596552733711,-5.5502975226845486]]]},"properties":{"FID":138,"Id":139,"gridcode":3}},{"type":"Feature","id":139,"geometry":{"type":"Polygon","coordinates":[[[105.25596552733711,-5.5502975226845486],[105.25605581439051,-5.5502974835890235],[105.25605577536479,-5.550207019859795],[105.25596548832515,-5.5502070589546797],[105.25596552733711,-5.5502975226845486]]]},"properties":{"FID":139,"Id":140,"gridcode":2}},{"type":"Feature","id":140,"geometry":{"type":"Polygon","coordinates":[[[105.25479183441803,-5.5503884934096286],[105.25479179558431,-5.5502980296717226],[105.25470150852189,-5.5502980685742243],[105.25470154734187,-5.550388532312768],[105.25479183441803,-5.5503884934096286]]]},"properties":{"FID":140,"Id":141,"gridcode":3}},{"type":"Feature","id":141,"geometry":{"type":"Polygon","coordinates":[[[105.25533355686157,-5.5503882597012524],[105.25533351794529,-5.550297795967178],[105.25521789986061,-5.5503430777635385],[105.25533355686157,-5.5503882597012524]]]},"properties":{"FID":141,"Id":142,"gridcode":3}},{"type":"Feature","id":142,"geometry":{"type":"Polygon","coordinates":[[[105.25578499221348,-5.5503880645651114],[105.25587527928192,-5.5503880254965203],[105.25587524028307,-5.5502975617662873],[105.2557849532284,-5.550297600834238],[105.25578499221348,-5.5503880645651114]]]},"properties":{"FID":142,"Id":143,"gridcode":3}},{"type":"Feature","id":143,"geometry":{"type":"Polygon","coordinates":[[[105.25434032150153,-5.5502077603049855],[105.25428037827545,-5.5502381762573041],[105.25421978737909,-5.5504033168581905],[105.25443064733079,-5.5502981851990034],[105.25443060855275,-5.5502077214582703],[105.25434032150153,-5.5502077603049855]]]},"properties":{"FID":143,"Id":144,"gridcode":3}},{"type":"Feature","id":144,"geometry":{"type":"Polygon","coordinates":[[[105.25479183441803,-5.5503884934096286],[105.25506269564269,-5.5503883766174855],[105.25506261789333,-5.5502074491452262],[105.25506257901961,-5.5501169854086818],[105.25488200495303,-5.5501170632800685],[105.25488204379924,-5.5502075270178892],[105.25499936306883,-5.5502599700877857],[105.25479179558431,-5.5502980296717226],[105.25479183441803,-5.5503884934096286]]]},"properties":{"FID":144,"Id":145,"gridcode":4}},{"type":"Feature","id":145,"geometry":{"type":"Polygon","coordinates":[[[105.25551416994873,-5.5504786454206778],[105.25551413100428,-5.5503881816881586],[105.25542384393324,-5.5503882207016],[105.25542388286394,-5.5504786844347578],[105.25551416994873,-5.5504786454206778]]]},"properties":{"FID":145,"Id":146,"gridcode":3}},{"type":"Feature","id":146,"geometry":{"type":"Polygon","coordinates":[[[105.25551413100428,-5.5503881816881586],[105.25569470514439,-5.5503881036199152],[105.25560436372085,-5.5502619267950335],[105.25551413100428,-5.5503881816881586]]]},"properties":{"FID":146,"Id":147,"gridcode":5}},{"type":"Feature","id":147,"geometry":{"type":"Polygon","coordinates":[[[105.25569474411637,-5.5504785673511545],[105.25578503119922,-5.5504785282957103],[105.25578499221348,-5.5503880645651114],[105.25569470514439,-5.5503881036199152],[105.25569474411637,-5.5504785673511545]]]},"properties":{"FID":147,"Id":148,"gridcode":3}},{"type":"Feature","id":148,"geometry":{"type":"Polygon","coordinates":[[[105.25551413100428,-5.5503881816881586],[105.25560436372085,-5.5502619267950335],[105.25569470514439,-5.5503881036199152],[105.25578499221348,-5.5503880645651114],[105.2557849532284,-5.550297600834238],[105.25587524028307,-5.5502975617662873],[105.25587520128487,-5.5502070980357763],[105.25596548832515,-5.5502070589546797],[105.25605577536479,-5.550207019859795],[105.25614606240377,-5.5502069807511241],[105.25614602336492,-5.5501165170222597],[105.25623631038951,-5.5501164779004428],[105.25623627133756,-5.5500260141719435],[105.25632655834772,-5.5500259750369807],[105.25641684535725,-5.5500259358882325],[105.25641680627842,-5.5499354721607412],[105.25580777396706,-5.5499587476838235],[105.2556716115575,-5.5500937106444947],[105.25515286605193,-5.5501169464523086],[105.25515290493941,-5.5502074101882135],[105.25533347902963,-5.5502073322328283],[105.25533351794529,-5.550297795967178],[105.25533355686157,-5.5503882597012524],[105.25542384393324,-5.5503882207016],[105.25551413100428,-5.5503881816881586]]]},"properties":{"FID":148,"Id":149,"gridcode":4}},{"type":"Feature","id":149,"geometry":{"type":"Polygon","coordinates":[[[105.25470162498372,-5.5505694597890285],[105.25470158616247,-5.5504789960510363],[105.25461129907188,-5.5504790349410253],[105.25461133787937,-5.5505694986796561],[105.25470162498372,-5.5505694597890285]]]},"properties":{"FID":149,"Id":150,"gridcode":5}},{"type":"Feature","id":150,"geometry":{"type":"Polygon","coordinates":[[[105.25470162498372,-5.5505694597890285],[105.25481724315573,-5.5505241780901393],[105.25470158616247,-5.5504789960510363],[105.25470162498372,-5.5505694597890285]]]},"properties":{"FID":150,"Id":151,"gridcode":3}},{"type":"Feature","id":151,"geometry":{"type":"Polygon","coordinates":[[[105.25551416994873,-5.5504786454206778],[105.25569474411637,-5.5504785673511545],[105.25569470514439,-5.5503881036199152],[105.25551413100428,-5.5503881816881586],[105.25551416994873,-5.5504786454206778]]]},"properties":{"FID":151,"Id":152,"gridcode":4}},{"type":"Feature","id":152,"geometry":{"type":"Polygon","coordinates":[[[105.25361821834605,-5.55066038931189],[105.25358729244473,-5.5505551509292301],[105.25350740517389,-5.550627800919413],[105.25361821834605,-5.55066038931189]]]},"properties":{"FID":152,"Id":153,"gridcode":4}},{"type":"Feature","id":153,"geometry":{"type":"Polygon","coordinates":[[[105.25461137668751,-5.550659962418008],[105.2547016638056,-5.5506599235267435],[105.25470162498372,-5.5505694597890285],[105.25461133787937,-5.5505694986796561],[105.25461137668751,-5.550659962418008]]]},"properties":{"FID":153,"Id":154,"gridcode":3}},{"type":"Feature","id":154,"geometry":{"type":"Polygon","coordinates":[[[105.25551416994873,-5.5504786454206778],[105.25560451138882,-5.5506048222577844],[105.25569474411637,-5.5504785673511545],[105.25551416994873,-5.5504786454206778]]]},"properties":{"FID":154,"Id":155,"gridcode":3}},{"type":"Feature","id":155,"geometry":{"type":"Polygon","coordinates":[[[105.25298620845209,-5.5506606601029667],[105.25288982659337,-5.5504699672874631],[105.25268500002434,-5.5506227343652972],[105.25298620845209,-5.5506606601029667]]]},"properties":{"FID":155,"Id":156,"gridcode":4}},{"type":"Feature","id":156,"geometry":{"type":"Polygon","coordinates":[[[105.25334735696676,-5.5506605054479383],[105.25328612919837,-5.5505441547160732],[105.25304532975734,-5.5506213137280396],[105.25334735696676,-5.5506605054479383]]]},"properties":{"FID":156,"Id":157,"gridcode":4}},{"type":"Feature","id":157,"geometry":{"type":"Polygon","coordinates":[[[105.25379875391144,-5.5505698480748338],[105.25384118753431,-5.550678197233152],[105.25400476904029,-5.5506151956138723],[105.25388904102157,-5.5505698093082998],[105.25379875391144,-5.5505698480748338]]]},"properties":{"FID":157,"Id":158,"gridcode":3}},{"type":"Feature","id":158,"geometry":{"type":"Polygon","coordinates":[[[105.25452112836378,-5.5507504650341986],[105.25449020229908,-5.5506452267066404],[105.25441031513272,-5.5507178768141072],[105.25452112836378,-5.5507504650341986]]]},"properties":{"FID":158,"Id":159,"gridcode":5}},{"type":"Feature","id":159,"geometry":{"type":"Polygon","coordinates":[[[105.25361833432017,-5.5509317805462874],[105.2536182956615,-5.5508413168017645],[105.25350267732664,-5.5508865982727107],[105.25361833432017,-5.5509317805462874]]]},"properties":{"FID":159,"Id":160,"gridcode":4}},{"type":"Feature","id":160,"geometry":{"type":"Polygon","coordinates":[[[105.25361833432017,-5.5509317805462874],[105.2537086214866,-5.5509317418047885],[105.25370858281417,-5.5508412780609007],[105.2536182956615,-5.5508413168017645],[105.25361833432017,-5.5509317805462874]]]},"properties":{"FID":160,"Id":161,"gridcode":5}},{"type":"Feature","id":161,"geometry":{"type":"Polygon","coordinates":[[[105.25416005730919,-5.5509315478904613],[105.25412913129676,-5.5508263095421535],[105.25404924406061,-5.5508989596035274],[105.25416005730919,-5.5509315478904613]]]},"properties":{"FID":161,"Id":162,"gridcode":5}},{"type":"Feature","id":162,"geometry":{"type":"Polygon","coordinates":[[[105.25443091879507,-5.5509314313763962],[105.25452120595573,-5.5509313925107966],[105.25452116715944,-5.5508409287726357],[105.25443088001252,-5.5508409676375976],[105.25443091879507,-5.5509314313763962]]]},"properties":{"FID":162,"Id":163,"gridcode":3}},{"type":"Feature","id":163,"geometry":{"type":"Polygon","coordinates":[[[105.25343787588267,-5.5512032492236365],[105.25339268280652,-5.5510874047463235],[105.25334758867302,-5.551203287925671],[105.25343787588267,-5.5512032492236365]]]},"properties":{"FID":163,"Id":164,"gridcode":5}},{"type":"Feature","id":164,"geometry":{"type":"Polygon","coordinates":[[[105.25379898602672,-5.5511126305351759],[105.25397956041145,-5.5511125529806913],[105.25388921922324,-5.5509863758851052],[105.25379898602672,-5.5511126305351759]]]},"properties":{"FID":164,"Id":165,"gridcode":5}},{"type":"Feature","id":165,"geometry":{"type":"MultiPolygon","coordinates":[[[[105.25415994108738,-5.5506601566675062],[105.25412741642759,-5.550771186642474],[105.25405490819826,-5.5506911431578283],[105.25415994108738,-5.5506601566675062],[105.25419246573585,-5.5505491266908917],[105.25426497396474,-5.5506291701589934],[105.25415994108738,-5.5506601566675062]]],[[[105.25452112836378,-5.5507504650341986],[105.25441031513272,-5.5507178768141072],[105.25449020229908,-5.5506452267066404],[105.25452112836378,-5.5507504650341986]],[[105.25379898602672,-5.5511126305351759],[105.25388921922324,-5.5509863758851052],[105.25397956041145,-5.5511125529806913],[105.2540994470634,-5.5510517211235166],[105.25416005730919,-5.5509315478904613],[105.25404924406061,-5.5508989596035274],[105.25412913129676,-5.5508263095421535],[105.25416005730919,-5.5509315478904613],[105.25443091879507,-5.5509314313763962],[105.25443088001252,-5.5508409676375976],[105.25452116715944,-5.5508409287726357],[105.2546114543057,-5.5508408898938839],[105.25461137668751,-5.550659962418008],[105.25461133787937,-5.5505694986796561],[105.25461129907188,-5.5504790349410253],[105.25470158616247,-5.5504789960510363],[105.25470154734187,-5.550388532312768],[105.25470150852189,-5.5502980685742243],[105.25443064733079,-5.5502981851990034],[105.25421978737909,-5.5504033168581905],[105.25428037827545,-5.5502381762573041],[105.25434032150153,-5.5502077603049855],[105.25427124601725,-5.5499894809740011],[105.2540260580103,-5.5502548517573924],[105.25393236598173,-5.5503419068349231],[105.25388904102157,-5.5505698093082998],[105.25400476904029,-5.5506151956138723],[105.25384118753431,-5.550678197233152],[105.25379875391144,-5.5505698480748338],[105.25370846680069,-5.5505698868275797],[105.25370858281417,-5.5508412780609007],[105.2537086214866,-5.5509317418047885],[105.25361833432017,-5.5509317805462874],[105.25367904736702,-5.5510519016780631],[105.25379898602672,-5.5511126305351759]]]]},"properties":{"FID":165,"Id":166,"gridcode":4}},{"type":"Feature","id":166,"geometry":{"type":"Polygon","coordinates":[[[105.25334758867302,-5.551203287925671],[105.25339278175038,-5.551319132405979],[105.25343787588267,-5.5512032492236365],[105.25334758867302,-5.551203287925671]]]},"properties":{"FID":166,"Id":167,"gridcode":4}},{"type":"Feature","id":167,"geometry":{"type":"Polygon","coordinates":[[[105.2530768041982,-5.5513843314432076],[105.25316709143731,-5.5513842927812744],[105.25316705284423,-5.5512938290349618],[105.25307676561891,-5.5512938676962618],[105.2530768041982,-5.5513843314432076]]]},"properties":{"FID":167,"Id":168,"gridcode":3}},{"type":"Feature","id":168,"geometry":{"type":"Polygon","coordinates":[[[105.25343799178572,-5.5514746404568669],[105.25343795315074,-5.551384176712733],[105.25334766591355,-5.5513842154160367],[105.25334770453479,-5.5514746791608047],[105.25343799178572,-5.5514746404568669]]]},"properties":{"FID":168,"Id":169,"gridcode":3}},{"type":"Feature","id":169,"geometry":{"type":"Polygon","coordinates":[[[105.25343803042135,-5.5515651042007246],[105.2533298926016,-5.5516076207632405],[105.25339277118742,-5.5517715223273667],[105.25343806905761,-5.5516555679443051],[105.25343803042135,-5.5515651042007246]]]},"properties":{"FID":169,"Id":170,"gridcode":5}},{"type":"Feature","id":170,"geometry":{"type":"Polygon","coordinates":[[[105.2537090082462,-5.55183637922846],[105.25370896956737,-5.5517459154873379],[105.25361868227705,-5.5517459542345531],[105.25361872094214,-5.5518364179763102],[105.2537090082462,-5.55183637922846]]]},"properties":{"FID":170,"Id":171,"gridcode":3}},{"type":"Feature","id":171,"geometry":{"type":"Polygon","coordinates":[[[105.25361872094214,-5.5518364179763102],[105.25351368781499,-5.5518674043800562],[105.2535861961253,-5.5519474479246798],[105.25361872094214,-5.5518364179763102]]]},"properties":{"FID":171,"Id":172,"gridcode":5}},{"type":"Feature","id":172,"geometry":{"type":"Polygon","coordinates":[[[105.2536188369412,-5.5521078091999252],[105.25382640514746,-5.5520697499977105],[105.25370908560581,-5.5520173067098764],[105.2536187982742,-5.5520173454589967],[105.2536188369412,-5.5521078091999252]]]},"properties":{"FID":172,"Id":173,"gridcode":3}},{"type":"Feature","id":173,"geometry":{"type":"Polygon","coordinates":[[[105.25307711285558,-5.5521080414088297],[105.2530771900263,-5.5522889688974697],[105.25316747740304,-5.5522889302291976],[105.25316740020477,-5.552108002741825],[105.25307711285558,-5.5521080414088297]]]},"properties":{"FID":173,"Id":174,"gridcode":3}},{"type":"Feature","id":174,"geometry":{"type":"Polygon","coordinates":[[[105.25325784200747,-5.5524698190321331],[105.25330303517534,-5.55258566351075],[105.25334812941045,-5.5524697803350076],[105.25325784200747,-5.5524698190321331]]]},"properties":{"FID":174,"Id":175,"gridcode":2}},{"type":"Feature","id":175,"geometry":{"type":"Polygon","coordinates":[[[105.25343841681281,-5.5524697416240896],[105.25339318331072,-5.5522594906692788],[105.25334812941045,-5.5524697803350076],[105.25343841681281,-5.5524697416240896]]]},"properties":{"FID":175,"Id":176,"gridcode":3}},{"type":"Feature","id":176,"geometry":{"type":"Polygon","coordinates":[[[105.25334812941045,-5.5524697803350076],[105.25339318331072,-5.5522594906692788],[105.25343841681281,-5.5524697416240896],[105.2535287042145,-5.552469702899379],[105.25352854959519,-5.552107847935889],[105.2536188369412,-5.5521078091999252],[105.2536187982742,-5.5520173454589967],[105.25370908560581,-5.5520173067098764],[105.2537090082462,-5.55183637922846],[105.25361872094214,-5.5518364179763102],[105.2535861961253,-5.5519474479246798],[105.25351368781499,-5.5518674043800562],[105.25361872094214,-5.5518364179763102],[105.25361868227705,-5.5517459542345531],[105.25343806905761,-5.5516555679443051],[105.25339277118742,-5.5517715223273667],[105.2533298926016,-5.5516076207632405],[105.25343803042135,-5.5515651042007246],[105.25343799178572,-5.5514746404568669],[105.25334770453479,-5.5514746791608047],[105.25334766591355,-5.5513842154160367],[105.25316705284423,-5.5512938290349618],[105.25316709143731,-5.5513842927812744],[105.2530768041982,-5.5513843314432076],[105.25301689935647,-5.5515052110215972],[105.25295646853498,-5.5520469551836271],[105.25307711285558,-5.5521080414088297],[105.25316740020477,-5.552108002741825],[105.25316747740304,-5.5522889302291976],[105.25316755460385,-5.5524698577154652],[105.25325784200747,-5.5524698190321331],[105.25334812941045,-5.5524697803350076]]]},"properties":{"FID":176,"Id":177,"gridcode":4}},{"type":"Feature","id":177,"geometry":{"type":"Polygon","coordinates":[[[105.25361933967037,-5.5532838378068332],[105.25357414638246,-5.5531679933603844],[105.2535290521454,-5.5532838765510508],[105.25361933967037,-5.5532838378068332]]]},"properties":{"FID":177,"Id":178,"gridcode":3}},{"type":"Feature","id":178,"geometry":{"type":"Polygon","coordinates":[[[105.2535290521454,-5.5532838765510508],[105.25357424543451,-5.5533997210004955],[105.25361933967037,-5.5532838378068332],[105.2535290521454,-5.5532838765510508]]]},"properties":{"FID":178,"Id":179,"gridcode":2}},{"type":"Feature","id":179,"geometry":{"type":"Polygon","coordinates":[[[105.25289742513949,-5.5541887847831797],[105.25289738656794,-5.5540983210435391],[105.25280709891395,-5.5540983596830964],[105.25280713747172,-5.5541888234233712],[105.25289742513949,-5.5541887847831797]]]},"properties":{"FID":179,"Id":180,"gridcode":3}},{"type":"Feature","id":180,"geometry":{"type":"Polygon","coordinates":[[[105.25289742513949,-5.5541887847831797],[105.253013044158,-5.5541435034042035],[105.25289738656794,-5.5540983210435391],[105.25289742513949,-5.5541887847831797]]]},"properties":{"FID":180,"Id":181,"gridcode":2}},{"type":"Feature","id":181,"geometry":{"type":"Polygon","coordinates":[[[105.25280717603015,-5.5542792871633679],[105.25289746371169,-5.5542792485225441],[105.25289742513949,-5.5541887847831797],[105.25280713747172,-5.5541888234233712],[105.25280717603015,-5.5542792871633679]]]},"properties":{"FID":181,"Id":182,"gridcode":2}},{"type":"Feature","id":182,"geometry":{"type":"Polygon","coordinates":[[[105.25271696543918,-5.5544602532708263],[105.25280725314889,-5.5544602146425328],[105.2528072145892,-5.5543697509030885],[105.25271692689324,-5.5543697895307478],[105.25271696543918,-5.5544602532708263]]]},"properties":{"FID":182,"Id":183,"gridcode":2}},{"type":"Feature","id":183,"geometry":{"type":"Polygon","coordinates":[[[105.25280717603015,-5.5542792871633679],[105.25259955819131,-5.554316043637467],[105.25266749412548,-5.5545762205131179],[105.25271696543918,-5.5544602532708263],[105.25271692689324,-5.5543697895307478],[105.2528072145892,-5.5543697509030885],[105.25280717603015,-5.5542792871633679]]]},"properties":{"FID":183,"Id":184,"gridcode":3}},{"type":"Feature","id":184,"geometry":{"type":"Polygon","coordinates":[[[105.25253650557678,-5.554731721708384],[105.25249131237344,-5.5546158771801553],[105.25244621782383,-5.5547317602971802],[105.25253650557678,-5.554731721708384]]]},"properties":{"FID":184,"Id":185,"gridcode":3}},{"type":"Feature","id":185,"geometry":{"type":"Polygon","coordinates":[[[105.25244621782383,-5.5547317602971802],[105.25249141102837,-5.5548476048284057],[105.25253650557678,-5.554731721708384],[105.25244621782383,-5.5547317602971802]]]},"properties":{"FID":185,"Id":186,"gridcode":2}},{"type":"Feature","id":186,"geometry":{"type":"Polygon","coordinates":[[[105.25235608404762,-5.5550936538365177],[105.25231089084811,-5.5549778092955515],[105.25226579623829,-5.5550936924002441],[105.25235608404762,-5.5550936538365177]]]},"properties":{"FID":186,"Id":187,"gridcode":3}},{"type":"Feature","id":187,"geometry":{"type":"Polygon","coordinates":[[[105.25226579623829,-5.5550936924002441],[105.25231098943901,-5.5552095369442052],[105.25235608404762,-5.5550936538365177],[105.25226579623829,-5.5550936924002441]]]},"properties":{"FID":187,"Id":188,"gridcode":2}},{"type":"Feature","id":188,"geometry":{"type":"Polygon","coordinates":[[[105.25217573924823,-5.5556365133959611],[105.25214481329988,-5.5555312749556336],[105.2520649252011,-5.5556039247771958],[105.25217573924823,-5.5556365133959611]]]},"properties":{"FID":188,"Id":189,"gridcode":2}},{"type":"Feature","id":189,"geometry":{"type":"Polygon","coordinates":[[[105.2519954710362,-5.5563603003843181],[105.25210050503986,-5.5563293142153141],[105.25202799635927,-5.55624927051546],[105.2519954710362,-5.5563603003843181]]]},"properties":{"FID":189,"Id":190,"gridcode":3}},{"type":"Feature","id":190,"geometry":{"type":"Polygon","coordinates":[[[105.2519954710362,-5.5563603003843181],[105.2519051830315,-5.556360338901678],[105.25190525990406,-5.5565412663807541],[105.2519955479363,-5.5565412278621311],[105.25199550948594,-5.5564507641233636],[105.2519954710362,-5.5563603003843181]]]},"properties":{"FID":190,"Id":191,"gridcode":3}},{"type":"Feature","id":191,"geometry":{"type":"Polygon","coordinates":[[[105.25190537521769,-5.5568126575972938],[105.25199566329125,-5.5568126190767781],[105.25208595136419,-5.5568125805424593],[105.25208579750377,-5.5564507255915681],[105.25199550948594,-5.5564507641233636],[105.2519955479363,-5.5565412278621311],[105.25190525990406,-5.5565412663807541],[105.25190537521769,-5.5568126575972938]]]},"properties":{"FID":191,"Id":192,"gridcode":2}},{"type":"Feature","id":192,"geometry":{"type":"Polygon","coordinates":[[[105.25190537521769,-5.5568126575972938],[105.25195060861796,-5.5570229086419252],[105.25199566329125,-5.5568126190767781],[105.25190537521769,-5.5568126575972938]]]},"properties":{"FID":192,"Id":193,"gridcode":3}},{"type":"Feature","id":193,"geometry":{"type":"Polygon","coordinates":[[[105.25217647032891,-5.557355324408582],[105.25214554427697,-5.5572500859784757],[105.25206565595622,-5.5573227358064345],[105.25217647032891,-5.557355324408582]]]},"properties":{"FID":193,"Id":194,"gridcode":3}},{"type":"Feature","id":194,"geometry":{"type":"Polygon","coordinates":[[[105.25235704663693,-5.5573552472633461],[105.25232612055338,-5.5572500088441528],[105.25224623225586,-5.5573226586955355],[105.25235704663693,-5.5573552472633461]]]},"properties":{"FID":194,"Id":195,"gridcode":2}},{"type":"Feature","id":195,"geometry":{"type":"Polygon","coordinates":[[[105.25289908431975,-5.5580787253260038],[105.25286815809768,-5.5579734869438662],[105.25278826977645,-5.5580461368682261],[105.25289908431975,-5.5580787253260038]]]},"properties":{"FID":195,"Id":196,"gridcode":3}},{"type":"Feature","id":196,"geometry":{"type":"Polygon","coordinates":[[[105.25307973809306,-5.5582595754018698],[105.25304881182845,-5.5581543370317279],[105.25296892350708,-5.5582269869801912],[105.25307973809306,-5.5582595754018698]]]},"properties":{"FID":196,"Id":197,"gridcode":3}},{"type":"Feature","id":197,"geometry":{"type":"Polygon","coordinates":[[[105.25326039197661,-5.5584404254163307],[105.25322946566946,-5.5583351870581863],[105.25314957734797,-5.558407837030753],[105.25326039197661,-5.5584404254163307]]]},"properties":{"FID":197,"Id":198,"gridcode":3}},{"type":"Feature","id":198,"geometry":{"type":"Polygon","coordinates":[[[105.25344135547745,-5.559344985137634],[105.25339853130284,-5.5585889531159483],[105.25331251232475,-5.5592490425034633],[105.25344135547745,-5.559344985137634]]]},"properties":{"FID":198,"Id":199,"gridcode":2}},{"type":"Feature","id":199,"geometry":{"type":"Polygon","coordinates":[[[105.25344151024632,-5.5597068400151173],[105.25340272510928,-5.559408783329121],[105.25332004480929,-5.5596428044707018],[105.25344151024632,-5.5597068400151173]]]},"properties":{"FID":199,"Id":200,"gridcode":2}},{"type":"Feature","id":200,"geometry":{"type":"Polygon","coordinates":[[[105.25028175614014,-5.5605223621131765],[105.2502508302296,-5.560417123587321],[105.25017094125556,-5.5604897731809029],[105.25028175614014,-5.5605223621131765]]]},"properties":{"FID":200,"Id":201,"gridcode":4}},{"type":"Feature","id":201,"geometry":{"type":"Polygon","coordinates":[[[105.25046237168418,-5.5606127492408737],[105.2504171384754,-5.5604024980962059],[105.25037208302101,-5.5606127875530618],[105.25046237168418,-5.5606127492408737]]]},"properties":{"FID":201,"Id":202,"gridcode":3}},{"type":"Feature","id":202,"geometry":{"type":"Polygon","coordinates":[[[105.25290020396793,-5.560702173310105],[105.25286927758761,-5.5605969349435886],[105.2527893889274,-5.560669584877755],[105.25290020396793,-5.560702173310105]]]},"properties":{"FID":202,"Id":203,"gridcode":3}},{"type":"Feature","id":203,"geometry":{"type":"Polygon","coordinates":[[[105.24974013863161,-5.5607939828348121],[105.24974010049601,-5.5607035190933498],[105.24962447994169,-5.5607487998906464],[105.24974013863161,-5.5607939828348121]]]},"properties":{"FID":203,"Id":204,"gridcode":3}},{"type":"Feature","id":204,"geometry":{"type":"Polygon","coordinates":[[[105.25290028120482,-5.5608831007487005],[105.25286935481358,-5.5607778623832624],[105.25278946613,-5.5608505123181056],[105.25290028120482,-5.5608831007487005]]]},"properties":{"FID":204,"Id":205,"gridcode":2}},{"type":"Feature","id":205,"geometry":{"type":"Polygon","coordinates":[[[105.25019162030631,-5.5608842553509978],[105.25046248642182,-5.5608841404502307],[105.25046244817531,-5.5607936767140549],[105.25046237168418,-5.5606127492408737],[105.25037208302101,-5.5606127875530618],[105.25023189789903,-5.560683916929821],[105.25019162030631,-5.5608842553509978]]]},"properties":{"FID":205,"Id":206,"gridcode":4}},{"type":"Feature","id":206,"geometry":{"type":"Polygon","coordinates":[[[105.24378115782127,-5.5609774021616918],[105.24382634989232,-5.5610932473861299],[105.24387144658512,-5.5609773648554279],[105.24378115782127,-5.5609774021616918]]]},"properties":{"FID":206,"Id":207,"gridcode":3}},{"type":"Feature","id":207,"geometry":{"type":"Polygon","coordinates":[[[105.25019162030631,-5.5608842553509978],[105.25019165851209,-5.5609747190887768],[105.25064310210374,-5.5609745275152935],[105.25064302555492,-5.5607936000457281],[105.25046244817531,-5.5607936767140549],[105.25046248642182,-5.5608841404502307],[105.25019162030631,-5.5608842553509978]]]},"properties":{"FID":207,"Id":208,"gridcode":3}},{"type":"Feature","id":208,"geometry":{"type":"Polygon","coordinates":[[[105.2508237178389,-5.561064914522313],[105.25082367953597,-5.5609744507892014],[105.25073339082017,-5.5609744891591548],[105.2507334291093,-5.5610649528928935],[105.2508237178389,-5.561064914522313]]]},"properties":{"FID":208,"Id":209,"gridcode":4}},{"type":"Feature","id":209,"geometry":{"type":"Polygon","coordinates":[[[105.24983061808311,-5.5612462633180977],[105.2497996922081,-5.5611410247692659],[105.24971980308236,-5.5612136743068792],[105.24983061808311,-5.5612462633180977]]]},"properties":{"FID":209,"Id":210,"gridcode":3}},{"type":"Feature","id":210,"geometry":{"type":"Polygon","coordinates":[[[105.25271981960678,-5.5611545692685906],[105.25268356731461,-5.5609490029378756],[105.25260245101799,-5.5611043053639024],[105.25271981960678,-5.5611545692685906]]]},"properties":{"FID":210,"Id":211,"gridcode":3}},{"type":"Feature","id":211,"geometry":{"type":"Polygon","coordinates":[[[105.24486477252225,-5.5613388086694151],[105.24486473512745,-5.5612483448961738],[105.24474911405362,-5.5612936247586964],[105.24486477252225,-5.5613388086694151]]]},"properties":{"FID":211,"Id":212,"gridcode":5}},{"type":"Feature","id":212,"geometry":{"type":"Polygon","coordinates":[[[105.25064317865508,-5.5611554549837514],[105.25073346739909,-5.5611554166263568],[105.2507335056895,-5.5612458803595413],[105.25082379444666,-5.561245841987704],[105.25082375614247,-5.5611553782551475],[105.2508237178389,-5.561064914522313],[105.2507334291093,-5.5610649528928935],[105.25073339082017,-5.5609744891591548],[105.25064310210374,-5.5609745275152935],[105.25064317865508,-5.5611554549837514]]]},"properties":{"FID":212,"Id":213,"gridcode":3}},{"type":"Feature","id":213,"geometry":{"type":"Polygon","coordinates":[[[105.2509141215218,-5.5613362673337043],[105.25091408320318,-5.561245803602052],[105.25082379444666,-5.561245841987704],[105.25082383275148,-5.5613363057199834],[105.2509141215218,-5.5613362673337043]]]},"properties":{"FID":213,"Id":214,"gridcode":3}},{"type":"Feature","id":214,"geometry":{"type":"Polygon","coordinates":[[[105.24531621657405,-5.5613386211588285],[105.24536140897079,-5.5614544662498631],[105.24540650538255,-5.5613385836152665],[105.24531621657405,-5.5613386211588285]]]},"properties":{"FID":214,"Id":215,"gridcode":5}},{"type":"Feature","id":215,"geometry":{"type":"Polygon","coordinates":[[[105.24955978990069,-5.5613368416773259],[105.2495235386824,-5.5611312751046906],[105.24944242151496,-5.5612865771339237],[105.24955978990069,-5.5613368416773259]]]},"properties":{"FID":215,"Id":216,"gridcode":3}},{"type":"Feature","id":216,"geometry":{"type":"Polygon","coordinates":[[[105.25037242712693,-5.5614269611792997],[105.2504627159142,-5.5614269228614681],[105.25046267766389,-5.5613364591269541],[105.25037238889041,-5.5613364974441586],[105.25037242712693,-5.5614269611792997]]]},"properties":{"FID":216,"Id":217,"gridcode":3}},{"type":"Feature","id":217,"geometry":{"type":"Polygon","coordinates":[[[105.25082379444666,-5.561245841987704],[105.25091408320318,-5.561245803602052],[105.2509141215218,-5.5613362673337043],[105.25100441029149,-5.5613362289336097],[105.25100433362732,-5.5611553014712856],[105.25082375614247,-5.5611553782551475],[105.25082379444666,-5.561245841987704]]]},"properties":{"FID":217,"Id":218,"gridcode":4}},{"type":"Feature","id":218,"geometry":{"type":"Polygon","coordinates":[[[105.25118502618957,-5.5614266158214631],[105.25118498782895,-5.5613361520919735],[105.25109469906054,-5.5613361905196994],[105.25109473740736,-5.561426654249817],[105.25118502618957,-5.5614266158214631]]]},"properties":{"FID":218,"Id":219,"gridcode":4}},{"type":"Feature","id":219,"geometry":{"type":"Polygon","coordinates":[[[105.24513571382938,-5.561519623746479],[105.24507448641771,-5.5614032721839832],[105.24483368141145,-5.5614804280654875],[105.24513571382938,-5.561519623746479]]]},"properties":{"FID":219,"Id":220,"gridcode":5}},{"type":"Feature","id":220,"geometry":{"type":"Polygon","coordinates":[[[105.25064325520896,-5.5613363824510991],[105.25068848858341,-5.5615466335649684],[105.25073354398053,-5.5613363440924486],[105.25064325520896,-5.5613363824510991]]]},"properties":{"FID":220,"Id":221,"gridcode":3}},{"type":"Feature","id":221,"geometry":{"type":"Polygon","coordinates":[[[105.25290039706495,-5.5611544919045164],[105.25281010833618,-5.5611545305934609],[105.25281026277013,-5.561516385466537],[105.25290055155403,-5.5615163467750603],[105.25290039706495,-5.5611544919045164]]]},"properties":{"FID":221,"Id":222,"gridcode":4}},{"type":"Feature","id":222,"geometry":{"type":"Polygon","coordinates":[[[105.25290039706495,-5.5611544919045164],[105.25290055155403,-5.5615163467750603],[105.25299084033732,-5.561516308069768],[105.25299068579307,-5.5611544532017581],[105.25290039706495,-5.5611544919045164]]]},"properties":{"FID":222,"Id":223,"gridcode":3}},{"type":"Feature","id":223,"geometry":{"type":"Polygon","coordinates":[[[105.24504553726602,-5.5617910525625431],[105.24501461219729,-5.5616858137282721],[105.24493472238542,-5.5617584626460701],[105.24504553726602,-5.5617910525625431]]]},"properties":{"FID":223,"Id":224,"gridcode":5}},{"type":"Feature","id":224,"geometry":{"type":"Polygon","coordinates":[[[105.24937940277103,-5.561789236728969],[105.24934847694246,-5.5616839981560906],[105.24926858768838,-5.5617566476370524],[105.24937940277103,-5.561789236728969]]]},"properties":{"FID":224,"Id":225,"gridcode":3}},{"type":"Feature","id":225,"geometry":{"type":"MultiPolygon","coordinates":[[[[105.24983061808311,-5.5612462633180977],[105.24971980308236,-5.5612136743068792],[105.2497996922081,-5.5611410247692659],[105.24983061808311,-5.5612462633180977]]],[[[105.24955978990069,-5.5613368416773259],[105.24944242151496,-5.5612865771339237],[105.2495235386824,-5.5611312751046906],[105.24955978990069,-5.5613368416773259]],[[105.24974010049601,-5.5607035190933498],[105.24980045936412,-5.5606567986879032],[105.24962070565869,-5.5605736975742559],[105.24952028883288,-5.5609355950760646],[105.24941840862557,-5.5610144546958207],[105.24933997338822,-5.5615581042686024],[105.24964048594232,-5.5617380708400441],[105.2497809819676,-5.561555538914722],[105.24998967898075,-5.5615863488051733],[105.24992272010661,-5.5611336841679178],[105.25013371483605,-5.5609703649611788],[105.25002074992373,-5.5607544557409083],[105.2498756345485,-5.5609429895010294],[105.24979111193043,-5.5608333695350609],[105.24974013863161,-5.5607939828348121],[105.24962447994169,-5.5607487998906464],[105.24974010049601,-5.5607035190933498]]]]},"properties":{"FID":225,"Id":226,"gridcode":4}},{"type":"Feature","id":226,"geometry":{"type":"Polygon","coordinates":[[[105.24621933025402,-5.5618810276798207],[105.24618840497403,-5.561775788916818],[105.2461085153015,-5.5618484379875035],[105.24621933025402,-5.5618810276798207]]]},"properties":{"FID":226,"Id":227,"gridcode":4}},{"type":"Feature","id":227,"geometry":{"type":"Polygon","coordinates":[[[105.25019196418111,-5.5616984289810389],[105.2500740945753,-5.5617535084046681],[105.25037258007931,-5.561788816117093],[105.25037254184028,-5.5616983523830603],[105.25019196418111,-5.5616984289810389]]]},"properties":{"FID":227,"Id":228,"gridcode":3}},{"type":"Feature","id":228,"geometry":{"type":"Polygon","coordinates":[[[105.2509141215218,-5.5613362673337043],[105.25071627987793,-5.5617340703011111],[105.25082402428512,-5.5617886243772308],[105.25095927801264,-5.5615180989138375],[105.2510045252925,-5.5616076201250184],[105.25112441435046,-5.5615467887828967],[105.25118502618957,-5.5614266158214631],[105.25109473740736,-5.561426654249817],[105.25109469906054,-5.5613361905196994],[105.25100441029149,-5.5613362289336097],[105.2509141215218,-5.5613362673337043]]]},"properties":{"FID":228,"Id":229,"gridcode":3}},{"type":"Feature","id":229,"geometry":{"type":"Polygon","coordinates":[[[105.25082402428512,-5.5617886243772308],[105.2508549503787,-5.5618938628603516],[105.2509348394463,-5.5618212131728537],[105.25082402428512,-5.5617886243772308]]]},"properties":{"FID":229,"Id":230,"gridcode":3}},{"type":"Feature","id":230,"geometry":{"type":"Polygon","coordinates":[[[105.25019211703078,-5.5620602839205233],[105.25019207881742,-5.561969820186067],[105.2501017899455,-5.5619698584662114],[105.25010182814508,-5.5620603222012939],[105.25019211703078,-5.5620602839205233]]]},"properties":{"FID":230,"Id":231,"gridcode":3}},{"type":"Feature","id":231,"geometry":{"type":"Polygon","coordinates":[[[105.25037258007931,-5.561788816117093],[105.25030167640189,-5.5619318858818092],[105.25040193860264,-5.5620001213233579],[105.2504629071752,-5.5618792415298817],[105.25046286892174,-5.5617887777967523],[105.25037258007931,-5.561788816117093]]]},"properties":{"FID":231,"Id":232,"gridcode":3}},{"type":"Feature","id":232,"geometry":{"type":"Polygon","coordinates":[[[105.2505532725672,-5.5620601306592707],[105.25066889329385,-5.562014849673659],[105.25055323429868,-5.5619696669273226],[105.2505532725672,-5.5620601306592707]]]},"properties":{"FID":232,"Id":233,"gridcode":3}},{"type":"Feature","id":233,"geometry":{"type":"Polygon","coordinates":[[[105.24450391600914,-5.5620626686247787],[105.24446682985121,-5.5615568500578849],[105.2442911750306,-5.561286825862557],[105.24384735027185,-5.5611729034725625],[105.24374452448683,-5.5615703640886069],[105.24419607519106,-5.5618283535498376],[105.24432622796967,-5.562017059263904],[105.24450391600914,-5.5620626686247787]]]},"properties":{"FID":233,"Id":234,"gridcode":5}},{"type":"Feature","id":234,"geometry":{"type":"Polygon","coordinates":[[[105.24694175446766,-5.562152117080247],[105.2469417167501,-5.5620616533236618],[105.24685142784185,-5.5620616911070258],[105.24685146554559,-5.5621521548642301],[105.24694175446766,-5.562152117080247]]]},"properties":{"FID":234,"Id":235,"gridcode":3}},{"type":"Feature","id":235,"geometry":{"type":"Polygon","coordinates":[[[105.25028244414361,-5.5621507093594866],[105.25028240591583,-5.5620602456259354],[105.25019211703078,-5.5620602839205233],[105.25019215524476,-5.5621507476547007],[105.25028244414361,-5.5621507093594866]]]},"properties":{"FID":235,"Id":236,"gridcode":3}},{"type":"Feature","id":236,"geometry":{"type":"Polygon","coordinates":[[[105.25046302193941,-5.5621506327276071],[105.25055331083637,-5.5621505943909417],[105.2505532725672,-5.5620601306592707],[105.25046298368403,-5.5620601689953091],[105.25046302193941,-5.5621506327276071]]]},"properties":{"FID":236,"Id":237,"gridcode":3}},{"type":"Feature","id":237,"geometry":{"type":"Polygon","coordinates":[[[105.25272024417302,-5.5621496701658506],[105.2527202055729,-5.5620592064493035],[105.25262991670498,-5.562059245116945],[105.25262995529131,-5.5621497088341254],[105.25272024417302,-5.5621496701658506]]]},"properties":{"FID":237,"Id":238,"gridcode":3}},{"type":"Feature","id":238,"geometry":{"type":"Polygon","coordinates":[[[105.25082421583457,-5.562240943027553],[105.25077902232115,-5.5621250984083934],[105.25073392692573,-5.5622409814062976],[105.25082421583457,-5.562240943027553]]]},"properties":{"FID":238,"Id":239,"gridcode":3}},{"type":"Feature","id":239,"geometry":{"type":"Polygon","coordinates":[[[105.25145623817876,-5.5622406739894554],[105.25141104454391,-5.5621248294242935],[105.25136594927434,-5.5622407124649209],[105.25145623817876,-5.5622406739894554]]]},"properties":{"FID":239,"Id":240,"gridcode":4}},{"type":"Feature","id":240,"geometry":{"type":"Polygon","coordinates":[[[105.24504572440266,-5.5622433714115367],[105.24500049294781,-5.5620331197830764],[105.24495543545379,-5.5622434089059736],[105.24504572440266,-5.5622433714115367]]]},"properties":{"FID":240,"Id":241,"gridcode":5}},{"type":"Feature","id":241,"geometry":{"type":"Polygon","coordinates":[[[105.24513605079389,-5.5623337976716369],[105.24524108625555,-5.5623028126660268],[105.24516857769706,-5.5622227681309671],[105.24513605079389,-5.5623337976716369]]]},"properties":{"FID":241,"Id":242,"gridcode":5}},{"type":"Feature","id":242,"geometry":{"type":"Polygon","coordinates":[[[105.24649034750038,-5.5622427696213865],[105.24653554019959,-5.562358614605734],[105.24658063643872,-5.5622427318920558],[105.24649034750038,-5.5622427696213865]]]},"properties":{"FID":242,"Id":243,"gridcode":5}},{"type":"Feature","id":243,"geometry":{"type":"Polygon","coordinates":[[[105.24667085002346,-5.5620617666323042],[105.24658056111333,-5.5620618043742178],[105.24658063643872,-5.5622427318920558],[105.24667092537642,-5.5622426941489067],[105.24667085002346,-5.5620617666323042]]]},"properties":{"FID":243,"Id":244,"gridcode":5}},{"type":"Feature","id":244,"geometry":{"type":"Polygon","coordinates":[[[105.25091454306836,-5.562331368363596],[105.25091450474278,-5.562240904634991],[105.25082421583457,-5.562240943027553],[105.25082425414637,-5.5623314067567859],[105.25091454306836,-5.562331368363596]]]},"properties":{"FID":244,"Id":245,"gridcode":3}},{"type":"Feature","id":245,"geometry":{"type":"Polygon","coordinates":[[[105.25163681598568,-5.5622405969970723],[105.25168200967374,-5.5623564415420876],[105.25172710488818,-5.5622405584801546],[105.25163681598568,-5.5622405969970723]]]},"properties":{"FID":245,"Id":246,"gridcode":5}},{"type":"Feature","id":246,"geometry":{"type":"Polygon","coordinates":[[[105.25244941608534,-5.5622402498473926],[105.25248034249107,-5.5623454882295622],[105.25256023140781,-5.5622728383293518],[105.25244941608534,-5.5622402498473926]]]},"properties":{"FID":246,"Id":247,"gridcode":5}},{"type":"Feature","id":247,"geometry":{"type":"Polygon","coordinates":[[[105.24621933025402,-5.5618810276798207],[105.2461085153015,-5.5618484379875035],[105.24618840497403,-5.561775788916818],[105.24621933025402,-5.5618810276798207]],[[105.24649034750038,-5.5622427696213865],[105.24645259229796,-5.5620996264695188],[105.24614385697556,-5.5620181550748153],[105.24636496927307,-5.5619326050067039],[105.24631036956964,-5.5616563675157451],[105.24560705761539,-5.5614816591102452],[105.24527864338658,-5.5616342077842962],[105.24570294925022,-5.5619386459320168],[105.24581093349903,-5.5622188242448374],[105.24590340562513,-5.5620894428069736],[105.24607129321321,-5.5623239285925656],[105.24621942821101,-5.5621166668199882],[105.24635087866916,-5.5623002612798969],[105.24649034750038,-5.5622427696213865]]]},"properties":{"FID":247,"Id":248,"gridcode":5}},{"type":"Feature","id":248,"geometry":{"type":"Polygon","coordinates":[[[105.24928934237569,-5.5623320573269392],[105.24932697773895,-5.5621888825294663],[105.24946081549315,-5.5620926844816632],[105.24929044565376,-5.5618419694595254],[105.24916131914664,-5.5622402023674322],[105.24928934237569,-5.5623320573269392]]]},"properties":{"FID":248,"Id":249,"gridcode":4}},{"type":"Feature","id":249,"geometry":{"type":"Polygon","coordinates":[[[105.25028255883075,-5.5624221005584804],[105.25028252060106,-5.5623316368257587],[105.25019223167465,-5.5623316751222269],[105.25019226989052,-5.5624221388555739],[105.25028255883075,-5.5624221005584804]]]},"properties":{"FID":249,"Id":250,"gridcode":3}},{"type":"Feature","id":250,"geometry":{"type":"Polygon","coordinates":[[[105.2501017899455,-5.5619698584662114],[105.24995577366207,-5.5618972138499378],[105.24989093132166,-5.5620897374511262],[105.25013151805965,-5.5622115536980665],[105.25019223167465,-5.5623316751222269],[105.25028252060106,-5.5623316368257587],[105.25028244414361,-5.5621507093594866],[105.25019215524476,-5.5621507476547007],[105.25019211703078,-5.5620602839205233],[105.25010182814508,-5.5620603222012939],[105.2501017899455,-5.5619698584662114]]]},"properties":{"FID":250,"Id":251,"gridcode":4}},{"type":"Feature","id":251,"geometry":{"type":"Polygon","coordinates":[[[105.25028244414361,-5.5621507093594866],[105.25028252060106,-5.5623316368257587],[105.25037280952687,-5.5623315985154749],[105.25037277128402,-5.5622411347831031],[105.25037273304183,-5.562150671050456],[105.25028244414361,-5.5621507093594866]]]},"properties":{"FID":251,"Id":252,"gridcode":3}},{"type":"Feature","id":252,"geometry":{"type":"Polygon","coordinates":[[[105.25073400352235,-5.5624219088657432],[105.25073396522373,-5.5623314451361594],[105.25061834444192,-5.5623767261366002],[105.25073400352235,-5.5624219088657432]]]},"properties":{"FID":252,"Id":253,"gridcode":3}},{"type":"Feature","id":253,"geometry":{"type":"Polygon","coordinates":[[[105.25100483198973,-5.5623313299565877],[105.25154656550464,-5.5623310992243749],[105.25154652708254,-5.5622406355001726],[105.25145623817876,-5.5622406739894554],[105.25136594927434,-5.5622407124649209],[105.25118537146362,-5.5622407893744015],[105.25118529473161,-5.5620598619201322],[105.2508978969224,-5.5620962971191092],[105.25107649554484,-5.5621867265634775],[105.25100483198973,-5.5623313299565877]]]},"properties":{"FID":253,"Id":254,"gridcode":5}},{"type":"Feature","id":254,"geometry":{"type":"Polygon","coordinates":[[[105.24603901554391,-5.562514349346567],[105.24614405098286,-5.5624833641810536],[105.24607154228403,-5.5624033197638312],[105.24603901554391,-5.562514349346567]]]},"properties":{"FID":254,"Id":255,"gridcode":5}},{"type":"Feature","id":255,"geometry":{"type":"Polygon","coordinates":[[[105.24974082517997,-5.5624223301337787],[105.24968936704295,-5.5621196018285195],[105.24952084351746,-5.5622523522965892],[105.24974082517997,-5.5624223301337787]]]},"properties":{"FID":255,"Id":256,"gridcode":4}},{"type":"Feature","id":256,"geometry":{"type":"Polygon","coordinates":[[[105.24974082517997,-5.5624223301337787],[105.24977175112176,-5.562527568678604],[105.24985164041081,-5.5624549191295038],[105.24974082517997,-5.5624223301337787]]]},"properties":{"FID":256,"Id":257,"gridcode":4}},{"type":"Feature","id":257,"geometry":{"type":"Polygon","coordinates":[[[105.25172725869078,-5.5626024133702581],[105.25169633240159,-5.5624971749440624],[105.25161644334459,-5.5625698247329147],[105.25172725869078,-5.5626024133702581]]]},"properties":{"FID":257,"Id":258,"gridcode":5}},{"type":"Feature","id":258,"geometry":{"type":"Polygon","coordinates":[[[105.2525398592812,-5.5626020660734925],[105.25263014823251,-5.5626020274158723],[105.25263010964299,-5.5625115637000766],[105.25253982070548,-5.5625116023570644],[105.2525398592812,-5.5626020660734925]]]},"properties":{"FID":258,"Id":259,"gridcode":4}},{"type":"Feature","id":259,"geometry":{"type":"Polygon","coordinates":[[[105.25028259706106,-5.5625125642909232],[105.250282635292,-5.5626030280230907],[105.2504632132257,-5.5626029513849407],[105.25055350219161,-5.5626029130451391],[105.25048251017085,-5.5624624561535905],[105.25028255883075,-5.5624221005584804],[105.25028259706106,-5.5625125642909232]]]},"properties":{"FID":259,"Id":260,"gridcode":3}},{"type":"Feature","id":260,"geometry":{"type":"Polygon","coordinates":[[[105.25055350219161,-5.5626029130451391],[105.25080788181046,-5.5625706639428465],[105.25073400352235,-5.5624219088657432],[105.25061834444192,-5.5623767261366002],[105.25073396522373,-5.5623314451361594],[105.25073392692573,-5.5622409814062976],[105.25077902232115,-5.5621250984083934],[105.25082421583457,-5.562240943027553],[105.25091450474278,-5.562240904634991],[105.25091454306836,-5.562331368363596],[105.25100483198973,-5.5623313299565877],[105.25107649554484,-5.5621867265634775],[105.2508978969224,-5.5620962971191092],[105.25118529473161,-5.5620598619201322],[105.25104150199186,-5.5618420468450616],[105.2510045252925,-5.5616076201250184],[105.25095927801264,-5.5615180989138375],[105.25082402428512,-5.5617886243772308],[105.2509348394463,-5.5618212131728537],[105.2508549503787,-5.5618938628603516],[105.25082402428512,-5.5617886243772308],[105.25071627987793,-5.5617340703011111],[105.2509141215218,-5.5613362673337043],[105.25082383275148,-5.5613363057199834],[105.25073354398053,-5.5613363440924486],[105.25068848858341,-5.5615466335649684],[105.25064325520896,-5.5613363824510991],[105.25064321693169,-5.5612459187175629],[105.2507335056895,-5.5612458803595413],[105.25073346739909,-5.5611554166263568],[105.25064317865508,-5.5611554549837514],[105.25038879962841,-5.5611877039895736],[105.25046267766389,-5.5613364591269541],[105.2504627159142,-5.5614269228614681],[105.25037242712693,-5.5614269611792997],[105.25034212112602,-5.5614870476227001],[105.25011906587095,-5.5615516464769383],[105.25019196418111,-5.5616984289810389],[105.25037254184028,-5.5616983523830603],[105.25037258007931,-5.561788816117093],[105.25046286892174,-5.5617887777967523],[105.2504629071752,-5.5618792415298817],[105.25055319603079,-5.5618792031950983],[105.25055323429868,-5.5619696669273226],[105.25066889329385,-5.562014849673659],[105.2505532725672,-5.5620601306592707],[105.25055331083637,-5.5621505943909417],[105.25046302193941,-5.5621506327276071],[105.2504630601954,-5.5622410964596281],[105.25037277128402,-5.5622411347831031],[105.25037280952687,-5.5623315985154749],[105.25028252060106,-5.5623316368257587],[105.25028255883075,-5.5624221005584804],[105.25048251017085,-5.5624624561535905],[105.25055350219161,-5.5626029130451391]]]},"properties":{"FID":260,"Id":261,"gridcode":4}},{"type":"Feature","id":261,"geometry":{"type":"Polygon","coordinates":[[[105.25136614125336,-5.5626930310894558],[105.25145643022672,-5.5626929926108417],[105.25145639181586,-5.562602528887119],[105.25136610285628,-5.5626025673651025],[105.25136614125336,-5.5626930310894558]]]},"properties":{"FID":261,"Id":262,"gridcode":4}},{"type":"Feature","id":262,"geometry":{"type":"Polygon","coordinates":[[[105.25253989785756,-5.5626925297896435],[105.2525398592812,-5.5626020660734925],[105.25244957032925,-5.5626021047172944],[105.25244960889182,-5.5626925684340778],[105.25253989785756,-5.5626925297896435]]]},"properties":{"FID":262,"Id":263,"gridcode":4}},{"type":"Feature","id":263,"geometry":{"type":"Polygon","coordinates":[[[105.24621963111923,-5.5626047377687016],[105.24621966873019,-5.562695201528566],[105.24630995773934,-5.5626951638376028],[105.24651924346561,-5.5626471275628591],[105.24621963111923,-5.5626047377687016]]]},"properties":{"FID":263,"Id":264,"gridcode":5}},{"type":"Feature","id":264,"geometry":{"type":"Polygon","coordinates":[[[105.25136617965106,-5.5627834948135311],[105.25136614125336,-5.5626930310894558],[105.25127585227935,-5.5626930695542507],[105.25127589066327,-5.5627835332789557],[105.25136617965106,-5.5627834948135311]]]},"properties":{"FID":264,"Id":265,"gridcode":4}},{"type":"Feature","id":265,"geometry":{"type":"Polygon","coordinates":[[[105.25217874199079,-5.5626926842844711],[105.25244960889182,-5.5626925684340778],[105.25244957032925,-5.5626021047172944],[105.2525398592812,-5.5626020660734925],[105.25253982070548,-5.5625116023570644],[105.25263010964299,-5.5625115637000766],[105.25263007105411,-5.5624210999840047],[105.25212124118333,-5.5624585584191362],[105.25217874199079,-5.5626926842844711]]]},"properties":{"FID":265,"Id":266,"gridcode":5}},{"type":"Feature","id":266,"geometry":{"type":"Polygon","coordinates":[[[105.25244964745502,-5.5627830321505849],[105.25253993643456,-5.5627829935055182],[105.25253989785756,-5.5626925297896435],[105.25244960889182,-5.5626925684340778],[105.25244964745502,-5.5627830321505849]]]},"properties":{"FID":266,"Id":267,"gridcode":3}},{"type":"Feature","id":267,"geometry":{"type":"Polygon","coordinates":[[[105.25253989785756,-5.5626925297896435],[105.25272047578711,-5.56269245245932],[105.2527203599772,-5.562421061313831],[105.25263007105411,-5.5624210999840047],[105.25263010964299,-5.5625115637000766],[105.25263014823251,-5.5626020274158723],[105.2525398592812,-5.5626020660734925],[105.25253989785756,-5.5626925297896435]]]},"properties":{"FID":267,"Id":268,"gridcode":3}},{"type":"Feature","id":268,"geometry":{"type":"Polygon","coordinates":[[[105.24658090009716,-5.5628759781957626],[105.24668593556682,-5.5628449929325603],[105.24661342675124,-5.5627649485881285],[105.24658090009716,-5.5628759781957626]]]},"properties":{"FID":268,"Id":269,"gridcode":5}},{"type":"Feature","id":269,"geometry":{"type":"Polygon","coordinates":[[[105.25055361701234,-5.5628743042343336],[105.25055357873813,-5.5627838405048795],[105.25046328974464,-5.5627838788459369],[105.25046332800505,-5.5628743425760181],[105.25055361701234,-5.5628743042343336]]]},"properties":{"FID":269,"Id":270,"gridcode":4}},{"type":"Feature","id":270,"geometry":{"type":"Polygon","coordinates":[[[105.25118564004559,-5.5628740354556179],[105.25127592904782,-5.5628739970033827],[105.25127589066327,-5.5627835332789557],[105.25118560167485,-5.5627835717305611],[105.25118564004559,-5.5628740354556179]]]},"properties":{"FID":270,"Id":271,"gridcode":4}},{"type":"Feature","id":271,"geometry":{"type":"Polygon","coordinates":[[[105.25136617965106,-5.5627834948135311],[105.25139710589958,-5.5628887332579948],[105.25147699502611,-5.5628160834964637],[105.25136617965106,-5.5627834948135311]]]},"properties":{"FID":271,"Id":272,"gridcode":4}},{"type":"Feature","id":272,"geometry":{"type":"Polygon","coordinates":[[[105.25217878051262,-5.5627831480028735],[105.25244964745502,-5.5627830321505849],[105.25244960889182,-5.5626925684340778],[105.25217874199079,-5.5626926842844711],[105.25217878051262,-5.5627831480028735]]]},"properties":{"FID":272,"Id":273,"gridcode":4}},{"type":"Feature","id":273,"geometry":{"type":"Polygon","coordinates":[[[105.24965076504803,-5.5629651507647635],[105.24961983910113,-5.5628599122152114],[105.24953994972982,-5.5629325617356589],[105.24965076504803,-5.5629651507647635]]]},"properties":{"FID":273,"Id":274,"gridcode":3}},{"type":"Feature","id":274,"geometry":{"type":"Polygon","coordinates":[[[105.25064394430763,-5.5629647296073816],[105.25064390601899,-5.5628742658788308],[105.25055361701234,-5.5628743042343336],[105.25055365528718,-5.5629647679635115],[105.25064394430763,-5.5629647296073816]]]},"properties":{"FID":274,"Id":275,"gridcode":4}},{"type":"Feature","id":275,"geometry":{"type":"Polygon","coordinates":[[[105.2519079905273,-5.5629641911705514],[105.25180295535156,-5.5629951773521489],[105.25187546486968,-5.5630752210253558],[105.2519079905273,-5.5629641911705514]]]},"properties":{"FID":275,"Id":276,"gridcode":5}},{"type":"Feature","id":276,"geometry":{"type":"Polygon","coordinates":[[[105.25217874199079,-5.5626926842844711],[105.25197879048254,-5.5626523292733276],[105.25185856079084,-5.5624144576184253],[105.25178724174208,-5.5626624613483413],[105.25163007034985,-5.5627422097111436],[105.25187759503461,-5.5628136668382124],[105.2519079905273,-5.5629641911705514],[105.25202858543612,-5.5629040660858369],[105.25217881903508,-5.5628736117209971],[105.25217878051262,-5.5627831480028735],[105.25217874199079,-5.5626926842844711]]]},"properties":{"FID":276,"Id":277,"gridcode":5}},{"type":"Feature","id":277,"geometry":{"type":"Polygon","coordinates":[[[105.25208860705848,-5.5630545777481011],[105.25217889608193,-5.5630545391564148],[105.25217885755819,-5.5629640754388454],[105.25208856854853,-5.5629641140298993],[105.25208860705848,-5.5630545777481011]]]},"properties":{"FID":277,"Id":278,"gridcode":3}},{"type":"Feature","id":278,"geometry":{"type":"Polygon","coordinates":[[[105.25217878051262,-5.5627831480028735],[105.25217881903508,-5.5628736117209971],[105.25217885755819,-5.5629640754388454],[105.25241934160648,-5.5628431186915419],[105.25244964745502,-5.5627830321505849],[105.25217878051262,-5.5627831480028735]]]},"properties":{"FID":278,"Id":279,"gridcode":3}},{"type":"Feature","id":279,"geometry":{"type":"Polygon","coordinates":[[[105.25091477303515,-5.5628741507294093],[105.2509148496958,-5.5630550781824644],[105.25109542775857,-5.5630550013445745],[105.25109535104275,-5.5628740738940339],[105.25118564004559,-5.5628740354556179],[105.25118560167485,-5.5627835717305611],[105.25127589066327,-5.5627835332789557],[105.25127585227935,-5.5626930695542507],[105.251165036937,-5.5626604808318563],[105.25124492606388,-5.5625878311012968],[105.25127585227935,-5.5626930695542507],[105.25136614125336,-5.5626930310894558],[105.25136610285628,-5.5626025673651025],[105.25145639181586,-5.562602528887119],[105.25140787064799,-5.5623903196520352],[105.25104676760867,-5.5625147376416955],[105.25100483198973,-5.5623313299565877],[105.25091454306836,-5.562331368363596],[105.25091458139457,-5.5624218320919239],[105.25073400352235,-5.5624219088657432],[105.25080788181046,-5.5625706639428465],[105.25055350219161,-5.5626029130451391],[105.25061351085031,-5.5627237414661694],[105.25064390601899,-5.5628742658788308],[105.25064394430763,-5.5629647296073816],[105.25070388899418,-5.5629343139702394],[105.25077044896062,-5.562802348377077],[105.25091477303515,-5.5628741507294093],[105.25094729886592,-5.5627631209191755],[105.2510198082433,-5.5628431647047023],[105.25091477303515,-5.5628741507294093]]]},"properties":{"FID":279,"Id":280,"gridcode":3}},{"type":"Feature","id":280,"geometry":{"type":"Polygon","coordinates":[[[105.25109542775857,-5.5630550013445745],[105.25112635397598,-5.5631602398038025],[105.25120624317249,-5.5630875900764476],[105.25109542775857,-5.5630550013445745]]]},"properties":{"FID":280,"Id":281,"gridcode":5}},{"type":"Feature","id":281,"geometry":{"type":"Polygon","coordinates":[[[105.25001192115127,-5.5629649978100923],[105.24992887896296,-5.5631769076791775],[105.2501415846755,-5.5630651873563979],[105.25001192115127,-5.5629649978100923]]]},"properties":{"FID":281,"Id":282,"gridcode":5}},{"type":"Feature","id":282,"geometry":{"type":"Polygon","coordinates":[[[105.25118564004559,-5.5628740354556179],[105.25130636278362,-5.5631149850966786],[105.25136633324823,-5.5631453497070638],[105.25136625644838,-5.5629644222608512],[105.25154683447722,-5.5629643452860282],[105.25154668077479,-5.5626024903953164],[105.25145639181586,-5.562602528887119],[105.25145643022672,-5.5626929926108417],[105.25136614125336,-5.5626930310894558],[105.25136617965106,-5.5627834948135311],[105.25147699502611,-5.5628160834964637],[105.25139710589958,-5.5628887332579948],[105.25136617965106,-5.5627834948135311],[105.25127589066327,-5.5627835332789557],[105.25127592904782,-5.5628739970033827],[105.25118564004559,-5.5628740354556179]]]},"properties":{"FID":282,"Id":283,"gridcode":5}},{"type":"Feature","id":283,"geometry":{"type":"Polygon","coordinates":[[[105.2519081059763,-5.5632355823281134],[105.25199839502861,-5.5632355437628034],[105.25199835653117,-5.5631450800445243],[105.25190806749266,-5.5631451186092029],[105.2519081059763,-5.5632355823281134]]]},"properties":{"FID":283,"Id":284,"gridcode":3}},{"type":"Feature","id":284,"geometry":{"type":"Polygon","coordinates":[[[105.24685191803921,-5.5632377199290737],[105.24680936010918,-5.5629375631521993],[105.24676159125362,-5.5631472939521567],[105.24676162895103,-5.5632377577066556],[105.24685191803921,-5.5632377199290737]]]},"properties":{"FID":284,"Id":285,"gridcode":5}},{"type":"Feature","id":285,"geometry":{"type":"Polygon","coordinates":[[[105.24947033943627,-5.5633270821031751],[105.24943941349925,-5.5632218435448602],[105.24935952405785,-5.5632944930431671],[105.24947033943627,-5.5633270821031751]]]},"properties":{"FID":285,"Id":286,"gridcode":4}},{"type":"Feature","id":286,"geometry":{"type":"Polygon","coordinates":[[[105.25037311549229,-5.5630553083644685],[105.25028282645617,-5.5630553466797688],[105.25028290292626,-5.5632362741405013],[105.25037319198996,-5.5632362358239478],[105.25037311549229,-5.5630553083644685]]]},"properties":{"FID":286,"Id":287,"gridcode":5}},{"type":"Feature","id":287,"geometry":{"type":"Polygon","coordinates":[[[105.25055380839287,-5.5633266228774509],[105.2505537701155,-5.5632361591493824],[105.25046348105305,-5.5632361974935751],[105.25046351931663,-5.5633266612222716],[105.25055380839287,-5.5633266228774509]]]},"properties":{"FID":287,"Id":288,"gridcode":3}},{"type":"Feature","id":288,"geometry":{"type":"Polygon","coordinates":[[[105.25064409746848,-5.5633265845188111],[105.25064405917733,-5.5632361207913696],[105.2505537701155,-5.5632361591493824],[105.25055380839287,-5.5633266228774509],[105.25064409746848,-5.5633265845188111]]]},"properties":{"FID":288,"Id":289,"gridcode":4}},{"type":"Feature","id":289,"geometry":{"type":"Polygon","coordinates":[[[105.25172752786976,-5.5632356594172725],[105.2516784202836,-5.5631208175964728],[105.25151987568485,-5.5631990803328017],[105.25172752786976,-5.5632356594172725]]]},"properties":{"FID":289,"Id":290,"gridcode":5}},{"type":"Feature","id":290,"geometry":{"type":"Polygon","coordinates":[[[105.25172756632645,-5.5633261231371662],[105.25181785539384,-5.5633260845988657],[105.25181781692336,-5.5632356208796034],[105.25172752786976,-5.5632356594172725],[105.25172756632645,-5.5633261231371662]]]},"properties":{"FID":290,"Id":291,"gridcode":3}},{"type":"Feature","id":291,"geometry":{"type":"Polygon","coordinates":[[[105.25028290292626,-5.5632362741405013],[105.25028294116225,-5.5633267378704518],[105.25046351931663,-5.5633266612222716],[105.25046348105305,-5.5632361974935751],[105.2505537701155,-5.5632361591493824],[105.25055369356267,-5.5630552316924113],[105.25037311549229,-5.5630553083644685],[105.25037319198996,-5.5632362358239478],[105.25028290292626,-5.5632362741405013]]]},"properties":{"FID":291,"Id":292,"gridcode":4}},{"type":"Feature","id":292,"geometry":{"type":"Polygon","coordinates":[[[105.25064409746848,-5.5633265845188111],[105.25120386932208,-5.5632882895253344],[105.25074728347822,-5.5631326090146684],[105.25064394430763,-5.5629647296073816],[105.25055365528718,-5.5629647679635115],[105.25055361701234,-5.5628743042343336],[105.25046332800505,-5.5628743425760181],[105.25046328974464,-5.5627838788459369],[105.25019340156751,-5.5629196239292185],[105.2503427586233,-5.5629952476666418],[105.25037311549229,-5.5630553083644685],[105.25055369356267,-5.5630552316924113],[105.2505537701155,-5.5632361591493824],[105.25064405917733,-5.5632361207913696],[105.25064409746848,-5.5633265845188111]]]},"properties":{"FID":292,"Id":293,"gridcode":5}},{"type":"Feature","id":293,"geometry":{"type":"Polygon","coordinates":[[[105.2497411303781,-5.5631460400156234],[105.2497411685307,-5.5632365037496081],[105.24978311309003,-5.5635407268862522],[105.24986088611588,-5.5632143856777017],[105.2497411303781,-5.5631460400156234]]]},"properties":{"FID":293,"Id":294,"gridcode":5}},{"type":"Feature","id":294,"geometry":{"type":"Polygon","coordinates":[[[105.25136652525894,-5.5635976683177448],[105.25145681437023,-5.5635976298328362],[105.25145677595303,-5.5635071661118829],[105.25136648685553,-5.5635072045961627],[105.25136652525894,-5.5635976683177448]]]},"properties":{"FID":294,"Id":295,"gridcode":4}},{"type":"Feature","id":295,"geometry":{"type":"Polygon","coordinates":[[[105.25136633324823,-5.5631453497070638],[105.25131041573613,-5.563278899019128],[105.25136648685553,-5.5635072045961627],[105.25145677595303,-5.5635071661118829],[105.25145662229055,-5.5631453112253029],[105.25136633324823,-5.5631453497070638]]]},"properties":{"FID":295,"Id":296,"gridcode":5}},{"type":"Feature","id":296,"geometry":{"type":"Polygon","coordinates":[[[105.25172725869078,-5.5626024133702581],[105.25161644334459,-5.5625698247329147],[105.25169633240159,-5.5624971749440624],[105.25172725869078,-5.5626024133702581]],[[105.25136633324823,-5.5631453497070638],[105.25145662229055,-5.5631453112253029],[105.25145677595303,-5.5635071661118829],[105.25154706504991,-5.5635071276137831],[105.2515469881898,-5.5633262001723072],[105.25172756632645,-5.5633261231371662],[105.25172752786976,-5.5632356594172725],[105.25151987568485,-5.5631990803328017],[105.2516784202836,-5.5631208175964728],[105.25172752786976,-5.5632356594172725],[105.25181781692336,-5.5632356208796034],[105.2519081059763,-5.5632355823281134],[105.25190806749266,-5.5631451186092029],[105.25199835653117,-5.5631450800445243],[105.2519983180344,-5.5630546163259682],[105.25208860705848,-5.5630545777481011],[105.25208856854853,-5.5629641140298993],[105.25217885755819,-5.5629640754388454],[105.25217881903508,-5.5628736117209971],[105.25202858543612,-5.5629040660858369],[105.2519079905273,-5.5629641911705514],[105.25187546486968,-5.5630752210253558],[105.25180295535156,-5.5629951773521489],[105.2519079905273,-5.5629641911705514],[105.25187759503461,-5.5628136668382124],[105.25163007034985,-5.5627422097111436],[105.25178724174208,-5.5626624613483413],[105.25185856079084,-5.5624144576184253],[105.25197879048254,-5.5626523292733276],[105.25217874199079,-5.5626926842844711],[105.25212124118333,-5.5624585584191362],[105.25263007105411,-5.5624210999840047],[105.2527203599772,-5.562421061313831],[105.25272024417302,-5.5621496701658506],[105.25262995529131,-5.5621497088341254],[105.25262991670498,-5.562059245116945],[105.25244933896721,-5.5620593224107786],[105.25244941608534,-5.5622402498473926],[105.25256023140781,-5.5622728383293518],[105.25248034249107,-5.5623454882295622],[105.25244941608534,-5.5622402498473926],[105.25172710488818,-5.5622405584801546],[105.25168200967374,-5.5623564415420876],[105.25163681598568,-5.5622405969970723],[105.25154652708254,-5.5622406355001726],[105.25154656550464,-5.5623310992243749],[105.25100483198973,-5.5623313299565877],[105.25104676760867,-5.5625147376416955],[105.25140787064799,-5.5623903196520352],[105.25145639181586,-5.562602528887119],[105.25154668077479,-5.5626024903953164],[105.25154683447722,-5.5629643452860282],[105.25136625644838,-5.5629644222608512],[105.25136633324823,-5.5631453497070638]]]},"properties":{"FID":296,"Id":297,"gridcode":4}},{"type":"Feature","id":297,"geometry":{"type":"MultiPolygon","coordinates":[[[[105.24513571382938,-5.561519623746479],[105.24483368141145,-5.5614804280654875],[105.24507448641771,-5.5614032721839832],[105.24513571382938,-5.561519623746479]]],[[[105.24504553726602,-5.5617910525625431],[105.24493472238542,-5.5617584626460701],[105.24501461219729,-5.5616858137282721],[105.24504553726602,-5.5617910525625431]],[[105.24685191803921,-5.5632377199290737],[105.24702501667758,-5.5634886888105495],[105.24729463967864,-5.5636363383493874],[105.24715361704034,-5.5631811791394696],[105.24688862922073,-5.562838900689357],[105.24678727217862,-5.5625678413604591],[105.24690497482179,-5.5623865749928578],[105.24694175446766,-5.562152117080247],[105.24685146554559,-5.5621521548642301],[105.24685142784185,-5.5620616911070258],[105.24667085002346,-5.5620617666323042],[105.24667092537642,-5.5622426941489067],[105.24658063643872,-5.5622427318920558],[105.24653554019959,-5.562358614605734],[105.24649034750038,-5.5622427696213865],[105.24635087866916,-5.5623002612798969],[105.24621942821101,-5.5621166668199882],[105.24607129321321,-5.5623239285925656],[105.24590340562513,-5.5620894428069736],[105.24581093349903,-5.5622188242448374],[105.24570294925022,-5.5619386459320168],[105.24527864338658,-5.5616342077842962],[105.24560705761539,-5.5614816591102452],[105.24631036956964,-5.5616563675157451],[105.24636496927307,-5.5619326050067039],[105.24614385697556,-5.5620181550748153],[105.24645259229796,-5.5620996264695188],[105.24649034750038,-5.5622427696213865],[105.24658063643872,-5.5622427318920558],[105.24658056111333,-5.5620618043742178],[105.24667085002346,-5.5620617666323042],[105.24646845637078,-5.5615633161782903],[105.2460787357773,-5.561479003104826],[105.24590635978986,-5.5613775762377342],[105.24581281503397,-5.5613892739400113],[105.24540650538255,-5.5613385836152665],[105.24536140897079,-5.5614544662498631],[105.24531621657405,-5.5613386211588285],[105.24486477252225,-5.5613388086694151],[105.24474911405362,-5.5612936247586964],[105.24486473512745,-5.5612483448961738],[105.24482538196868,-5.5611973057241082],[105.24413073027573,-5.56107936865362],[105.24387144658512,-5.5609773648554279],[105.24382634989232,-5.5610932473861299],[105.24378115782127,-5.5609774021616918],[105.24342000275976,-5.560977551248607],[105.24342015145285,-5.56133940638236],[105.24360072909514,-5.5613393318616531],[105.24363325624338,-5.5612283023916396],[105.24370576447502,-5.5613083471325471],[105.24360072909514,-5.5613393318616531],[105.24364346541263,-5.5616584817983128],[105.24446015078324,-5.5625789005495037],[105.24450391600914,-5.5620626686247787],[105.24432622796967,-5.562017059263904],[105.24419607519106,-5.5618283535498376],[105.24374452448683,-5.5615703640886069],[105.24384735027185,-5.5611729034725625],[105.2442911750306,-5.561286825862557],[105.24446682985121,-5.5615568500578849],[105.24450391600914,-5.5620626686247787],[105.2445597680402,-5.5620281561567699],[105.24472025993086,-5.5617669392370761],[105.24486315272263,-5.5621864905682834],[105.24495543545379,-5.5622434089059736],[105.24500049294781,-5.5620331197830764],[105.24504572440266,-5.5622433714115367],[105.24504576183185,-5.5623338351805049],[105.24513605079389,-5.5623337976716369],[105.24516857769706,-5.5622227681309671],[105.24524108625555,-5.5623028126660268],[105.24513605079389,-5.5623337976716369],[105.24523724673395,-5.5624603052098838],[105.24555581576715,-5.562272500952222],[105.24589857125626,-5.5624741797910291],[105.24603901554391,-5.562514349346567],[105.24607154228403,-5.5624033197638312],[105.24614405098286,-5.5624833641810536],[105.24603901554391,-5.562514349346567],[105.24603905312665,-5.5626048131079395],[105.24621963111923,-5.5626047377687016],[105.24651924346561,-5.5626471275628591],[105.24630995773934,-5.5626951638376028],[105.24634031419181,-5.5627552247625287],[105.24658090009716,-5.5628759781957626],[105.24661342675124,-5.5627649485881285],[105.24668593556682,-5.5628449929325603],[105.24658090009716,-5.5628759781957626],[105.24670162100404,-5.5631169288630593],[105.24676159125362,-5.5631472939521567],[105.24680936010918,-5.5629375631521993],[105.24685191803921,-5.5632377199290737]]]]},"properties":{"FID":297,"Id":298,"gridcode":4}},{"type":"Feature","id":298,"geometry":{"type":"Polygon","coordinates":[[[105.25046351931663,-5.5633266612222716],[105.25046363411116,-5.5635980524066984],[105.25055392322878,-5.5635980140599957],[105.25055380839287,-5.5633266228774509],[105.25046351931663,-5.5633266612222716]]]},"properties":{"FID":298,"Id":299,"gridcode":4}},{"type":"Feature","id":299,"geometry":{"type":"Polygon","coordinates":[[[105.25091511802803,-5.5636883242594299],[105.25091507969296,-5.5635978605349798],[105.25082479057787,-5.5635978989369654],[105.25082482889914,-5.5636883626620435],[105.25091511802803,-5.5636883242594299]]]},"properties":{"FID":299,"Id":300,"gridcode":3}},{"type":"Feature","id":300,"geometry":{"type":"Polygon","coordinates":[[[105.25091511802803,-5.5636883242594299],[105.25103073903612,-5.563643043192295],[105.25091507969296,-5.5635978605349798],[105.25091511802803,-5.5636883242594299]]]},"properties":{"FID":300,"Id":301,"gridcode":4}},{"type":"Feature","id":301,"geometry":{"type":"Polygon","coordinates":[[[105.25118598541091,-5.5636882089686646],[105.25127627453728,-5.5636881705107681],[105.25127623614701,-5.5635977067888334],[105.25118594703444,-5.563597745246101],[105.25118598541091,-5.5636882089686646]]]},"properties":{"FID":301,"Id":302,"gridcode":4}},{"type":"Feature","id":302,"geometry":{"type":"Polygon","coordinates":[[[105.25055380839287,-5.5633266228774509],[105.25055392322878,-5.5635980140599957],[105.25055396150867,-5.5636884777869575],[105.25064425063947,-5.5636884394258068],[105.25066960686115,-5.563532972362669],[105.2508496352503,-5.5634621927590224],[105.25066954699922,-5.5633915662498419],[105.25064409746848,-5.5633265845188111],[105.25055380839287,-5.5633266228774509]]]},"properties":{"FID":302,"Id":303,"gridcode":5}},{"type":"Feature","id":303,"geometry":{"type":"Polygon","coordinates":[[[105.25073457807775,-5.563778864776264],[105.25073453976962,-5.5636884010508352],[105.25064425063947,-5.5636884394258068],[105.2506442889338,-5.5637789031518627],[105.25073457807775,-5.563778864776264]]]},"properties":{"FID":303,"Id":304,"gridcode":3}},{"type":"Feature","id":304,"geometry":{"type":"Polygon","coordinates":[[[105.25073457807775,-5.563778864776264],[105.25077977172339,-5.5638947093870534],[105.25082486722106,-5.5637788263868435],[105.25073457807775,-5.563778864776264]]]},"properties":{"FID":304,"Id":305,"gridcode":3}},{"type":"Feature","id":305,"geometry":{"type":"Polygon","coordinates":[[[105.25064425063947,-5.5636884394258068],[105.25073453976962,-5.5636884010508352],[105.25073457807775,-5.563778864776264],[105.25082486722106,-5.5637788263868435],[105.25082482889914,-5.5636883626620435],[105.25082479057787,-5.5635978989369654],[105.25091507969296,-5.5635978605349798],[105.25091504135851,-5.5635073968102535],[105.25136648685553,-5.5635072045961627],[105.25131041573613,-5.563278899019128],[105.25136633324823,-5.5631453497070638],[105.25130636278362,-5.5631149850966786],[105.25118564004559,-5.5628740354556179],[105.25109535104275,-5.5628740738940339],[105.25109542775857,-5.5630550013445745],[105.25120624317249,-5.5630875900764476],[105.25112635397598,-5.5631602398038025],[105.25109542775857,-5.5630550013445745],[105.2509148496958,-5.5630550781824644],[105.25091477303515,-5.5628741507294093],[105.25077044896062,-5.562802348377077],[105.25070388899418,-5.5629343139702394],[105.25064394430763,-5.5629647296073816],[105.25074728347822,-5.5631326090146684],[105.25120386932208,-5.5632882895253344],[105.25064409746848,-5.5633265845188111],[105.25066954699922,-5.5633915662498419],[105.2508496352503,-5.5634621927590224],[105.25066960686115,-5.563532972362669],[105.25064425063947,-5.5636884394258068]]]},"properties":{"FID":305,"Id":306,"gridcode":4}},{"type":"Feature","id":306,"geometry":{"type":"Polygon","coordinates":[[[105.25001218851355,-5.5635982439328986],[105.24992189939213,-5.5635982821966774],[105.24992201394404,-5.5638696733898874],[105.25001230310684,-5.5638696351242318],[105.25001226490845,-5.5637791713940645],[105.25001218851355,-5.5635982439328986]]]},"properties":{"FID":306,"Id":307,"gridcode":5}},{"type":"Feature","id":307,"geometry":{"type":"Polygon","coordinates":[[[105.25064436552435,-5.5639598306031441],[105.2505991718992,-5.5638439859812641],[105.25055407635217,-5.563959868966176],[105.25064436552435,-5.5639598306031441]]]},"properties":{"FID":307,"Id":308,"gridcode":2}},{"type":"Feature","id":308,"geometry":{"type":"Polygon","coordinates":[[[105.25091511802803,-5.5636883242594299],[105.2509151947001,-5.563869251707497],[105.25118606216573,-5.5638691364129604],[105.25118598541091,-5.5636882089686646],[105.25118594703444,-5.563597745246101],[105.25127623614701,-5.5635977067888334],[105.25136652525894,-5.5635976683177448],[105.25136648685553,-5.5635072045961627],[105.25091504135851,-5.5635073968102535],[105.25091507969296,-5.5635978605349798],[105.25103073903612,-5.563643043192295],[105.25091511802803,-5.5636883242594299]]]},"properties":{"FID":308,"Id":309,"gridcode":3}},{"type":"Feature","id":309,"geometry":{"type":"Polygon","coordinates":[[[105.2502832470729,-5.5640504477000796],[105.25039886820436,-5.5640051667520014],[105.25028320883186,-5.5639599839723459],[105.2502832470729,-5.5640504477000796]]]},"properties":{"FID":309,"Id":310,"gridcode":3}},{"type":"Feature","id":310,"geometry":{"type":"Polygon","coordinates":[[[105.24811634428586,-5.5641418270286502],[105.24807929274591,-5.5637264726108429],[105.2479724384422,-5.5636526199597309],[105.24789619163863,-5.5633554514976531],[105.24761378023058,-5.5635398787404009],[105.24753755317673,-5.5637156156229901],[105.2478838472075,-5.5638452756301096],[105.24806291708994,-5.5641049007113361],[105.24811634428586,-5.5641418270286502]]]},"properties":{"FID":310,"Id":311,"gridcode":4}},{"type":"Feature","id":311,"geometry":{"type":"Polygon","coordinates":[[[105.24919977676937,-5.564050906488319],[105.24924710561483,-5.5641615896732306],[105.24949772409894,-5.5641010946885388],[105.24938035515959,-5.5640508301618317],[105.24919977676937,-5.564050906488319]]]},"properties":{"FID":311,"Id":312,"gridcode":4}},{"type":"Feature","id":312,"geometry":{"type":"Polygon","coordinates":[[[105.25019303434081,-5.564231413464344],[105.25019299611229,-5.5641409497365375],[105.25010270690937,-5.5641409880317152],[105.2501027451241,-5.5642314517601479],[105.25019303434081,-5.564231413464344]]]},"properties":{"FID":312,"Id":313,"gridcode":3}},{"type":"Feature","id":313,"geometry":{"type":"Polygon","coordinates":[[[105.25046390198717,-5.564231298493997],[105.25046386371727,-5.5641408347680716],[105.25037357451625,-5.5641408731047157],[105.25037361277235,-5.564231336831269],[105.25046390198717,-5.564231298493997]]]},"properties":{"FID":313,"Id":314,"gridcode":3}},{"type":"Feature","id":314,"geometry":{"type":"Polygon","coordinates":[[[105.25046386371727,-5.5641408347680716],[105.25064444211742,-5.564140758053318],[105.25064436552435,-5.5639598306031441],[105.25055407635217,-5.563959868966176],[105.25046386371727,-5.5641408347680716]]]},"properties":{"FID":314,"Id":315,"gridcode":3}},{"type":"Feature","id":315,"geometry":{"type":"Polygon","coordinates":[[[105.25082505884014,-5.5642311450066906],[105.25079413261108,-5.5641259065355824],[105.25071424322712,-5.5641985562131735],[105.25082505884014,-5.5642311450066906]]]},"properties":{"FID":315,"Id":316,"gridcode":3}},{"type":"Feature","id":316,"geometry":{"type":"Polygon","coordinates":[[[105.24956089541661,-5.5639602900473148],[105.24963544028465,-5.5642508215447677],[105.24997333829235,-5.5641747756739885],[105.25001245590674,-5.5642314900421299],[105.2501027451241,-5.5642314517601479],[105.25010270690937,-5.5641409880317152],[105.25010266869529,-5.5640505243030045],[105.2502832470729,-5.5640504477000796],[105.25028320883186,-5.5639599839723459],[105.25028313235167,-5.5637790565160472],[105.25001226490845,-5.5637791713940645],[105.25001230310684,-5.5638696351242318],[105.24992201394404,-5.5638696733898874],[105.24987184649866,-5.5639872692466614],[105.24971684409313,-5.5639059949960563],[105.24992201394404,-5.5638696733898874],[105.24992189939213,-5.5635982821966774],[105.25001218851355,-5.5635982439328986],[105.24988593032384,-5.5632839232787576],[105.25028290292626,-5.5632362741405013],[105.25028282645617,-5.5630553466797688],[105.25037311549229,-5.5630553083644685],[105.2503427586233,-5.5629952476666418],[105.25019340156751,-5.5629196239292185],[105.25046328974464,-5.5627838788459369],[105.2504632132257,-5.5626029513849407],[105.250282635292,-5.5626030280230907],[105.25028259706106,-5.5625125642909232],[105.24993923258961,-5.5626512982724652],[105.25001192115127,-5.5629649978100923],[105.2501415846755,-5.5630651873563979],[105.24992887896296,-5.5631769076791775],[105.25001192115127,-5.5629649978100923],[105.24981200378423,-5.5630055229624791],[105.2497411303781,-5.5631460400156234],[105.24986088611588,-5.5632143856777017],[105.24978311309003,-5.5635407268862522],[105.2497411685307,-5.5632365037496081],[105.24956059039381,-5.5632365801754178],[105.24956089541661,-5.5639602900473148]]]},"properties":{"FID":316,"Id":317,"gridcode":4}},{"type":"Feature","id":317,"geometry":{"type":"Polygon","coordinates":[[[105.25010278333943,-5.5643219154883035],[105.25019307256994,-5.5643218771918725],[105.25019303434081,-5.564231413464344],[105.2501027451241,-5.5642314517601479],[105.25010278333943,-5.5643219154883035]]]},"properties":{"FID":317,"Id":318,"gridcode":4}},{"type":"Feature","id":318,"geometry":{"type":"Polygon","coordinates":[[[105.25055422948567,-5.5643217238679252],[105.25059942314286,-5.5644375684901313],[105.25064451871303,-5.5643216855023825],[105.25055422948567,-5.5643217238679252]]]},"properties":{"FID":318,"Id":319,"gridcode":3}},{"type":"Feature","id":319,"geometry":{"type":"Polygon","coordinates":[[[105.25046390198717,-5.564231298493997],[105.25055419120136,-5.5642312601429049],[105.25055422948567,-5.5643217238679252],[105.25064451871303,-5.5643216855023825],[105.25064444211742,-5.564140758053318],[105.25046386371727,-5.5641408347680716],[105.25046390198717,-5.564231298493997]]]},"properties":{"FID":319,"Id":320,"gridcode":4}},{"type":"Feature","id":320,"geometry":{"type":"Polygon","coordinates":[[[105.25019303434081,-5.564231413464344],[105.25028332355689,-5.5642313751547174],[105.2502834000434,-5.5644123026082442],[105.25037368928645,-5.5644122642835425],[105.25046397852886,-5.5644122259450173],[105.25046390198717,-5.564231298493997],[105.25037361277235,-5.564231336831269],[105.25037357451625,-5.5641408731047157],[105.25019299611229,-5.5641409497365375],[105.25019303434081,-5.564231413464344]]]},"properties":{"FID":320,"Id":321,"gridcode":4}},{"type":"Feature","id":321,"geometry":{"type":"Polygon","coordinates":[[[105.24820667142764,-5.5642322527790933],[105.24811638219708,-5.5642322907708071],[105.24811649593448,-5.5645036819956113],[105.24820678520642,-5.5645036440020332],[105.24820667142764,-5.5642322527790933]]]},"properties":{"FID":321,"Id":322,"gridcode":4}},{"type":"Feature","id":322,"geometry":{"type":"Polygon","coordinates":[[[105.25001253231048,-5.5644124174994154],[105.2498026866744,-5.5644577382949096],[105.25001257051328,-5.5645028812276429],[105.25001253231048,-5.5644124174994154]]]},"properties":{"FID":322,"Id":323,"gridcode":2}},{"type":"Feature","id":323,"geometry":{"type":"Polygon","coordinates":[[[105.2502834382876,-5.5645027663345932],[105.25032863190813,-5.5646186109786067],[105.25037372754444,-5.5645027280092636],[105.2502834382876,-5.5645027663345932]]]},"properties":{"FID":323,"Id":324,"gridcode":2}},{"type":"Feature","id":324,"geometry":{"type":"Polygon","coordinates":[[[105.25010278333943,-5.5643219154883035],[105.25016349718429,-5.5644420368973817],[105.2502834382876,-5.5645027663345932],[105.25037372754444,-5.5645027280092636],[105.25037368928645,-5.5644122642835425],[105.2502834000434,-5.5644123026082442],[105.25028332355689,-5.5642313751547174],[105.25019303434081,-5.564231413464344],[105.25019307256994,-5.5643218771918725],[105.25010278333943,-5.5643219154883035]]]},"properties":{"FID":324,"Id":325,"gridcode":3}},{"type":"Feature","id":325,"geometry":{"type":"Polygon","coordinates":[[[105.24838743965925,-5.5646844954514956],[105.24849247533672,-5.5646535098583971],[105.24841996605447,-5.5645734657616792],[105.24838743965925,-5.5646844954514956]]]},"properties":{"FID":325,"Id":326,"gridcode":5}},{"type":"Feature","id":326,"geometry":{"type":"Polygon","coordinates":[[[105.24820686106207,-5.5646845714826094],[105.24825205429882,-5.5648004163026448],[105.24829715036098,-5.5646845334739643],[105.24820686106207,-5.5646845714826094]]]},"properties":{"FID":326,"Id":327,"gridcode":4}},{"type":"Feature","id":327,"geometry":{"type":"Polygon","coordinates":[[[105.24820667142764,-5.5642322527790933],[105.24820678520642,-5.5645036440020332],[105.24820686106207,-5.5646845714826094],[105.24829715036098,-5.5646845334739643],[105.24829696065756,-5.5642322147735568],[105.24820667142764,-5.5642322527790933]]]},"properties":{"FID":327,"Id":328,"gridcode":5}},{"type":"Feature","id":328,"geometry":{"type":"Polygon","coordinates":[[[105.24965148976919,-5.5646839616854846],[105.24959026113626,-5.5645676106581901],[105.24934945553156,-5.5646447684059419],[105.24965148976919,-5.5646839616854846]]]},"properties":{"FID":328,"Id":329,"gridcode":2}},{"type":"Feature","id":329,"geometry":{"type":"Polygon","coordinates":[[[105.24901938862563,-5.5645033014377931],[105.24906194781676,-5.5648034579843353],[105.24910971595675,-5.5645937270401848],[105.24910967789128,-5.5645032633059861],[105.24901938862563,-5.5645033014377931]]]},"properties":{"FID":329,"Id":330,"gridcode":3}},{"type":"Feature","id":330,"geometry":{"type":"Polygon","coordinates":[[[105.24847780489785,-5.5648653848909388],[105.24856809422246,-5.5648653468395795],[105.24874867286981,-5.5648652706953889],[105.24874863485763,-5.5647748069595275],[105.24865834554807,-5.5647748450379124],[105.24847776692707,-5.5647749211532105],[105.24847780489785,-5.5648653848909388]]]},"properties":{"FID":330,"Id":331,"gridcode":5}},{"type":"Feature","id":331,"geometry":{"type":"Polygon","coordinates":[[[105.24892928955505,-5.5649556582302413],[105.24897448295376,-5.5650715029866049],[105.24901957889033,-5.5649556201091386],[105.24892928955505,-5.5649556582302413]]]},"properties":{"FID":331,"Id":332,"gridcode":3}},{"type":"Feature","id":332,"geometry":{"type":"Polygon","coordinates":[[[105.24856809422246,-5.5648653468395795],[105.24863724791865,-5.5649867491481064],[105.24889210344489,-5.5648903764821025],[105.24892928955505,-5.5649556582302413],[105.24901957889033,-5.5649556201091386],[105.24901954083612,-5.5648651563754239],[105.24920011947719,-5.5648650800929946],[105.24920004331548,-5.5646841526272297],[105.24920000523558,-5.5645936888939307],[105.24910971595675,-5.5645937270401848],[105.24906194781676,-5.5648034579843353],[105.24901938862563,-5.5645033014377931],[105.24910962478302,-5.5643770474368477],[105.24919996715631,-5.5645032251603546],[105.24938054568449,-5.5645031488276233],[105.24938050757825,-5.5644126850950197],[105.24947079682761,-5.5644126469085444],[105.24939641459662,-5.5642654823632212],[105.24892898524944,-5.5642319483477767],[105.24879604112871,-5.5641760681024257],[105.24869719706693,-5.5641983133359521],[105.24858769038038,-5.5640395451194573],[105.24829696065756,-5.5642322147735568],[105.24829715036098,-5.5646845334739643],[105.24838743965925,-5.5646844954514956],[105.24841996605447,-5.5645734657616792],[105.24849247533672,-5.5646535098583971],[105.24838743965925,-5.5646844954514956],[105.24838751557259,-5.5648654229284755],[105.24847780489785,-5.5648653848909388],[105.24847776692707,-5.5647749211532105],[105.24865834554807,-5.5647748450379124],[105.24871175241117,-5.5644590447645284],[105.24887811756437,-5.5644443912668571],[105.24874863485763,-5.5647748069595275],[105.24874867286981,-5.5648652706953889],[105.24856809422246,-5.5648653468395795]]]},"properties":{"FID":332,"Id":333,"gridcode":4}},{"type":"Feature","id":333,"geometry":{"type":"Polygon","coordinates":[[[105.24910986822496,-5.5649555819742123],[105.2491550616584,-5.5650714267151535],[105.24920015755897,-5.5649555438254623],[105.24910986822496,-5.5649555819742123]]]},"properties":{"FID":333,"Id":334,"gridcode":2}},{"type":"Feature","id":334,"geometry":{"type":"Polygon","coordinates":[[[105.24901957889033,-5.5649556201091386],[105.24910986822496,-5.5649555819742123],[105.24920015755897,-5.5649555438254623],[105.24920011947719,-5.5648650800929946],[105.24901954083612,-5.5648651563754239],[105.24901957889033,-5.5649556201091386]]]},"properties":{"FID":334,"Id":335,"gridcode":3}},{"type":"Feature","id":335,"geometry":{"type":"Polygon","coordinates":[[[105.24965148976919,-5.5646839616854846],[105.24934945553156,-5.5646447684059419],[105.24959026113626,-5.5645676106581901],[105.24965148976919,-5.5646839616854846]],[[105.24920011947719,-5.5648650800929946],[105.2495123392543,-5.5650983677707639],[105.24965331436137,-5.5650774337977955],[105.24996166834745,-5.5646327748178477],[105.25007107685092,-5.5645480882936544],[105.25001257051328,-5.5645028812276429],[105.2498026866744,-5.5644577382949096],[105.25001253231048,-5.5644124174994154],[105.25001245590674,-5.5642314900421299],[105.24997333829235,-5.5641747756739885],[105.24963544028465,-5.5642508215447677],[105.24956089541661,-5.5639602900473148],[105.24938031705649,-5.5639603664278416],[105.24938035515959,-5.5640508301618317],[105.24949772409894,-5.5641010946885388],[105.24924710561483,-5.5641615896732306],[105.24919977676937,-5.564050906488319],[105.24899985897113,-5.5640914313829013],[105.24892898524944,-5.5642319483477767],[105.24939641459662,-5.5642654823632212],[105.24947079682761,-5.5644126469085444],[105.24947083494763,-5.5645031106405245],[105.24938054568449,-5.5645031488276233],[105.24919996715631,-5.5645032251603546],[105.24920000523558,-5.5645936888939307],[105.24931566466087,-5.5646388718832016],[105.24920004331548,-5.5646841526272297],[105.24920011947719,-5.5648650800929946]]]},"properties":{"FID":335,"Id":336,"gridcode":3}}]
}