{
  "type" : "FeatureCollection",
  "features" : [{"type":"Feature","id":0,"geometry":{"type":"Polygon","coordinates":[[[105.25912281084811,-5.5439636859594295],[105.25909188438798,-5.5438584478697956],[105.25901199868788,-5.5439310985469605],[105.25912281084811,-5.5439636859594295]]]},"properties":{"FID":0,"Id":1,"gridcode":2}},{"type":"Feature","id":1,"geometry":{"type":"Polygon","coordinates":[[[105.24648275498387,-5.5439690846057417],[105.24642087013135,-5.5437525543642812],[105.24626200733657,-5.5439059446832193],[105.24648275498387,-5.5439690846057417]]]},"properties":{"FID":1,"Id":2,"gridcode":4}},{"type":"Feature","id":2,"geometry":{"type":"Polygon","coordinates":[[[105.2566852430798,-5.5443266031090523],[105.25665431702362,-5.5442213648741188],[105.25657443096351,-5.5442940152375391],[105.2566852430798,-5.5443266031090523]]]},"properties":{"FID":2,"Id":3,"gridcode":4}},{"type":"Feature","id":3,"geometry":{"type":"Polygon","coordinates":[[[105.26083840487001,-5.5443247873383203],[105.26083836515842,-5.5442343236251546],[105.26072274870242,-5.5442796064322062],[105.26083840487001,-5.5443247873383203]]]},"properties":{"FID":3,"Id":4,"gridcode":2}},{"type":"Feature","id":4,"geometry":{"type":"Polygon","coordinates":[[[105.26083836515842,-5.5442343236251546],[105.26101893735125,-5.5442342440188286],[105.26092859583109,-5.5441080679900026],[105.26083836515842,-5.5442343236251546]]]},"properties":{"FID":4,"Id":5,"gridcode":2}},{"type":"Feature","id":5,"geometry":{"type":"Polygon","coordinates":[[[105.26101897709033,-5.5443247077306879],[105.26113459352966,-5.5442794248664873],[105.26101893735125,-5.5442342440188286],[105.26101897709033,-5.5443247077306879]]]},"properties":{"FID":5,"Id":6,"gridcode":2}},{"type":"Feature","id":6,"geometry":{"type":"Polygon","coordinates":[[[105.26083840487001,-5.5443247873383203],[105.26101897709033,-5.5443247077306879],[105.26101893735125,-5.5442342440188286],[105.26083836515842,-5.5442343236251546],[105.26083840487001,-5.5443247873383203]]]},"properties":{"FID":6,"Id":7,"gridcode":3}},{"type":"Feature","id":7,"geometry":{"type":"Polygon","coordinates":[[[105.26128987519687,-5.5444150519255651],[105.26128983541588,-5.5443245882159458],[105.26117421898118,-5.5443698711102591],[105.26128987519687,-5.5444150519255651]]]},"properties":{"FID":7,"Id":8,"gridcode":2}},{"type":"Feature","id":8,"geometry":{"type":"Polygon","coordinates":[[[105.2613802011132,-5.5445054757678074],[105.26138016131782,-5.544415012059118],[105.26128987519687,-5.5444150519255651],[105.26128991497851,-5.5445055156349081],[105.2613802011132,-5.5445054757678074]]]},"properties":{"FID":8,"Id":9,"gridcode":4}},{"type":"Feature","id":9,"geometry":{"type":"Polygon","coordinates":[[[105.26156077338059,-5.5445053959922861],[105.26156073355772,-5.5444149322849059],[105.26147044743809,-5.5444149721788989],[105.26147048724722,-5.5445054358869328],[105.26156077338059,-5.5445053959922861]]]},"properties":{"FID":9,"Id":10,"gridcode":4}},{"type":"Feature","id":10,"geometry":{"type":"Polygon","coordinates":[[[105.25767842982107,-5.5444166352898208],[105.2571018227149,-5.5444621179295721],[105.25767846905288,-5.5445070990251546],[105.25767842982107,-5.5444166352898208]]]},"properties":{"FID":10,"Id":11,"gridcode":4}},{"type":"Feature","id":11,"geometry":{"type":"Polygon","coordinates":[[[105.25767846905288,-5.5445070990251546],[105.25798028276985,-5.5444617356677286],[105.25767842982107,-5.5444166352898208],[105.25767846905288,-5.5445070990251546]]]},"properties":{"FID":11,"Id":12,"gridcode":3}},{"type":"Feature","id":12,"geometry":{"type":"Polygon","coordinates":[[[105.26128987519687,-5.5444150519255651],[105.26138016131782,-5.544415012059118],[105.2613802011132,-5.5445054757678074],[105.26147048724722,-5.5445054358869328],[105.26147044743809,-5.5444149721788989],[105.26156073355772,-5.5444149322849059],[105.2615606937355,-5.5443244685772513],[105.26128983541588,-5.5443245882159458],[105.26128987519687,-5.5444150519255651]]]},"properties":{"FID":12,"Id":13,"gridcode":3}},{"type":"Feature","id":13,"geometry":{"type":"Polygon","coordinates":[[[105.24648301766646,-5.5446023313048363],[105.24651659751773,-5.5445455229962404],[105.2466958761117,-5.5444389308459678],[105.24657017090745,-5.5442972340088295],[105.24635909748416,-5.5445287926559326],[105.24648301766646,-5.5446023313048363]]]},"properties":{"FID":13,"Id":14,"gridcode":4}},{"type":"Feature","id":14,"geometry":{"type":"Polygon","coordinates":[[[105.24792763539611,-5.5446921917119516],[105.2479275976476,-5.5446017279088045],[105.24783731140346,-5.5446017657243551],[105.24783734913822,-5.5446922295281231],[105.24792763539611,-5.5446921917119516]]]},"properties":{"FID":14,"Id":15,"gridcode":5}},{"type":"Feature","id":15,"geometry":{"type":"Polygon","coordinates":[[[105.26147052705701,-5.5445958995946922],[105.26165109935059,-5.5445958197903149],[105.26165105951331,-5.5445053560838664],[105.26156077338059,-5.5445053959922861],[105.26147048724722,-5.5445054358869328],[105.26147052705701,-5.5445958995946922]]]},"properties":{"FID":15,"Id":16,"gridcode":3}},{"type":"Feature","id":16,"geometry":{"type":"Polygon","coordinates":[[[105.24792763539611,-5.5446921917119516],[105.24828878042139,-5.5446920403095294],[105.24828870481502,-5.5445111127079283],[105.24792755989971,-5.5445112641053802],[105.2479275976476,-5.5446017279088045],[105.24792763539611,-5.5446921917119516]]]},"properties":{"FID":16,"Id":17,"gridcode":4}},{"type":"Feature","id":17,"geometry":{"type":"Polygon","coordinates":[[[105.24837910449402,-5.5447824662242562],[105.24848413669362,-5.544751480769575],[105.2484116299654,-5.5446714365091214],[105.24837910449402,-5.5447824662242562]]]},"properties":{"FID":17,"Id":18,"gridcode":4}},{"type":"Feature","id":18,"geometry":{"type":"Polygon","coordinates":[[[105.26165117902714,-5.5447767472023841],[105.26165113918853,-5.5446862834964872],[105.26156085302833,-5.5446863234062169],[105.2615608928532,-5.5447767871127693],[105.26165117902714,-5.5447767472023841]]]},"properties":{"FID":18,"Id":19,"gridcode":3}},{"type":"Feature","id":19,"geometry":{"type":"Polygon","coordinates":[[[105.26147052705701,-5.5445958995946922],[105.26147056686747,-5.5446863633021737],[105.26156085302833,-5.5446863234062169],[105.26165113918853,-5.5446862834964872],[105.26165109935059,-5.5445958197903149],[105.26147052705701,-5.5445958995946922]]]},"properties":{"FID":19,"Id":20,"gridcode":4}},{"type":"Feature","id":20,"geometry":{"type":"Polygon","coordinates":[[[105.24675398913639,-5.5448736098694269],[105.24670879787851,-5.5447577647761541],[105.24666370284291,-5.5448736475077798],[105.24675398913639,-5.5448736098694269]]]},"properties":{"FID":20,"Id":21,"gridcode":5}},{"type":"Feature","id":21,"geometry":{"type":"Polygon","coordinates":[[[105.24756656574975,-5.5448732705044286],[105.24752137433622,-5.5447574254802712],[105.24747627946188,-5.5448733082667454],[105.24756656574975,-5.5448732705044286]]]},"properties":{"FID":21,"Id":22,"gridcode":5}},{"type":"Feature","id":22,"geometry":{"type":"Polygon","coordinates":[[[105.24837910449402,-5.5447824662242562],[105.24827407228271,-5.5448134516607546],[105.24834657901131,-5.5448934959377327],[105.24837910449402,-5.5447824662242562]]]},"properties":{"FID":22,"Id":23,"gridcode":4}},{"type":"Feature","id":23,"geometry":{"type":"Polygon","coordinates":[[[105.2616512188664,-5.5448672109080039],[105.26165117902714,-5.5447767472023841],[105.2615608928532,-5.5447767871127693],[105.26156093267872,-5.5448672508190437],[105.2616512188664,-5.5448672109080039]]]},"properties":{"FID":23,"Id":24,"gridcode":4}},{"type":"Feature","id":24,"geometry":{"type":"Polygon","coordinates":[[[105.2616512188664,-5.5448672109080039],[105.26176683535537,-5.5448219279184112],[105.26165117902714,-5.5447767472023841],[105.2616512188664,-5.5448672109080039]]]},"properties":{"FID":24,"Id":25,"gridcode":3}},{"type":"Feature","id":25,"geometry":{"type":"Polygon","coordinates":[[[105.24783731140346,-5.5446017657243551],[105.24777736836749,-5.544632181012882],[105.24767242945835,-5.544840242040415],[105.24803255846538,-5.5449034655722613],[105.24792763539611,-5.5446921917119516],[105.24783734913822,-5.5446922295281231],[105.24783731140346,-5.5446017657243551]]]},"properties":{"FID":25,"Id":26,"gridcode":4}},{"type":"Feature","id":26,"geometry":{"type":"Polygon","coordinates":[[[105.26147068630279,-5.5449577544229633],[105.26156097250488,-5.5449577145250419],[105.26156093267872,-5.5448672508190437],[105.26147064649037,-5.5448672907163097],[105.26147068630279,-5.5449577544229633]]]},"properties":{"FID":26,"Id":27,"gridcode":4}},{"type":"Feature","id":27,"geometry":{"type":"Polygon","coordinates":[[[105.24729578219319,-5.5450543113631019],[105.24738606850981,-5.5450542736270929],[105.24738603084128,-5.5449638098213292],[105.24729574453841,-5.5449638475567191],[105.24729578219319,-5.5450543113631019]]]},"properties":{"FID":27,"Id":28,"gridcode":5}},{"type":"Feature","id":28,"geometry":{"type":"Polygon","coordinates":[[[105.26165129854692,-5.5450481383184149],[105.26176691507042,-5.5450028553274207],[105.26165125870634,-5.5449576746133475],[105.26165129854692,-5.5450481383184149]]]},"properties":{"FID":28,"Id":29,"gridcode":2}},{"type":"Feature","id":29,"geometry":{"type":"Polygon","coordinates":[[[105.25334500259248,-5.5451422163595705],[105.25329981004928,-5.5450263718295885],[105.2532547163038,-5.5451422550053184],[105.25334500259248,-5.5451422163595705]]]},"properties":{"FID":29,"Id":30,"gridcode":4}},{"type":"Feature","id":30,"geometry":{"type":"Polygon","coordinates":[[[105.26156105215924,-5.5451386419362114],[105.26165133838816,-5.5451386020232061],[105.26165129854692,-5.5450481383184149],[105.26156101233173,-5.5450481782307657],[105.26156105215924,-5.5451386419362114]]]},"properties":{"FID":30,"Id":31,"gridcode":2}},{"type":"Feature","id":31,"geometry":{"type":"Polygon","coordinates":[[[105.24666370284291,-5.5448736475077798],[105.24652247757301,-5.5449131146587582],[105.24644384482127,-5.5449835134518954],[105.2468443881874,-5.5451449636457291],[105.24684427542925,-5.5448735722173002],[105.24675398913639,-5.5448736098694269],[105.24666370284291,-5.5448736475077798]]]},"properties":{"FID":31,"Id":32,"gridcode":4}},{"type":"Feature","id":32,"geometry":{"type":"Polygon","coordinates":[[[105.24792786190034,-5.5452349745250382],[105.24789693731999,-5.5451297357672198],[105.24781705001834,-5.5452023850005974],[105.24792786190034,-5.5452349745250382]]]},"properties":{"FID":32,"Id":33,"gridcode":3}},{"type":"Feature","id":33,"geometry":{"type":"Polygon","coordinates":[[[105.25334504116961,-5.545232680123406],[105.25334500259248,-5.5451422163595705],[105.2532547163038,-5.5451422550053184],[105.25325475486717,-5.545232718769789],[105.25334504116961,-5.545232680123406]]]},"properties":{"FID":33,"Id":34,"gridcode":5}},{"type":"Feature","id":34,"geometry":{"type":"Polygon","coordinates":[[[105.26138047969937,-5.5451387217208987],[105.26156105215924,-5.5451386419362114],[105.26156101233173,-5.5450481782307657],[105.26165129854692,-5.5450481383184149],[105.26165125870634,-5.5449576746133475],[105.2616512188664,-5.5448672109080039],[105.26156093267872,-5.5448672508190437],[105.26156097250488,-5.5449577145250419],[105.26147068630279,-5.5449577544229633],[105.26138047969937,-5.5451387217208987]]]},"properties":{"FID":34,"Id":35,"gridcode":3}},{"type":"Feature","id":35,"geometry":{"type":"Polygon","coordinates":[[[105.24729578219319,-5.5450543113631019],[105.24722250494361,-5.5452021723883558],[105.24738614384876,-5.5452352012377926],[105.24744675494354,-5.5451150286345383],[105.24756664114119,-5.5450541981137533],[105.24756656574975,-5.5448732705044286],[105.24747627946188,-5.5448733082667454],[105.24747631714352,-5.5449637720721663],[105.24738603084128,-5.5449638098213292],[105.24738606850981,-5.5450542736270929],[105.24729578219319,-5.5450543113631019]]]},"properties":{"FID":35,"Id":36,"gridcode":4}},{"type":"Feature","id":36,"geometry":{"type":"Polygon","coordinates":[[[105.24738614384876,-5.5452352012377926],[105.2475667165351,-5.5452351257219732],[105.24756664114119,-5.5450541981137533],[105.24744675494354,-5.5451150286345383],[105.24738614384876,-5.5452352012377926]]]},"properties":{"FID":36,"Id":37,"gridcode":3}},{"type":"Feature","id":37,"geometry":{"type":"Polygon","coordinates":[[[105.2468443881874,-5.5451449636457291],[105.24684446336261,-5.5453258912633014],[105.24697039415121,-5.5452353748955812],[105.2468443881874,-5.5451449636457291]]]},"properties":{"FID":37,"Id":38,"gridcode":5}},{"type":"Feature","id":38,"geometry":{"type":"Polygon","coordinates":[[[105.26101945401076,-5.5454102722514396],[105.26097425997536,-5.5452944283790124],[105.26092916773597,-5.5454103120699836],[105.26101945401076,-5.5454102722514396]]]},"properties":{"FID":38,"Id":39,"gridcode":3}},{"type":"Feature","id":39,"geometry":{"type":"Polygon","coordinates":[[[105.26138047969937,-5.5451387217208987],[105.26129019346845,-5.5451387615925807],[105.26129023325538,-5.5452292252997157],[105.26129027304295,-5.5453196890065728],[105.26138055930136,-5.5453196491335817],[105.26138047969937,-5.5451387217208987]]]},"properties":{"FID":39,"Id":40,"gridcode":4}},{"type":"Feature","id":40,"geometry":{"type":"Polygon","coordinates":[[[105.26138047969937,-5.5451387217208987],[105.26138055930136,-5.5453196491335817],[105.26150044398344,-5.5452588158539795],[105.26156105215924,-5.5451386419362114],[105.26138047969937,-5.5451387217208987]]]},"properties":{"FID":40,"Id":41,"gridcode":2}},{"type":"Feature","id":41,"geometry":{"type":"Polygon","coordinates":[[[105.25325475486717,-5.545232718769789],[105.25318335641451,-5.5453767922992023],[105.25330255457659,-5.5454440160477159],[105.25334504116961,-5.545232680123406],[105.25325475486717,-5.545232718769789]]]},"properties":{"FID":41,"Id":42,"gridcode":4}},{"type":"Feature","id":42,"geometry":{"type":"Polygon","coordinates":[[[105.26074863489079,-5.5455008553759733],[105.26083892118066,-5.5455008155843268],[105.26083888146051,-5.5454103518747528],[105.2607485951844,-5.5454103916657473],[105.26074863489079,-5.5455008553759733]]]},"properties":{"FID":42,"Id":43,"gridcode":4}},{"type":"Feature","id":43,"geometry":{"type":"Polygon","coordinates":[[[105.26120006633352,-5.5455006562799856],[105.26129035262007,-5.5455006164194609],[105.26129031283118,-5.5454101527131554],[105.26120002655837,-5.5454101925730255],[105.26120006633352,-5.5455006562799856]]]},"properties":{"FID":43,"Id":44,"gridcode":2}},{"type":"Feature","id":44,"geometry":{"type":"Polygon","coordinates":[[[105.25316462276901,-5.5455946124600493],[105.25313369725171,-5.5454893740199749],[105.25305381057592,-5.5455620239326855],[105.25316462276901,-5.5455946124600493]]]},"properties":{"FID":44,"Id":45,"gridcode":5}},{"type":"Feature","id":45,"geometry":{"type":"Polygon","coordinates":[[[105.2590332347046,-5.5455920725222532],[105.25900230816194,-5.5454868344369297],[105.25892242224064,-5.5455594851087673],[105.2590332347046,-5.5455920725222532]]]},"properties":{"FID":45,"Id":46,"gridcode":4}},{"type":"Feature","id":46,"geometry":{"type":"Polygon","coordinates":[[[105.26110981980834,-5.5455911598340712],[105.26110978004628,-5.5455006961267337],[105.2610194937584,-5.5455007359597062],[105.26101953350671,-5.5455911996676983],[105.26110981980834,-5.5455911598340712]]]},"properties":{"FID":46,"Id":47,"gridcode":3}},{"type":"Feature","id":47,"geometry":{"type":"Polygon","coordinates":[[[105.26110981980834,-5.5455911598340712],[105.26120010610931,-5.5455911199866685],[105.26120006633352,-5.5455006562799856],[105.26110978004628,-5.5455006961267337],[105.26110981980834,-5.5455911598340712]]]},"properties":{"FID":47,"Id":48,"gridcode":2}},{"type":"Feature","id":48,"geometry":{"type":"Polygon","coordinates":[[[105.26129023325538,-5.5452292252997157],[105.26110966076408,-5.5452293050030628],[105.26110974028489,-5.5454102324191199],[105.26110978004628,-5.5455006961267337],[105.26120006633352,-5.5455006562799856],[105.26120002655837,-5.5454101925730255],[105.26129031283118,-5.5454101527131554],[105.26138059910333,-5.5454101128395106],[105.26138055930136,-5.5453196491335817],[105.26129027304295,-5.5453196890065728],[105.26129023325538,-5.5452292252997157]]]},"properties":{"FID":48,"Id":49,"gridcode":3}},{"type":"Feature","id":49,"geometry":{"type":"Polygon","coordinates":[[[105.24666400332379,-5.5455973579879547],[105.2468445761301,-5.5455972826875906],[105.24684446336261,-5.5453258912633014],[105.24666389063879,-5.5453259665599592],[105.24666400332379,-5.5455973579879547]]]},"properties":{"FID":49,"Id":50,"gridcode":4}},{"type":"Feature","id":50,"geometry":{"type":"Polygon","coordinates":[[[105.25930413313857,-5.5456824176093296],[105.25925893940837,-5.5455665735922235],[105.25921384681007,-5.5456824571680938],[105.25930413313857,-5.5456824176093296]]]},"properties":{"FID":50,"Id":51,"gridcode":4}},{"type":"Feature","id":51,"geometry":{"type":"Polygon","coordinates":[[[105.2605681416689,-5.545681862340178],[105.26065842798756,-5.5456818225747773],[105.26065838829361,-5.5455913588644492],[105.26056810198868,-5.5455913986291989],[105.2605681416689,-5.545681862340178]]]},"properties":{"FID":51,"Id":52,"gridcode":4}},{"type":"Feature","id":52,"geometry":{"type":"Polygon","coordinates":[[[105.26074867459786,-5.5455913190859247],[105.26092924720442,-5.5455912394875497],[105.26092916773597,-5.5454103120699836],[105.26083888146051,-5.5454103518747528],[105.26083892118066,-5.5455008155843268],[105.26074863489079,-5.5455008553759733],[105.26074867459786,-5.5455913190859247]]]},"properties":{"FID":52,"Id":53,"gridcode":3}},{"type":"Feature","id":53,"geometry":{"type":"Polygon","coordinates":[[[105.26101957325567,-5.5456816633754134],[105.26101953350671,-5.5455911996676983],[105.26092924720442,-5.5455912394875497],[105.26092928693963,-5.5456817031959185],[105.26101957325567,-5.5456816633754134]]]},"properties":{"FID":53,"Id":54,"gridcode":3}},{"type":"Feature","id":54,"geometry":{"type":"Polygon","coordinates":[[[105.26092916773597,-5.5454103120699836],[105.26092924720442,-5.5455912394875497],[105.26101953350671,-5.5455911996676983],[105.2610194937584,-5.5455007359597062],[105.26110978004628,-5.5455006961267337],[105.26110974028489,-5.5454102324191199],[105.26101945401076,-5.5454102722514396],[105.26092916773597,-5.5454103120699836]]]},"properties":{"FID":54,"Id":55,"gridcode":4}},{"type":"Feature","id":55,"geometry":{"type":"Polygon","coordinates":[[[105.26101957325567,-5.5456816633754134],[105.26110985957106,-5.5456816235411326],[105.26110981980834,-5.5455911598340712],[105.26101953350671,-5.5455911996676983],[105.26101957325567,-5.5456816633754134]]]},"properties":{"FID":55,"Id":56,"gridcode":2}},{"type":"Feature","id":56,"geometry":{"type":"Polygon","coordinates":[[[105.24648346805039,-5.5456878970432308],[105.2466640408867,-5.5456878217967338],[105.24666400332379,-5.5455973579879547],[105.24648343051497,-5.5455974332332163],[105.24648346805039,-5.5456878970432308]]]},"properties":{"FID":56,"Id":57,"gridcode":3}},{"type":"Feature","id":57,"geometry":{"type":"Polygon","coordinates":[[[105.25921388628473,-5.5457729208885596],[105.25921384681007,-5.5456824571680938],[105.25909822993876,-5.5457277396745859],[105.25921388628473,-5.5457729208885596]]]},"properties":{"FID":57,"Id":58,"gridcode":4}},{"type":"Feature","id":58,"geometry":{"type":"Polygon","coordinates":[[[105.25921388628473,-5.5457729208885596],[105.25930417262697,-5.5457728813291469],[105.25930413313857,-5.5456824176093296],[105.25921384681007,-5.5456824571680938],[105.25921388628473,-5.5457729208885596]]]},"properties":{"FID":58,"Id":59,"gridcode":3}},{"type":"Feature","id":59,"geometry":{"type":"Polygon","coordinates":[[[105.25948474530954,-5.5457728021689938],[105.25945381867707,-5.5456675641120921],[105.25937393279057,-5.5457402148429988],[105.25948474530954,-5.5457728021689938]]]},"properties":{"FID":59,"Id":60,"gridcode":3}},{"type":"Feature","id":60,"geometry":{"type":"Polygon","coordinates":[[[105.26083904034508,-5.5457722067113924],[105.26083900062294,-5.5456817430026462],[105.26074871430558,-5.5456817827956],[105.26074875401396,-5.5457722465049981],[105.26083904034508,-5.5457722067113924]]]},"properties":{"FID":60,"Id":61,"gridcode":2}},{"type":"Feature","id":61,"geometry":{"type":"Polygon","coordinates":[[[105.26092932667551,-5.5457721669040101],[105.26092928693963,-5.5456817031959185],[105.26083900062294,-5.5456817430026462],[105.26083904034508,-5.5457722067113924],[105.26092932667551,-5.5457721669040101]]]},"properties":{"FID":61,"Id":62,"gridcode":3}},{"type":"Feature","id":62,"geometry":{"type":"Polygon","coordinates":[[[105.26074871430558,-5.5456817827956],[105.26083900062294,-5.5456817430026462],[105.26092928693963,-5.5456817031959185],[105.26092924720442,-5.5455912394875497],[105.26074867459786,-5.5455913190859247],[105.26074871430558,-5.5456817827956]]]},"properties":{"FID":62,"Id":63,"gridcode":4}},{"type":"Feature","id":63,"geometry":{"type":"Polygon","coordinates":[[[105.26092932667551,-5.5457721669040101],[105.2610196130053,-5.5457721270828522],[105.26101957325567,-5.5456816633754134],[105.26092928693963,-5.5456817031959185],[105.26092932667551,-5.5457721669040101]]]},"properties":{"FID":63,"Id":64,"gridcode":2}},{"type":"Feature","id":64,"geometry":{"type":"Polygon","coordinates":[[[105.26065850737749,-5.5458627499946038],[105.26074879372298,-5.5458627102141209],[105.26074875401396,-5.5457722465049981],[105.26065846768219,-5.5457722862848291],[105.26065850737749,-5.5458627499946038]]]},"properties":{"FID":64,"Id":65,"gridcode":2}},{"type":"Feature","id":65,"geometry":{"type":"Polygon","coordinates":[[[105.26038760868296,-5.545772405541662],[105.260387648337,-5.5458628692533933],[105.26047793468449,-5.54586282951424],[105.26056822103131,-5.5458627897613102],[105.26056818134978,-5.5457723260508827],[105.26038760868296,-5.545772405541662]]]},"properties":{"FID":65,"Id":66,"gridcode":4}},{"type":"Feature","id":66,"geometry":{"type":"Polygon","coordinates":[[[105.2605681416689,-5.545681862340178],[105.26056818134978,-5.5457723260508827],[105.26056822103131,-5.5458627897613102],[105.26065850737749,-5.5458627499946038],[105.26065846768219,-5.5457722862848291],[105.26074875401396,-5.5457722465049981],[105.26074871430558,-5.5456817827956],[105.26074867459786,-5.5455913190859247],[105.26065838829361,-5.5455913588644492],[105.26065842798756,-5.5456818225747773],[105.2605681416689,-5.545681862340178]]]},"properties":{"FID":66,"Id":67,"gridcode":3}},{"type":"Feature","id":67,"geometry":{"type":"Polygon","coordinates":[[[105.24648346805039,-5.5456878970432308],[105.24648358066035,-5.5459592884716153],[105.24666415357916,-5.5459592132214137],[105.24659677839659,-5.5458235455689397],[105.2466640408867,-5.5456878217967338],[105.24648346805039,-5.5456878970432308]]]},"properties":{"FID":67,"Id":68,"gridcode":4}},{"type":"Feature","id":68,"geometry":{"type":"Polygon","coordinates":[[[105.24666419114456,-5.5460496770290879],[105.24675447761678,-5.5460496393827041],[105.24675444003763,-5.5459591755756481],[105.24666415357916,-5.5459592132214137],[105.24666419114456,-5.5460496770290879]]]},"properties":{"FID":68,"Id":69,"gridcode":5}},{"type":"Feature","id":69,"geometry":{"type":"Polygon","coordinates":[[[105.26011686851815,-5.5460439158147432],[105.26020715489511,-5.5460438761156157],[105.26020711526726,-5.545953412403132],[105.26011682890405,-5.5459534521016076],[105.26011686851815,-5.5460439158147432]]]},"properties":{"FID":69,"Id":70,"gridcode":2}},{"type":"Feature","id":70,"geometry":{"type":"Polygon","coordinates":[[[105.26038760868296,-5.545772405541662],[105.26005595683887,-5.5459064170758836],[105.26011682890405,-5.5459534521016076],[105.26020711526726,-5.545953412403132],[105.26047797435294,-5.5459532932250442],[105.26047793468449,-5.54586282951424],[105.260387648337,-5.5458628692533933],[105.26038760868296,-5.545772405541662]]]},"properties":{"FID":70,"Id":71,"gridcode":3}},{"type":"Feature","id":71,"geometry":{"type":"Polygon","coordinates":[[[105.26047797435294,-5.5459532932250442],[105.26065854707343,-5.5459532137041014],[105.26065850737749,-5.5458627499946038],[105.26056822103131,-5.5458627897613102],[105.26047793468449,-5.54586282951424],[105.26047797435294,-5.5459532932250442]]]},"properties":{"FID":71,"Id":72,"gridcode":2}},{"type":"Feature","id":72,"geometry":{"type":"Polygon","coordinates":[[[105.26002662174156,-5.5461344192136037],[105.26002658214055,-5.5460439555000933],[105.25993629576229,-5.5460439951716678],[105.25993633534955,-5.5461344588858301],[105.26002662174156,-5.5461344192136037]]]},"properties":{"FID":72,"Id":73,"gridcode":3}},{"type":"Feature","id":73,"geometry":{"type":"Polygon","coordinates":[[[105.24666419114456,-5.5460496770290879],[105.24674033983379,-5.5461687495278396],[105.24687999989294,-5.5460396411158719],[105.24675444003763,-5.5459591755756481],[105.24675447761678,-5.5460496393827041],[105.24666419114456,-5.5460496770290879]]]},"properties":{"FID":73,"Id":74,"gridcode":4}},{"type":"Feature","id":74,"geometry":{"type":"Polygon","coordinates":[[[105.25957526884142,-5.5463155448696568],[105.25957522930784,-5.5462250811534464],[105.25948494289881,-5.5462251207574358],[105.25948498241863,-5.5463155844742964],[105.25957526884142,-5.5463155448696568]]]},"properties":{"FID":74,"Id":75,"gridcode":3}},{"type":"Feature","id":75,"geometry":{"type":"Polygon","coordinates":[[[105.25966555526355,-5.546315505251239],[105.25966551571624,-5.5462250415356795],[105.25957522930784,-5.5462250811534464],[105.25957526884142,-5.5463155448696568],[105.25966555526355,-5.546315505251239]]]},"properties":{"FID":75,"Id":76,"gridcode":2}},{"type":"Feature","id":76,"geometry":{"type":"Polygon","coordinates":[[[105.26002670094555,-5.546315346639795],[105.26002666134322,-5.5462248829268379],[105.25993637493745,-5.5462249225997136],[105.25993641452604,-5.5463153863133225],[105.26002670094555,-5.546315346639795]]]},"properties":{"FID":76,"Id":77,"gridcode":3}},{"type":"Feature","id":77,"geometry":{"type":"Polygon","coordinates":[[[105.26002658214055,-5.5460439555000933],[105.26002662174156,-5.5461344192136037],[105.26002666134322,-5.5462248829268379],[105.26011694774833,-5.5462248432401839],[105.26011686851815,-5.5460439158147432],[105.26002658214055,-5.5460439555000933]]]},"properties":{"FID":77,"Id":78,"gridcode":2}},{"type":"Feature","id":78,"geometry":{"type":"Polygon","coordinates":[[[105.2593947355019,-5.5464060877823931],[105.25939469599517,-5.5463156240651585],[105.25930440957107,-5.5463156636422442],[105.25930444906405,-5.5464061273601271],[105.2593947355019,-5.5464060877823931]]]},"properties":{"FID":78,"Id":79,"gridcode":3}},{"type":"Feature","id":79,"geometry":{"type":"Polygon","coordinates":[[[105.25957530837564,-5.5464060085855911],[105.25966559481152,-5.546405968966523],[105.25966555526355,-5.546315505251239],[105.25957526884142,-5.5463155448696568],[105.25957530837564,-5.5464060085855911]]]},"properties":{"FID":79,"Id":80,"gridcode":3}},{"type":"Feature","id":80,"geometry":{"type":"Polygon","coordinates":[[[105.25966555526355,-5.546315505251239],[105.25984612810586,-5.5463154259730718],[105.25975576256354,-5.546134538188948],[105.25966547616957,-5.546134577819843],[105.25966551571624,-5.5462250415356795],[105.25966555526355,-5.546315505251239]]]},"properties":{"FID":80,"Id":81,"gridcode":3}},{"type":"Feature","id":81,"geometry":{"type":"Polygon","coordinates":[[[105.25993645411525,-5.5464058500266544],[105.25993641452604,-5.5463153863133225],[105.25984612810586,-5.5463154259730718],[105.25984616768133,-5.5464058896870547],[105.25993645411525,-5.5464058500266544]]]},"properties":{"FID":81,"Id":82,"gridcode":3}},{"type":"Feature","id":82,"geometry":{"type":"Polygon","coordinates":[[[105.25975576256354,-5.546134538188948],[105.25984612810586,-5.5463154259730718],[105.25993641452604,-5.5463153863133225],[105.25993637493745,-5.5462249225997136],[105.26002666134322,-5.5462248829268379],[105.26002662174156,-5.5461344192136037],[105.25993633534955,-5.5461344588858301],[105.25975576256354,-5.546134538188948]]]},"properties":{"FID":82,"Id":83,"gridcode":4}},{"type":"Feature","id":83,"geometry":{"type":"Polygon","coordinates":[[[105.25993645411525,-5.5464058500266544],[105.26002674054853,-5.5464058103524767],[105.26002670094555,-5.546315346639795],[105.25993641452604,-5.5463153863133225],[105.25993645411525,-5.5464058500266544]]]},"properties":{"FID":83,"Id":84,"gridcode":2}},{"type":"Feature","id":84,"geometry":{"type":"Polygon","coordinates":[[[105.25939477500927,-5.5464965514993496],[105.2593947355019,-5.5464060877823931],[105.25930444906405,-5.5464061273601271],[105.25930448855767,-5.5464965910777337],[105.25939477500927,-5.5464965514993496]]]},"properties":{"FID":84,"Id":85,"gridcode":4}},{"type":"Feature","id":85,"geometry":{"type":"Polygon","coordinates":[[[105.25948506146023,-5.5464965119071881],[105.2594850219391,-5.5464060481908808],[105.2593947355019,-5.5464060877823931],[105.25939477500927,-5.5464965514993496],[105.25948506146023,-5.5464965119071881]]]},"properties":{"FID":85,"Id":86,"gridcode":3}},{"type":"Feature","id":86,"geometry":{"type":"Polygon","coordinates":[[[105.25948506146023,-5.5464965119071881],[105.25957534791051,-5.5464964723012482],[105.25957530837564,-5.5464060085855911],[105.2594850219391,-5.5464060481908808],[105.25948506146023,-5.5464965119071881]]]},"properties":{"FID":86,"Id":87,"gridcode":2}},{"type":"Feature","id":87,"geometry":{"type":"Polygon","coordinates":[[[105.2593947355019,-5.5464060877823931],[105.2594850219391,-5.5464060481908808],[105.25957530837564,-5.5464060085855911],[105.25957526884142,-5.5463155448696568],[105.25948498241863,-5.5463155844742964],[105.25939469599517,-5.5463156240651585],[105.2593947355019,-5.5464060877823931]]]},"properties":{"FID":87,"Id":88,"gridcode":4}},{"type":"Feature","id":88,"geometry":{"type":"Polygon","coordinates":[[[105.25939481451731,-5.5465870152160299],[105.25939477500927,-5.5464965514993496],[105.25930448855767,-5.5464965910777337],[105.25930452805196,-5.5465870547950633],[105.25939481451731,-5.5465870152160299]]]},"properties":{"FID":88,"Id":89,"gridcode":3}},{"type":"Feature","id":89,"geometry":{"type":"Polygon","coordinates":[[[105.25939481451731,-5.5465870152160299],[105.259485100982,-5.5465869756232191],[105.25948506146023,-5.5464965119071881],[105.25939477500927,-5.5464965514993496],[105.25939481451731,-5.5465870152160299]]]},"properties":{"FID":89,"Id":90,"gridcode":2}},{"type":"Feature","id":90,"geometry":{"type":"Polygon","coordinates":[[[105.25912399458672,-5.5466775976301479],[105.25912395511928,-5.5465871339117951],[105.25903366865197,-5.5465871734494945],[105.25903370810565,-5.5466776371684956],[105.25912399458672,-5.5466775976301479]]]},"properties":{"FID":90,"Id":91,"gridcode":2}},{"type":"Feature","id":91,"geometry":{"type":"Polygon","coordinates":[[[105.25921428106713,-5.5466775580780219],[105.25921424158595,-5.5465870943603184],[105.25912395511928,-5.5465871339117951],[105.25912399458672,-5.5466775976301479],[105.25921428106713,-5.5466775580780219]]]},"properties":{"FID":91,"Id":92,"gridcode":3}},{"type":"Feature","id":92,"geometry":{"type":"Polygon","coordinates":[[[105.25921428106713,-5.5466775580780219],[105.25930456754689,-5.5466775185121167],[105.25930452805196,-5.5465870547950633],[105.25921424158595,-5.5465870943603184],[105.25921428106713,-5.5466775580780219]]]},"properties":{"FID":92,"Id":93,"gridcode":2}},{"type":"Feature","id":93,"geometry":{"type":"Polygon","coordinates":[[[105.25912395511928,-5.5465871339117951],[105.25921424158595,-5.5465870943603184],[105.25930452805196,-5.5465870547950633],[105.25930448855767,-5.5464965910777337],[105.25912391565251,-5.5464966701931679],[105.25912395511928,-5.5465871339117951]]]},"properties":{"FID":93,"Id":94,"gridcode":4}},{"type":"Feature","id":94,"geometry":{"type":"Polygon","coordinates":[[[105.25280378533083,-5.5463184769851868],[105.25271349885958,-5.5463185155565169],[105.25271365282012,-5.5466803706135774],[105.25280393934638,-5.5466803320397151],[105.25280378533083,-5.5463184769851868]]]},"properties":{"FID":94,"Id":95,"gridcode":5}},{"type":"Feature","id":95,"geometry":{"type":"Polygon","coordinates":[[[105.25289434143161,-5.5469516847381728],[105.25298462799785,-5.546951646134854],[105.25298458946359,-5.5468611823737319],[105.2528943029111,-5.5468612209764165],[105.25289434143161,-5.5469516847381728]]]},"properties":{"FID":95,"Id":96,"gridcode":5}},{"type":"Feature","id":96,"geometry":{"type":"Polygon","coordinates":[[[105.25840182079608,-5.5469493047200844],[105.25849210732297,-5.5469492652762442],[105.25849206794983,-5.5468588015541833],[105.2584017814367,-5.5468588409973769],[105.25840182079608,-5.5469493047200844]]]},"properties":{"FID":96,"Id":97,"gridcode":4}},{"type":"Feature","id":97,"geometry":{"type":"Polygon","coordinates":[[[105.25885325342401,-5.5469491073630905],[105.25885321399588,-5.5468586436436214],[105.25876292748535,-5.5468586831419309],[105.25876296689974,-5.5469491468620475],[105.25885325342401,-5.5469491073630905]]]},"properties":{"FID":97,"Id":98,"gridcode":3}},{"type":"Feature","id":98,"geometry":{"type":"Polygon","coordinates":[[[105.25894342162393,-5.546677676693065],[105.25876284865853,-5.5466777557008689],[105.25876292748535,-5.5468586831419309],[105.25885321399588,-5.5468586436436214],[105.25894342162393,-5.546677676693065]]]},"properties":{"FID":98,"Id":99,"gridcode":4}},{"type":"Feature","id":99,"geometry":{"type":"Polygon","coordinates":[[[105.25885325342401,-5.5469491073630905],[105.25894353994764,-5.5469490678503552],[105.25894350050575,-5.5468586041315344],[105.25885321399588,-5.5468586436436214],[105.25885325342401,-5.5469491073630905]]]},"properties":{"FID":99,"Id":100,"gridcode":2}},{"type":"Feature","id":100,"geometry":{"type":"Polygon","coordinates":[[[105.25885321399588,-5.5468586436436214],[105.25894350050575,-5.5468586041315344],[105.25906338576374,-5.5467977713225824],[105.25912399458672,-5.5466775976301479],[105.25903370810565,-5.5466776371684956],[105.25903366865197,-5.5465871734494945],[105.25898122662339,-5.5464696701437175],[105.25894342162393,-5.546677676693065],[105.25885321399588,-5.5468586436436214]]]},"properties":{"FID":100,"Id":101,"gridcode":3}},{"type":"Feature","id":101,"geometry":{"type":"Polygon","coordinates":[[[105.25876300631477,-5.5470396105818889],[105.25885329285281,-5.5470395710822835],[105.25885325342401,-5.5469491073630905],[105.25876296689974,-5.5469491468620475],[105.25876300631477,-5.5470396105818889]]]},"properties":{"FID":101,"Id":102,"gridcode":2}},{"type":"Feature","id":102,"geometry":{"type":"Polygon","coordinates":[[[105.25009553375315,-5.5471338021683394],[105.25009549565769,-5.5470433383876143],[105.25000520905741,-5.5470433765506275],[105.25000524713911,-5.5471338403319796],[105.25009553375315,-5.5471338021683394]]]},"properties":{"FID":102,"Id":103,"gridcode":3}},{"type":"Feature","id":103,"geometry":{"type":"Polygon","coordinates":[[[105.25054689048612,-5.546952683587989],[105.2505469286497,-5.5470431473658559],[105.25072750184208,-5.5470430708606973],[105.25072746365099,-5.5469526070840853],[105.25054689048612,-5.546952683587989]]]},"properties":{"FID":103,"Id":104,"gridcode":5}},{"type":"Feature","id":104,"geometry":{"type":"Polygon","coordinates":[[[105.25831161296175,-5.5471302715960249],[105.25828068645242,-5.5470250334762037],[105.2582008002402,-5.5470976840606117],[105.25831161296175,-5.5471302715960249]]]},"properties":{"FID":104,"Id":105,"gridcode":3}},{"type":"Feature","id":105,"geometry":{"type":"Polygon","coordinates":[[[105.25858235446233,-5.5468587620972114],[105.25861545821746,-5.5470226942484242],[105.25876296689974,-5.5469491468620475],[105.25876292748535,-5.5468586831419309],[105.25858235446233,-5.5468587620972114]]]},"properties":{"FID":105,"Id":106,"gridcode":4}},{"type":"Feature","id":106,"geometry":{"type":"Polygon","coordinates":[[[105.25090815147102,-5.5472239218503061],[105.25090811325116,-5.5471334580755016],[105.2508178266428,-5.5471334963631573],[105.25081786484891,-5.5472239601385898],[105.25090815147102,-5.5472239218503061]]]},"properties":{"FID":106,"Id":107,"gridcode":5}},{"type":"Feature","id":107,"geometry":{"type":"Polygon","coordinates":[[[105.2526234047712,-5.5467708729378664],[105.25253311822992,-5.5467709114848036],[105.25253327209319,-5.5471327665413988],[105.25262355868949,-5.547132727991932],[105.2526234047712,-5.5467708729378664]]]},"properties":{"FID":107,"Id":108,"gridcode":5}},{"type":"Feature","id":108,"geometry":{"type":"Polygon","coordinates":[[[105.25840182079608,-5.5469493047200844],[105.25846868432072,-5.5470815929631474],[105.2587020408603,-5.5471604911448713],[105.25876300631477,-5.5470396105818889],[105.25876296689974,-5.5469491468620475],[105.25861545821746,-5.5470226942484242],[105.25858235446233,-5.5468587620972114],[105.25849206794983,-5.5468588015541833],[105.25849210732297,-5.5469492652762442],[105.25840182079608,-5.5469493047200844]]]},"properties":{"FID":108,"Id":109,"gridcode":3}},{"type":"Feature","id":109,"geometry":{"type":"Polygon","coordinates":[[[105.25280420889814,-5.5473135783745047],[105.2527732833405,-5.5472083399228556],[105.25269339639678,-5.5472809897952571],[105.25280420889814,-5.5473135783745047]]]},"properties":{"FID":109,"Id":110,"gridcode":5}},{"type":"Feature","id":110,"geometry":{"type":"Polygon","coordinates":[[[105.25289437995276,-5.5470421484996519],[105.25289445699697,-5.5472230760217824],[105.25298474360447,-5.5472230374165639],[105.25298466653274,-5.5470421098956999],[105.25289437995276,-5.5470421484996519]]]},"properties":{"FID":110,"Id":111,"gridcode":5}},{"type":"Feature","id":111,"geometry":{"type":"Polygon","coordinates":[[[105.25099847632676,-5.5473143473221409],[105.2510436686234,-5.5474301920314808],[105.25108876296136,-5.5473143090056691],[105.25099847632676,-5.5473143473221409]]]},"properties":{"FID":111,"Id":112,"gridcode":5}},{"type":"Feature","id":112,"geometry":{"type":"Polygon","coordinates":[[[105.25000524713911,-5.5471338403319796],[105.25000536138802,-5.5474052316743769],[105.25009564804331,-5.5474051935088582],[105.25009553375315,-5.5471338021683394],[105.25000524713911,-5.5471338403319796]]]},"properties":{"FID":112,"Id":113,"gridcode":2}},{"type":"Feature","id":113,"geometry":{"type":"Polygon","coordinates":[[[105.25831173100644,-5.5474016627627698],[105.25826649626406,-5.5471914122066854],[105.25822144440949,-5.5474017021822863],[105.25831173100644,-5.5474016627627698]]]},"properties":{"FID":113,"Id":114,"gridcode":4}},{"type":"Feature","id":114,"geometry":{"type":"Polygon","coordinates":[[[105.25135969944178,-5.5474951215155119],[105.25140489182299,-5.5476109661927309],[105.25144998610136,-5.5474950831426613],[105.25135969944178,-5.5474951215155119]]]},"properties":{"FID":114,"Id":115,"gridcode":5}},{"type":"Feature","id":115,"geometry":{"type":"Polygon","coordinates":[[[105.25163059775102,-5.5475854701242833],[105.25163055941859,-5.5474950063556179],[105.25154027276028,-5.5474950447560296],[105.25154031107895,-5.5475855085253247],[105.25163059775102,-5.5475854701242833]]]},"properties":{"FID":115,"Id":116,"gridcode":5}},{"type":"Feature","id":116,"geometry":{"type":"Polygon","coordinates":[[[105.25813127577992,-5.5476731327561621],[105.25813123645659,-5.5475826690337247],[105.25801561912974,-5.5476279513468567],[105.25813127577992,-5.5476731327561621]]]},"properties":{"FID":116,"Id":117,"gridcode":4}},{"type":"Feature","id":117,"geometry":{"type":"Polygon","coordinates":[[[105.25822160175652,-5.5477635570700006],[105.25822156241878,-5.5476730933484868],[105.25813127577992,-5.5476731327561621],[105.25813131510391,-5.5477635964783225],[105.25822160175652,-5.5477635570700006]]]},"properties":{"FID":117,"Id":118,"gridcode":4}},{"type":"Feature","id":118,"geometry":{"type":"Polygon","coordinates":[[[105.25822144440949,-5.5474017021822863],[105.25813123645659,-5.5475826690337247],[105.25813127577992,-5.5476731327561621],[105.25822156241878,-5.5476730933484868],[105.2582814658256,-5.5475522132938959],[105.25831173100644,-5.5474016627627698],[105.25822144440949,-5.5474017021822863]]]},"properties":{"FID":118,"Id":119,"gridcode":3}},{"type":"Feature","id":119,"geometry":{"type":"Polygon","coordinates":[[[105.25253331056059,-5.5472232303048568],[105.25253354137845,-5.5477660128798059],[105.25262382807102,-5.5477659743259116],[105.25262359717065,-5.5472231917547576],[105.25253331056059,-5.5472232303048568]]]},"properties":{"FID":119,"Id":120,"gridcode":5}},{"type":"Feature","id":120,"geometry":{"type":"Polygon","coordinates":[[[105.25822164109492,-5.5478540207912381],[105.25822160175652,-5.5477635570700006],[105.25813131510391,-5.5477635964783225],[105.25813135442854,-5.5478540602002067],[105.25822164109492,-5.5478540207912381]]]},"properties":{"FID":120,"Id":121,"gridcode":3}},{"type":"Feature","id":121,"geometry":{"type":"Polygon","coordinates":[[[105.25226275815878,-5.5479470559853663],[105.25244333160212,-5.5479469789439557],[105.25244329314337,-5.5478565151820751],[105.25226271972754,-5.5478565922222218],[105.25226275815878,-5.5479470559853663]]]},"properties":{"FID":121,"Id":122,"gridcode":5}},{"type":"Feature","id":122,"geometry":{"type":"Polygon","coordinates":[[[105.25298493629491,-5.5476753562138885],[105.25298505191684,-5.5479467474889681],[105.25307533863374,-5.5479467088649015],[105.25307522297055,-5.5476753175917226],[105.25298493629491,-5.5476753562138885]]]},"properties":{"FID":122,"Id":123,"gridcode":4}},{"type":"Feature","id":123,"geometry":{"type":"Polygon","coordinates":[[[105.25795085969003,-5.5480350664223224],[105.2579199331892,-5.5479298282860654],[105.25784004681401,-5.5480024788272599],[105.25795085969003,-5.5480350664223224]]]},"properties":{"FID":123,"Id":124,"gridcode":3}},{"type":"Feature","id":124,"geometry":{"type":"Polygon","coordinates":[[[105.25813135442854,-5.5478540602002067],[105.25802037131396,-5.5478976967052684],[105.25817634443197,-5.5479699754991403],[105.25822164109492,-5.5478540207912381],[105.25813135442854,-5.5478540602002067]]]},"properties":{"FID":124,"Id":125,"gridcode":2}},{"type":"Feature","id":125,"geometry":{"type":"Polygon","coordinates":[[[105.25307541574573,-5.5481276363789718],[105.2530753771894,-5.5480371726220747],[105.25298509045876,-5.5480372112467746],[105.25298512900133,-5.5481276750043058],[105.25307541574573,-5.5481276363789718]]]},"properties":{"FID":125,"Id":126,"gridcode":4}},{"type":"Feature","id":126,"geometry":{"type":"Polygon","coordinates":[[[105.25009564804331,-5.5474051935088582],[105.25013258514348,-5.5475491566753847],[105.25023943670726,-5.5476230090939893],[105.25031323476031,-5.547730007844824],[105.25042008637864,-5.5478038602278605],[105.25049388448718,-5.5479108589530197],[105.25085780232602,-5.5480042687558235],[105.25095966565573,-5.5479813431256373],[105.25103568134045,-5.5480915568277771],[105.25117939397964,-5.5481284446167614],[105.25141366542067,-5.5476592712411579],[105.251666881335,-5.5477830440265379],[105.25172092276925,-5.5476758954772194],[105.25172088442244,-5.5475854317094608],[105.25163059775102,-5.5475854701242833],[105.25154031107895,-5.5475855085253247],[105.25154027276028,-5.5474950447560296],[105.25144998610136,-5.5474950831426613],[105.25140489182299,-5.5476109661927309],[105.25135969944178,-5.5474951215155119],[105.25132934334263,-5.5474350608053715],[105.25108876296136,-5.5473143090056691],[105.2510436686234,-5.5474301920314808],[105.25099847632676,-5.5473143473221409],[105.25090818969151,-5.5473143856248326],[105.25090815147102,-5.5472239218503061],[105.25081786484891,-5.5472239601385898],[105.2508178266428,-5.5471334963631573],[105.25081778843732,-5.5470430325874487],[105.25072750184208,-5.5470430708606973],[105.2505469286497,-5.5470431473658559],[105.25054689048612,-5.546952683587989],[105.2501662217539,-5.5468191797549133],[105.25009549565769,-5.5470433383876143],[105.25009553375315,-5.5471338021683394],[105.25009564804331,-5.5474051935088582]]]},"properties":{"FID":126,"Id":127,"gridcode":4}},{"type":"Feature","id":127,"geometry":{"type":"Polygon","coordinates":[[[105.25298489775555,-5.5475848924549762],[105.25283466804493,-5.547615346862468],[105.25273168945,-5.54781952459743],[105.25286440892332,-5.5478867254769195],[105.25292516001488,-5.5480973104776705],[105.25298512900133,-5.5481276750043058],[105.25298509045876,-5.5480372112467746],[105.2530753771894,-5.5480371726220747],[105.25307533863374,-5.5479467088649015],[105.25298505191684,-5.5479467474889681],[105.25298493629491,-5.5476753562138885],[105.25298489775555,-5.5475848924549762]]]},"properties":{"FID":127,"Id":128,"gridcode":5}},{"type":"Feature","id":128,"geometry":{"type":"Polygon","coordinates":[[[105.25117939397964,-5.5481284446167614],[105.25181140126615,-5.5481281758794836],[105.25181147799555,-5.5483091034101477],[105.25199205155529,-5.5483090265015074],[105.25190247946789,-5.5481286676938986],[105.25199084814338,-5.5479471718913924],[105.2519182499567,-5.5477983873960337],[105.25217239460181,-5.5477661669575715],[105.2521723561856,-5.5476757031932422],[105.25172092276925,-5.5476758954772194],[105.251666881335,-5.5477830440265379],[105.25141366542067,-5.5476592712411579],[105.25117939397964,-5.5481284446167614]]]},"properties":{"FID":128,"Id":129,"gridcode":5}},{"type":"Feature","id":129,"geometry":{"type":"Polygon","coordinates":[[[105.25217239460181,-5.5477661669575715],[105.2519182499567,-5.5477983873960337],[105.25199084814338,-5.5479471718913924],[105.25190247946789,-5.5481286676938986],[105.25199205155529,-5.5483090265015074],[105.2520823383342,-5.5483089880265135],[105.25211855536155,-5.5480202259124169],[105.25226275815878,-5.5479470559853663],[105.25226271972754,-5.5478565922222218],[105.25226268129693,-5.547766128458802],[105.25217239460181,-5.5477661669575715]]]},"properties":{"FID":129,"Id":130,"gridcode":4}},{"type":"Feature","id":130,"geometry":{"type":"Polygon","coordinates":[[[105.2520823383342,-5.5483089880265135],[105.25262405899434,-5.5483087568871179],[105.25253299020513,-5.5481285749735427],[105.2522931143787,-5.548007116641088],[105.25226275815878,-5.5479470559853663],[105.25211855536155,-5.5480202259124169],[105.2520823383342,-5.5483089880265135]]]},"properties":{"FID":130,"Id":131,"gridcode":5}},{"type":"Feature","id":131,"geometry":{"type":"Polygon","coordinates":[[[105.25280463254263,-5.5483086797303924],[105.25275939964696,-5.5480984286728843],[105.25271434576881,-5.5483087183156465],[105.25280463254263,-5.5483086797303924]]]},"properties":{"FID":131,"Id":132,"gridcode":5}},{"type":"Feature","id":132,"geometry":{"type":"Polygon","coordinates":[[[105.25280420889814,-5.5473135783745047],[105.25269339639678,-5.5472809897952571],[105.2527732833405,-5.5472083399228556],[105.25280420889814,-5.5473135783745047]],[[105.25271434576881,-5.5483087183156465],[105.25275939964696,-5.5480984286728843],[105.25280463254263,-5.5483086797303924],[105.25289491931581,-5.5483086411313565],[105.25298512900133,-5.5481276750043058],[105.25292516001488,-5.5480973104776705],[105.25286440892332,-5.5478867254769195],[105.25273168945,-5.54781952459743],[105.25283466804493,-5.547615346862468],[105.25298489775555,-5.5475848924549762],[105.25298474360447,-5.5472230374165639],[105.25289445699697,-5.5472230760217824],[105.25289437995276,-5.5470421484996519],[105.25289434143161,-5.5469516847381728],[105.2528943029111,-5.5468612209764165],[105.25298458946359,-5.5468611823737319],[105.25302132746407,-5.5465362603495763],[105.25314020327387,-5.5464539476578221],[105.25292516537546,-5.5461421695493902],[105.25280378533083,-5.5463184769851868],[105.25280393934638,-5.5466803320397151],[105.25271365282012,-5.5466803706135774],[105.25271369131185,-5.5467708343771509],[105.2526234047712,-5.5467708729378664],[105.25262355868949,-5.547132727991932],[105.25253327209319,-5.5471327665413988],[105.25253331056059,-5.5472232303048568],[105.25262359717065,-5.5472231917547576],[105.25262382807102,-5.5477659743259116],[105.25253354137845,-5.5477660128798059],[105.25253361832284,-5.5479469404025785],[105.25244333160212,-5.5479469789439557],[105.25226275815878,-5.5479470559853663],[105.2522931143787,-5.548007116641088],[105.25253299020513,-5.5481285749735427],[105.25262405899434,-5.5483087568871179],[105.25271434576881,-5.5483087183156465]]]},"properties":{"FID":132,"Id":133,"gridcode":4}},{"type":"Feature","id":133,"geometry":{"type":"Polygon","coordinates":[[[105.25289491931581,-5.5483086411313565],[105.25307549286026,-5.5483085638919372],[105.25307541574573,-5.5481276363789718],[105.25298512900133,-5.5481276750043058],[105.25289491931581,-5.5483086411313565]]]},"properties":{"FID":133,"Id":134,"gridcode":5}},{"type":"Feature","id":134,"geometry":{"type":"Polygon","coordinates":[[[105.25244360083124,-5.5485802252693803],[105.2524126752605,-5.5484749868034626],[105.25233278810707,-5.548547636633832],[105.25244360083124,-5.5485802252693803]]]},"properties":{"FID":134,"Id":135,"gridcode":5}},{"type":"Feature","id":135,"geometry":{"type":"Polygon","coordinates":[[[105.25777052193686,-5.548577927484061],[105.25777048266205,-5.5484874637618038],[105.25768019589613,-5.5484875031063829],[105.25768023515718,-5.5485779668292858],[105.25777052193686,-5.548577927484061]]]},"properties":{"FID":135,"Id":136,"gridcode":4}},{"type":"Feature","id":136,"geometry":{"type":"Polygon","coordinates":[[[105.25777056121234,-5.5486683912060419],[105.25777052193686,-5.548577927484061],[105.25768023515718,-5.5485779668292858],[105.2576802744189,-5.5486684305519116],[105.25777056121234,-5.5486683912060419]]]},"properties":{"FID":136,"Id":137,"gridcode":3}},{"type":"Feature","id":137,"geometry":{"type":"Polygon","coordinates":[[[105.25777056121234,-5.5486683912060419],[105.25786084800511,-5.5486683518463877],[105.25786080871589,-5.5485778881250534],[105.25777052193686,-5.548577927484061],[105.25777056121234,-5.5486683912060419]]]},"properties":{"FID":137,"Id":138,"gridcode":2}},{"type":"Feature","id":138,"geometry":{"type":"Polygon","coordinates":[[[105.25786080871589,-5.5485778881250534],[105.25782282258484,-5.5483699146795269],[105.25777048266205,-5.5484874637618038],[105.25777052193686,-5.548577927484061],[105.25786080871589,-5.5485778881250534]]]},"properties":{"FID":138,"Id":139,"gridcode":3}},{"type":"Feature","id":139,"geometry":{"type":"Polygon","coordinates":[[[105.2576802744189,-5.5486684305519116],[105.25772546811093,-5.5487842746808713],[105.25777056121234,-5.5486683912060419],[105.2576802744189,-5.5486684305519116]]]},"properties":{"FID":139,"Id":140,"gridcode":4}},{"type":"Feature","id":140,"geometry":{"type":"Polygon","coordinates":[[[105.25632655834772,-5.5500259750369807],[105.25641684535725,-5.5500259358882325],[105.25641680627842,-5.5499354721607412],[105.25632651928265,-5.5499355113088482],[105.25632655834772,-5.5500259750369807]]]},"properties":{"FID":140,"Id":141,"gridcode":3}},{"type":"Feature","id":141,"geometry":{"type":"Polygon","coordinates":[[[105.25641680627842,-5.5499354721607412],[105.25672502386539,-5.5498399637603564],[105.25648562561453,-5.5497118272433914],[105.25641680627842,-5.5499354721607412]]]},"properties":{"FID":141,"Id":142,"gridcode":4}},{"type":"Feature","id":142,"geometry":{"type":"Polygon","coordinates":[[[105.25397917329022,-5.5502079155539725],[105.25394824735299,-5.5501026771904387],[105.25386836018694,-5.5501753272256957],[105.25397917329022,-5.5502079155539725]]]},"properties":{"FID":142,"Id":143,"gridcode":4}},{"type":"Feature","id":143,"geometry":{"type":"Polygon","coordinates":[[[105.25596552733711,-5.5502975226845486],[105.25605581439051,-5.5502974835890235],[105.25605577536479,-5.550207019859795],[105.25596548832515,-5.5502070589546797],[105.25596552733711,-5.5502975226845486]]]},"properties":{"FID":143,"Id":144,"gridcode":3}},{"type":"Feature","id":144,"geometry":{"type":"Polygon","coordinates":[[[105.25425007320018,-5.5502982628799193],[105.25422155157715,-5.5501027409297157],[105.2540497481837,-5.5502691020409403],[105.25425007320018,-5.5502982628799193]]]},"properties":{"FID":144,"Id":145,"gridcode":4}},{"type":"Feature","id":145,"geometry":{"type":"Polygon","coordinates":[[[105.25497240856845,-5.5503884155619874],[105.25494148244663,-5.5502831772595611],[105.25486159538499,-5.5503558274241191],[105.25497240856845,-5.5503884155619874]]]},"properties":{"FID":145,"Id":146,"gridcode":3}},{"type":"Feature","id":146,"geometry":{"type":"Polygon","coordinates":[[[105.25569470514439,-5.5503881036199152],[105.25569466617306,-5.5502976398884005],[105.25560437911707,-5.5502976789287759],[105.25560441807465,-5.5503881426609309],[105.25569470514439,-5.5503881036199152]]]},"properties":{"FID":146,"Id":147,"gridcode":5}},{"type":"Feature","id":147,"geometry":{"type":"Polygon","coordinates":[[[105.25632651928265,-5.5499355113088482],[105.25609746230624,-5.5499774783180431],[105.25591911127147,-5.5500772827882905],[105.25576938004113,-5.5499033012411232],[105.25564946889578,-5.5501728671045694],[105.25513190907762,-5.5501314242061346],[105.25560441807465,-5.5503881426609309],[105.25560437911707,-5.5502976789287759],[105.25569466617306,-5.5502976398884005],[105.25596552733711,-5.5502975226845486],[105.25596548832515,-5.5502070589546797],[105.25605577536479,-5.550207019859795],[105.25605573633969,-5.5501165561302903],[105.25632659741343,-5.5501164387648387],[105.25632655834772,-5.5500259750369807],[105.25632651928265,-5.5499355113088482]]]},"properties":{"FID":147,"Id":148,"gridcode":4}},{"type":"Feature","id":148,"geometry":{"type":"Polygon","coordinates":[[[105.25569470514439,-5.5503881036199152],[105.25572563140429,-5.5504933418761686],[105.25580551837254,-5.5504206915992116],[105.25569470514439,-5.5503881036199152]]]},"properties":{"FID":148,"Id":149,"gridcode":3}},{"type":"Feature","id":149,"geometry":{"type":"Polygon","coordinates":[[[105.25415990234804,-5.5505696929259685],[105.25412897635744,-5.5504644545755033],[105.25404908916794,-5.5505371046355121],[105.25415990234804,-5.5505696929259685]]]},"properties":{"FID":149,"Id":150,"gridcode":4}},{"type":"Feature","id":150,"geometry":{"type":"Polygon","coordinates":[[[105.25461133787937,-5.5505694986796561],[105.25472695605909,-5.5505242169981059],[105.25461129907188,-5.5504790349410253],[105.25461133787937,-5.5505694986796561]]]},"properties":{"FID":150,"Id":151,"gridcode":5}},{"type":"Feature","id":151,"geometry":{"type":"Polygon","coordinates":[[[105.25397936684284,-5.5506602342707883],[105.25393417370906,-5.5505443898356912],[105.2538890797196,-5.5506602730517463],[105.25397936684284,-5.5506602342707883]]]},"properties":{"FID":151,"Id":152,"gridcode":4}},{"type":"Feature","id":152,"geometry":{"type":"Polygon","coordinates":[[[105.25397940555527,-5.5507506980133217],[105.25397936684284,-5.5506602342707883],[105.2538890797196,-5.5506602730517463],[105.25388911841829,-5.5507507367949147],[105.25397940555527,-5.5507506980133217]]]},"properties":{"FID":152,"Id":153,"gridcode":3}},{"type":"Feature","id":153,"geometry":{"type":"Polygon","coordinates":[[[105.2542503444718,-5.5509315090662286],[105.25434063163375,-5.5509314702282069],[105.25434059286498,-5.5508410064887714],[105.25425030571679,-5.5508410453261563],[105.2542503444718,-5.5509315090662286]]]},"properties":{"FID":153,"Id":154,"gridcode":5}},{"type":"Feature","id":154,"geometry":{"type":"Polygon","coordinates":[[[105.25388911841829,-5.5507507367949147],[105.25388915711761,-5.5508412005378078],[105.2536182956615,-5.5508413168017645],[105.25361837297949,-5.5510222442905333],[105.25388923451817,-5.5510221280227645],[105.25406980887408,-5.5510220504419729],[105.25425038322746,-5.5510219728060237],[105.2542503444718,-5.5509315090662286],[105.25425030571679,-5.5508410453261563],[105.25434059286498,-5.5508410064887714],[105.2546114543057,-5.5508408898938839],[105.25461133787937,-5.5505694986796561],[105.25461129907188,-5.5504790349410253],[105.25454429755744,-5.5502564069961631],[105.25438892094918,-5.5504372629111236],[105.25429195463651,-5.550521040141688],[105.25420823080758,-5.5507092538141825],[105.25411266322811,-5.5507016011815073],[105.25397940555527,-5.5507506980133217],[105.25388911841829,-5.5507507367949147]]]},"properties":{"FID":154,"Id":155,"gridcode":4}},{"type":"Feature","id":155,"geometry":{"type":"Polygon","coordinates":[[[105.25388923451817,-5.5510221280227645],[105.25397957571218,-5.5511483051179464],[105.25406980887408,-5.5510220504419729],[105.25388923451817,-5.5510221280227645]]]},"properties":{"FID":155,"Id":156,"gridcode":5}},{"type":"Feature","id":156,"geometry":{"type":"Polygon","coordinates":[[[105.2530768041982,-5.5513843314432076],[105.25316709143731,-5.5513842927812744],[105.25316705284423,-5.5512938290349618],[105.25307676561891,-5.5512938676962618],[105.2530768041982,-5.5513843314432076]]]},"properties":{"FID":156,"Id":157,"gridcode":3}},{"type":"Feature","id":157,"geometry":{"type":"Polygon","coordinates":[[[105.25343810769452,-5.5517460316876104],[105.25343806905761,-5.5516555679443051],[105.25334778177915,-5.5516556066495131],[105.2533478204023,-5.5517460703934516],[105.25343810769452,-5.5517460316876104]]]},"properties":{"FID":157,"Id":158,"gridcode":5}},{"type":"Feature","id":158,"geometry":{"type":"Polygon","coordinates":[[[105.25352839498611,-5.5517459929679767],[105.25352847228937,-5.5519269204524857],[105.25370904692569,-5.5519268429693067],[105.25364833377532,-5.5518067218485276],[105.25352839498611,-5.5517459929679767]]]},"properties":{"FID":158,"Id":159,"gridcode":5}},{"type":"Feature","id":159,"geometry":{"type":"Polygon","coordinates":[[[105.25370912428656,-5.5521077704501689],[105.25382474283752,-5.5520624889305479],[105.25370908560581,-5.5520173067098764],[105.25370912428656,-5.5521077704501689]]]},"properties":{"FID":159,"Id":160,"gridcode":3}},{"type":"Feature","id":160,"geometry":{"type":"Polygon","coordinates":[[[105.25307707427118,-5.5520175776640945],[105.2530771900263,-5.5522889688974697],[105.25316747740304,-5.5522889302291976],[105.2531673616066,-5.552017538997724],[105.25307707427118,-5.5520175776640945]]]},"properties":{"FID":160,"Id":161,"gridcode":3}},{"type":"Feature","id":161,"geometry":{"type":"Polygon","coordinates":[[[105.22481727945359,-5.5524813221535068],[105.22478635848655,-5.5523760820544181],[105.22470646728704,-5.5524487283101465],[105.22481727945359,-5.5524813221535068]]]},"properties":{"FID":161,"Id":162,"gridcode":4}},{"type":"Feature","id":162,"geometry":{"type":"Polygon","coordinates":[[[105.25316747740304,-5.5522889302291976],[105.25316755460385,-5.5524698577154652],[105.25334812941045,-5.5524697803350076],[105.25334805215458,-5.5522888528512766],[105.25316747740304,-5.5522889302291976]]]},"properties":{"FID":162,"Id":163,"gridcode":3}},{"type":"Feature","id":163,"geometry":{"type":"Polygon","coordinates":[[[105.25334812941045,-5.5524697803350076],[105.2535287042145,-5.552469702899379],[105.25352854959519,-5.552107847935889],[105.25370912428656,-5.5521077704501689],[105.25370908560581,-5.5520173067098764],[105.25370904692569,-5.5519268429693067],[105.25352847228937,-5.5519269204524857],[105.25352839498611,-5.5517459929679767],[105.25343810769452,-5.5517460316876104],[105.2533478204023,-5.5517460703934516],[105.25334778177915,-5.5516556066495131],[105.25328204791073,-5.5511647632855592],[105.25316705284423,-5.5512938290349618],[105.25316709143731,-5.5513842927812744],[105.2530768041982,-5.5513843314432076],[105.25301616406028,-5.5516470528461346],[105.25307707427118,-5.5520175776640945],[105.2531673616066,-5.552017538997724],[105.25319988650611,-5.5519065090689104],[105.25327239478085,-5.5519865526536396],[105.2531673616066,-5.552017538997724],[105.25316747740304,-5.5522889302291976],[105.25334805215458,-5.5522888528512766],[105.25334812941045,-5.5524697803350076]]]},"properties":{"FID":163,"Id":164,"gridcode":4}},{"type":"Feature","id":164,"geometry":{"type":"Polygon","coordinates":[[[105.25235704663693,-5.5573552472633461],[105.25232612055338,-5.5572500088441528],[105.25224623225586,-5.5573226586955355],[105.25235704663693,-5.5573552472633461]]]},"properties":{"FID":164,"Id":165,"gridcode":2}},{"type":"Feature","id":165,"geometry":{"type":"Polygon","coordinates":[[[105.25046237168418,-5.5606127492408737],[105.25042612021073,-5.5604071827307529],[105.2503450033761,-5.5605624848727517],[105.25046237168418,-5.5606127492408737]]]},"properties":{"FID":165,"Id":166,"gridcode":4}},{"type":"Feature","id":166,"geometry":{"type":"Polygon","coordinates":[[[105.25290028120482,-5.5608831007487005],[105.25286935481358,-5.5607778623832624],[105.25278946613,-5.5608505123181056],[105.25290028120482,-5.5608831007487005]]]},"properties":{"FID":166,"Id":167,"gridcode":3}},{"type":"Feature","id":167,"geometry":{"type":"Polygon","coordinates":[[[105.25046237168418,-5.5606127492408737],[105.25050490976518,-5.5609127542899905],[105.2506765740811,-5.5606617243334266],[105.25046237168418,-5.5606127492408737]]]},"properties":{"FID":167,"Id":168,"gridcode":4}},{"type":"Feature","id":168,"geometry":{"type":"Polygon","coordinates":[[[105.24432292770533,-5.5610676418946419],[105.2443228903951,-5.5609771781168948],[105.24423260163434,-5.5609772154922297],[105.24423263893077,-5.5610676792705895],[105.24432292770533,-5.5610676418946419]]]},"properties":{"FID":168,"Id":169,"gridcode":2}},{"type":"Feature","id":169,"geometry":{"type":"Polygon","coordinates":[[[105.25082367953597,-5.5609744507892014],[105.25078742791037,-5.5607688843104404],[105.25070631112743,-5.5609241864981671],[105.25082367953597,-5.5609744507892014]]]},"properties":{"FID":169,"Id":170,"gridcode":4}},{"type":"Feature","id":170,"geometry":{"type":"Polygon","coordinates":[[[105.24387148382641,-5.5610678286362312],[105.24423263893077,-5.5610676792705895],[105.24423260163434,-5.5609772154922297],[105.24387144658512,-5.5609773648554279],[105.24387148382641,-5.5610678286362312]]]},"properties":{"FID":170,"Id":171,"gridcode":3}},{"type":"Feature","id":171,"geometry":{"type":"Polygon","coordinates":[[[105.24450350525258,-5.5610675671013059],[105.24468408279738,-5.5610674922527119],[105.24455335380426,-5.5608551110490154],[105.24450350525258,-5.5610675671013059]]]},"properties":{"FID":171,"Id":172,"gridcode":2}},{"type":"Feature","id":172,"geometry":{"type":"Polygon","coordinates":[[[105.24450350525258,-5.5610675671013059],[105.244503542591,-5.5611580308775528],[105.24468412016337,-5.561157956027734],[105.24468408279738,-5.5610674922527119],[105.24450350525258,-5.5610675671013059]]]},"properties":{"FID":172,"Id":173,"gridcode":3}},{"type":"Feature","id":173,"geometry":{"type":"Polygon","coordinates":[[[105.25100433362732,-5.5611553014712856],[105.25096808192563,-5.5609497350082089],[105.25088696516853,-5.5611050372187982],[105.25100433362732,-5.5611553014712856]]]},"properties":{"FID":173,"Id":174,"gridcode":4}},{"type":"Feature","id":174,"geometry":{"type":"Polygon","coordinates":[[[105.24441332845501,-5.5613389958346247],[105.24438240352428,-5.5612337569596271],[105.24430251368966,-5.5613064057936663],[105.24441332845501,-5.5613389958346247]]]},"properties":{"FID":174,"Id":175,"gridcode":5}},{"type":"Feature","id":175,"geometry":{"type":"Polygon","coordinates":[[[105.24974032931901,-5.5612463015379712],[105.24969122229301,-5.5611314595192267],[105.24953267792841,-5.5612097217146239],[105.24974032931901,-5.5612463015379712]]]},"properties":{"FID":175,"Id":176,"gridcode":4}},{"type":"Feature","id":176,"geometry":{"type":"Polygon","coordinates":[[[105.25290047430822,-5.5613354193403417],[105.2528695478897,-5.5612301809775984],[105.25278965914764,-5.5613028309141326],[105.25290047430822,-5.5613354193403417]]]},"properties":{"FID":176,"Id":177,"gridcode":4}},{"type":"Feature","id":177,"geometry":{"type":"Polygon","coordinates":[[[105.24531621657405,-5.5613386211588285],[105.24536140897079,-5.5614544662498631],[105.24540650538255,-5.5613385836152665],[105.24531621657405,-5.5613386211588285]]]},"properties":{"FID":177,"Id":178,"gridcode":5}},{"type":"Feature","id":178,"geometry":{"type":"Polygon","coordinates":[[[105.24477444632902,-5.5612483823562329],[105.24457930204774,-5.5612769568113549],[105.24470357543507,-5.5614057998978028],[105.24486480991767,-5.5614292724423793],[105.24486477252225,-5.5613388086694151],[105.24477448371005,-5.561338846130087],[105.24477444632902,-5.5612483823562329]]]},"properties":{"FID":178,"Id":179,"gridcode":5}},{"type":"Feature","id":179,"geometry":{"type":"Polygon","coordinates":[[[105.24486484731372,-5.5615197362150663],[105.24498046842108,-5.5614744563286562],[105.24486480991767,-5.5614292724423793],[105.24486484731372,-5.5615197362150663]]]},"properties":{"FID":179,"Id":180,"gridcode":5}},{"type":"Feature","id":180,"geometry":{"type":"Polygon","coordinates":[[[105.2446843070026,-5.5616102748986842],[105.24468426963352,-5.5615198111250477],[105.24459398079249,-5.561519848559314],[105.24459401814779,-5.5616103123335634],[105.2446843070026,-5.5616102748986842]]]},"properties":{"FID":180,"Id":181,"gridcode":5}},{"type":"Feature","id":181,"geometry":{"type":"Polygon","coordinates":[[[105.24468434437229,-5.5617007386720427],[105.2446843070026,-5.5616102748986842],[105.24459401814779,-5.5616103123335634],[105.2445940555037,-5.5617007761075348],[105.24468434437229,-5.5617007386720427]]]},"properties":{"FID":181,"Id":182,"gridcode":4}},{"type":"Feature","id":182,"geometry":{"type":"Polygon","coordinates":[[[105.24612889100581,-5.5615192102978632],[105.24612892859552,-5.5616096740616676],[105.24630950628348,-5.5616095987083574],[105.2463094686662,-5.5615191349457866],[105.24612889100581,-5.5615192102978632]]]},"properties":{"FID":182,"Id":183,"gridcode":4}},{"type":"Feature","id":183,"geometry":{"type":"Polygon","coordinates":[[[105.24639983275821,-5.5617000247726551],[105.24639979512652,-5.5616095610109797],[105.24630950628348,-5.5616095987083574],[105.24630954390138,-5.561700062470651],[105.24639983275821,-5.5617000247726551]]]},"properties":{"FID":183,"Id":184,"gridcode":4}},{"type":"Feature","id":184,"geometry":{"type":"Polygon","coordinates":[[[105.25010163715353,-5.5616080035231148],[105.2503114817619,-5.5615626826633617],[105.25010159895712,-5.5615175397866476],[105.25010163715353,-5.5616080035231148]]]},"properties":{"FID":184,"Id":185,"gridcode":4}},{"type":"Feature","id":185,"geometry":{"type":"Polygon","coordinates":[[[105.24468438174262,-5.5617912024451241],[105.24468434437229,-5.5617007386720427],[105.2445940555037,-5.5617007761075348],[105.24459409286023,-5.561791239881229],[105.24468438174262,-5.5617912024451241]]]},"properties":{"FID":185,"Id":186,"gridcode":3}},{"type":"Feature","id":186,"geometry":{"type":"Polygon","coordinates":[[[105.24540669277953,-5.5617909024589025],[105.24537576764747,-5.5616856636463909],[105.24529587788207,-5.5617583126111363],[105.24540669277953,-5.5617909024589025]]]},"properties":{"FID":186,"Id":187,"gridcode":5}},{"type":"Feature","id":187,"geometry":{"type":"Polygon","coordinates":[[[105.25010159895712,-5.5615175397866476],[105.24990532648521,-5.5612976321842069],[105.24983080885521,-5.5616985820112044],[105.24992109768763,-5.5616985437743871],[105.24992102134932,-5.561517616299227],[105.25010159895712,-5.5615175397866476]]]},"properties":{"FID":187,"Id":188,"gridcode":4}},{"type":"Feature","id":188,"geometry":{"type":"Polygon","coordinates":[[[105.24468441911355,-5.5618816662179302],[105.24468438174262,-5.5617912024451241],[105.24459409286023,-5.561791239881229],[105.24459413021737,-5.5618817036546471],[105.24468441911355,-5.5618816662179302]]]},"properties":{"FID":188,"Id":189,"gridcode":4}},{"type":"Feature","id":189,"geometry":{"type":"Polygon","coordinates":[[[105.24576784828311,-5.5617907521342032],[105.24573159833567,-5.5615851852743541],[105.24565048009403,-5.5617404868269693],[105.24576784828311,-5.5617907521342032]]]},"properties":{"FID":189,"Id":190,"gridcode":5}},{"type":"Feature","id":190,"geometry":{"type":"Polygon","coordinates":[[[105.24603875248209,-5.5618811030091972],[105.24614378781021,-5.5618501178480404],[105.24607127919272,-5.561770073425639],[105.24603875248209,-5.5618811030091972]]]},"properties":{"FID":190,"Id":191,"gridcode":4}},{"type":"Feature","id":191,"geometry":{"type":"Polygon","coordinates":[[[105.24983080885521,-5.5616985820112044],[105.2495283162777,-5.5615149623834323],[105.24970161101793,-5.5618334276963317],[105.24983080885521,-5.5616985820112044]]]},"properties":{"FID":191,"Id":192,"gridcode":4}},{"type":"Feature","id":192,"geometry":{"type":"Polygon","coordinates":[[[105.24992113585773,-5.5617890075115515],[105.24996632917771,-5.5619048522064549],[105.25001142470332,-5.5617889692602924],[105.24992113585773,-5.5617890075115515]]]},"properties":{"FID":192,"Id":193,"gridcode":4}},{"type":"Feature","id":193,"geometry":{"type":"Polygon","coordinates":[[[105.25010159895712,-5.5615175397866476],[105.24992102134932,-5.561517616299227],[105.24992109768763,-5.5616985437743871],[105.24992113585773,-5.5617890075115515],[105.25001142470332,-5.5617889692602924],[105.25001134833616,-5.5616080417869389],[105.25010163715353,-5.5616080035231148],[105.25010159895712,-5.5615175397866476]]]},"properties":{"FID":193,"Id":194,"gridcode":5}},{"type":"Feature","id":194,"geometry":{"type":"Polygon","coordinates":[[[105.25055315776355,-5.561788739462596],[105.25050405053329,-5.5616738975227209],[105.2503455061439,-5.5617521599367876],[105.25055315776355,-5.561788739462596]]]},"properties":{"FID":194,"Id":195,"gridcode":4}},{"type":"Feature","id":195,"geometry":{"type":"Polygon","coordinates":[[[105.24459401814779,-5.5616103123335634],[105.24450372929236,-5.5616103497546279],[105.24450384132057,-5.5618817410775483],[105.24459413021737,-5.5618817036546471],[105.24459409286023,-5.561791239881229],[105.2445940555037,-5.5617007761075348],[105.24459401814779,-5.5616103123335634]]]},"properties":{"FID":195,"Id":196,"gridcode":5}},{"type":"Feature","id":196,"geometry":{"type":"Polygon","coordinates":[[[105.24459413021737,-5.5618817036546471],[105.24463932252141,-5.5619975488032614],[105.24468441911355,-5.5618816662179302],[105.24459413021737,-5.5618817036546471]]]},"properties":{"FID":196,"Id":197,"gridcode":3}},{"type":"Feature","id":197,"geometry":{"type":"Polygon","coordinates":[[[105.24504538756783,-5.5614291974783638],[105.24508842984724,-5.5619117398707063],[105.24513575126741,-5.5616100875170487],[105.24513567639198,-5.5614291599756323],[105.24504538756783,-5.5614291974783638]]]},"properties":{"FID":197,"Id":198,"gridcode":5}},{"type":"Feature","id":198,"geometry":{"type":"Polygon","coordinates":[[[105.24649012161443,-5.5616999870608437],[105.24649019690726,-5.5618809145821322],[105.24658048579043,-5.5618808768552697],[105.24671237585163,-5.5617669311262601],[105.24649012161443,-5.5616999870608437]]]},"properties":{"FID":198,"Id":199,"gridcode":4}},{"type":"Feature","id":199,"geometry":{"type":"Polygon","coordinates":[[[105.24549709414332,-5.562062256199467],[105.24546616897914,-5.5619570173939925],[105.24538627919023,-5.5620296663714397],[105.24549709414332,-5.562062256199467]]]},"properties":{"FID":199,"Id":200,"gridcode":5}},{"type":"Feature","id":200,"geometry":{"type":"Polygon","coordinates":[[[105.24658052345157,-5.5619713406148827],[105.2464754881285,-5.5620023258536033],[105.24654799682826,-5.5620823702220195],[105.24658052345157,-5.5619713406148827]]]},"properties":{"FID":200,"Id":201,"gridcode":4}},{"type":"Feature","id":201,"geometry":{"type":"Polygon","coordinates":[[[105.24504568697409,-5.5621529076422922],[105.24504564954616,-5.5620624438727706],[105.24495536062486,-5.5620624813659809],[105.24495539803902,-5.5621529451361154],[105.24504568697409,-5.5621529076422922]]]},"properties":{"FID":201,"Id":202,"gridcode":5}},{"type":"Feature","id":202,"geometry":{"type":"Polygon","coordinates":[[[105.24685146554559,-5.5621521548642301],[105.24685142784185,-5.5620616911070258],[105.24676113893295,-5.5620617288765732],[105.24676117662293,-5.5621521926343949],[105.24685146554559,-5.5621521548642301]]]},"properties":{"FID":202,"Id":203,"gridcode":4}},{"type":"Feature","id":203,"geometry":{"type":"Polygon","coordinates":[[[105.24946984403128,-5.5621510535190017],[105.24943891816508,-5.56204581495372],[105.24935902887584,-5.5621184644477317],[105.24946984403128,-5.5621510535190017]]]},"properties":{"FID":203,"Id":204,"gridcode":4}},{"type":"Feature","id":204,"geometry":{"type":"Polygon","coordinates":[[[105.25019215524476,-5.5621507476547007],[105.25016122925194,-5.5620455091330481],[105.25008134005571,-5.5621181587208843],[105.25019215524476,-5.5621507476547007]]]},"properties":{"FID":204,"Id":205,"gridcode":4}},{"type":"Feature","id":205,"geometry":{"type":"Polygon","coordinates":[[[105.25091442809352,-5.5620599771769497],[105.25095962162742,-5.5621758217850203],[105.25100471697353,-5.562059938771827],[105.25091442809352,-5.5620599771769497]]]},"properties":{"FID":205,"Id":206,"gridcode":5}},{"type":"Feature","id":206,"geometry":{"type":"Polygon","coordinates":[[[105.25100471697353,-5.562059938771827],[105.25095948344051,-5.5618496876926811],[105.25091442809352,-5.5620599771769497],[105.25100471697353,-5.562059938771827]]]},"properties":{"FID":206,"Id":207,"gridcode":4}},{"type":"Feature","id":207,"geometry":{"type":"Polygon","coordinates":[[[105.25136591088045,-5.5621502487391838],[105.25133498468185,-5.5620450102884638],[105.25125509563681,-5.5621176600287408],[105.25136591088045,-5.5621502487391838]]]},"properties":{"FID":207,"Id":208,"gridcode":4}},{"type":"Feature","id":208,"geometry":{"type":"Polygon","coordinates":[[[105.25028248237201,-5.5622411730927617],[105.25039810315647,-5.5621958921579697],[105.25028244414361,-5.5621507093594866],[105.25028248237201,-5.5622411730927617]]]},"properties":{"FID":208,"Id":209,"gridcode":3}},{"type":"Feature","id":209,"geometry":{"type":"Polygon","coordinates":[[[105.25064363801626,-5.5622410197712249],[105.25064359973268,-5.5621505560404589],[105.25055331083637,-5.5621505943909417],[105.25055334910614,-5.5622410581223347],[105.25064363801626,-5.5622410197712249]]]},"properties":{"FID":209,"Id":210,"gridcode":5}},{"type":"Feature","id":210,"geometry":{"type":"Polygon","coordinates":[[[105.25145623817876,-5.5622406739894554],[105.25145619977107,-5.5621502102643481],[105.25136591088045,-5.5621502487391838],[105.25136594927434,-5.5622407124649209],[105.25145623817876,-5.5622406739894554]]]},"properties":{"FID":210,"Id":211,"gridcode":4}},{"type":"Feature","id":211,"geometry":{"type":"Polygon","coordinates":[[[105.24441332845501,-5.5613389958346247],[105.24430251368966,-5.5613064057936663],[105.24438240352428,-5.5612337569596271],[105.24441332845501,-5.5613389958346247]],[[105.24387148382641,-5.5610678286362312],[105.24364616203015,-5.5611233783403566],[105.24342605275449,-5.5610740345505594],[105.24356382975104,-5.5612858321036285],[105.2436377028634,-5.5615737591789305],[105.24381171732247,-5.5618412622427034],[105.24410586086594,-5.5620093184644199],[105.24417969704777,-5.5622067816743428],[105.24430679139363,-5.5622806266672606],[105.24426636198891,-5.5621002811538656],[105.24450391600914,-5.5620626686247787],[105.24450384132057,-5.5618817410775483],[105.24450372929236,-5.5616103497546279],[105.24459401814779,-5.5616103123335634],[105.24459398079249,-5.561519848559314],[105.24468426963352,-5.5615198111250477],[105.24486484731372,-5.5615197362150663],[105.24486480991767,-5.5614292724423793],[105.24470357543507,-5.5614057998978028],[105.24457930204774,-5.5612769568113549],[105.24477444632902,-5.5612483823562329],[105.24489172362016,-5.5611958400181232],[105.24468412016337,-5.561157956027734],[105.244503542591,-5.5611580308775528],[105.24450350525258,-5.5610675671013059],[105.24432292770533,-5.5610676418946419],[105.24423263893077,-5.5610676792705895],[105.24387148382641,-5.5610678286362312]]]},"properties":{"FID":211,"Id":212,"gridcode":4}},{"type":"Feature","id":212,"geometry":{"type":"Polygon","coordinates":[[[105.24965049810282,-5.5623319046108648],[105.24965045997031,-5.5622414408734855],[105.24953483911341,-5.5622867216646563],[105.24965049810282,-5.5623319046108648]]]},"properties":{"FID":212,"Id":213,"gridcode":4}},{"type":"Feature","id":213,"geometry":{"type":"Polygon","coordinates":[[[105.24974078703303,-5.5623318663973018],[105.24974074888674,-5.5622414026605487],[105.24965045997031,-5.5622414408734855],[105.24965049810282,-5.5623319046108648],[105.24974078703303,-5.5623318663973018]]]},"properties":{"FID":213,"Id":214,"gridcode":5}},{"type":"Feature","id":214,"geometry":{"type":"Polygon","coordinates":[[[105.25046309845203,-5.5623315601913719],[105.25055338737656,-5.5623315218534524],[105.25055334910614,-5.5622410581223347],[105.2504630601954,-5.5622410964596281],[105.25046309845203,-5.5623315601913719]]]},"properties":{"FID":214,"Id":215,"gridcode":5}},{"type":"Feature","id":215,"geometry":{"type":"Polygon","coordinates":[[[105.25172714333787,-5.5623310222030966],[105.25169621706506,-5.5622257837752862],[105.25161632804314,-5.5622984335631331],[105.25172714333787,-5.5623310222030966]]]},"properties":{"FID":215,"Id":216,"gridcode":4}},{"type":"Feature","id":216,"geometry":{"type":"Polygon","coordinates":[[[105.24549724413464,-5.5624241112636073],[105.24558753310738,-5.5624240736850368],[105.24558749559483,-5.5623336099200316],[105.24549720663587,-5.5623336474979874],[105.24549724413464,-5.5624241112636073]]]},"properties":{"FID":216,"Id":217,"gridcode":3}},{"type":"Feature","id":217,"geometry":{"type":"Polygon","coordinates":[[[105.24676128969654,-5.5624235839061997],[105.2468515786606,-5.5624235461341796],[105.24685154095496,-5.5623330823778065],[105.24676125200472,-5.5623331201492077],[105.24676128969654,-5.5624235839061997]]]},"properties":{"FID":217,"Id":218,"gridcode":4}},{"type":"Feature","id":218,"geometry":{"type":"Polygon","coordinates":[[[105.25019215524476,-5.5621507476547007],[105.25023013982504,-5.5623587215762935],[105.25028248237201,-5.5622411730927617],[105.25028244414361,-5.5621507093594866],[105.25019215524476,-5.5621507476547007]]]},"properties":{"FID":218,"Id":219,"gridcode":4}},{"type":"Feature","id":219,"geometry":{"type":"Polygon","coordinates":[[[105.25064359973268,-5.5621505560404589],[105.25079385896633,-5.5621808823514662],[105.25109512091048,-5.562331291535763],[105.25109508255731,-5.5622408278084148],[105.25118537146362,-5.5622407893744015],[105.25115318448927,-5.5619859173987196],[105.25100471697353,-5.562059938771827],[105.25095962162742,-5.5621758217850203],[105.25091442809352,-5.5620599771769497],[105.25064356144973,-5.5620600923094168],[105.25064359973268,-5.5621505560404589]]]},"properties":{"FID":219,"Id":220,"gridcode":4}},{"type":"Feature","id":220,"geometry":{"type":"Polygon","coordinates":[[[105.25109512091048,-5.562331291535763],[105.25157331060052,-5.5622975737225104],[105.25145623817876,-5.5622406739894554],[105.25136594927434,-5.5622407124649209],[105.25118537146362,-5.5622407893744015],[105.25109508255731,-5.5622408278084148],[105.25109512091048,-5.562331291535763]]]},"properties":{"FID":220,"Id":221,"gridcode":5}},{"type":"Feature","id":221,"geometry":{"type":"Polygon","coordinates":[[[105.24468468072737,-5.562514912619811],[105.24468464335212,-5.5624244488489447],[105.24459435437319,-5.5624244862893386],[105.24459439173467,-5.5625149500608178],[105.24468468072737,-5.562514912619811]]]},"properties":{"FID":221,"Id":222,"gridcode":3}},{"type":"Feature","id":222,"geometry":{"type":"Polygon","coordinates":[[[105.24540699264686,-5.5625146125943186],[105.24540695516127,-5.5624241488283603],[105.24531666618729,-5.5624241863792951],[105.24531670365909,-5.562514650145868],[105.24540699264686,-5.5625146125943186]]]},"properties":{"FID":222,"Id":223,"gridcode":3}},{"type":"Feature","id":223,"geometry":{"type":"Polygon","coordinates":[[[105.24540699264686,-5.5625146125943186],[105.24549728163402,-5.56251457502895],[105.24549724413464,-5.5624241112636073],[105.24540695516127,-5.5624241488283603],[105.24540699264686,-5.5625146125943186]]]},"properties":{"FID":223,"Id":224,"gridcode":2}},{"type":"Feature","id":224,"geometry":{"type":"MultiPolygon","coordinates":[[[[105.24540669277953,-5.5617909024589025],[105.24529587788207,-5.5617583126111363],[105.24537576764747,-5.5616856636463909],[105.24540669277953,-5.5617909024589025]]],[[[105.24576784828311,-5.5617907521342032],[105.24565048009403,-5.5617404868269693],[105.24573159833567,-5.5615851852743541],[105.24576784828311,-5.5617907521342032]]],[[[105.24549709414332,-5.562062256199467],[105.24538627919023,-5.5620296663714397],[105.24546616897914,-5.5619570173939925],[105.24549709414332,-5.562062256199467]]],[[[105.24540691767632,-5.5623336850621259],[105.24529610267599,-5.5623010952194827],[105.24537599251164,-5.56222844625281],[105.24540691767632,-5.5623336850621259]],[[105.24558749559483,-5.5623336099200316],[105.24594868899214,-5.5624239232325756],[105.24630984486699,-5.5624237725590309],[105.24627049150537,-5.5623727334943309],[105.24597795121808,-5.5622529139149561],[105.24603875248209,-5.5618811030091972],[105.24583310151854,-5.5619774771567609],[105.24592027939254,-5.5617454567309323],[105.24586685269489,-5.5616036216059559],[105.24594827578144,-5.5614288218293657],[105.24594823822056,-5.5613383580637752],[105.24540650538255,-5.5613385836152665],[105.24536140897079,-5.5614544662498631],[105.24531621657405,-5.5613386211588285],[105.24522592776493,-5.5613386586885758],[105.24522604011852,-5.5616100499992749],[105.24513575126741,-5.5616100875170487],[105.24508842984724,-5.5619117398707063],[105.24504538756783,-5.5614291974783638],[105.24504535014482,-5.5613387337066253],[105.24486477252225,-5.5613388086694151],[105.24486480991767,-5.5614292724423793],[105.24498046842108,-5.5614744563286562],[105.24486484731372,-5.5615197362150663],[105.24480959125469,-5.5617455405420229],[105.24486694271899,-5.5620013702031619],[105.24495536062486,-5.5620624813659809],[105.24504564954616,-5.5620624438727706],[105.24504568697409,-5.5621529076422922],[105.24507608070461,-5.5623034324091227],[105.24531666618729,-5.5624241863792951],[105.24540695516127,-5.5624241488283603],[105.24549724413464,-5.5624241112636073],[105.24549720663587,-5.5623336474979874],[105.24558749559483,-5.5623336099200316]]]]},"properties":{"FID":224,"Id":225,"gridcode":4}},{"type":"Feature","id":225,"geometry":{"type":"Polygon","coordinates":[[[105.24667103841054,-5.562514085421733],[105.24676132738901,-5.5625140476629138],[105.24676128969654,-5.5624235839061997],[105.24667100073188,-5.5624236216644007],[105.24667103841054,-5.562514085421733]]]},"properties":{"FID":225,"Id":226,"gridcode":4}},{"type":"Feature","id":226,"geometry":{"type":"Polygon","coordinates":[[[105.24459442909674,-5.5626054138320189],[105.24459439173467,-5.5625149500608178],[105.24450410274133,-5.5625149874880053],[105.24450414008962,-5.5626054512598193],[105.24459442909674,-5.5626054138320189]]]},"properties":{"FID":226,"Id":227,"gridcode":3}},{"type":"Feature","id":227,"geometry":{"type":"Polygon","coordinates":[[[105.24450391600914,-5.5620626686247787],[105.24450410274133,-5.5625149874880053],[105.24459439173467,-5.5625149500608178],[105.24459435437319,-5.5624244862893386],[105.24468464335212,-5.5624244488489447],[105.24455488909273,-5.5621020557863137],[105.24450391600914,-5.5620626686247787]]]},"properties":{"FID":227,"Id":228,"gridcode":4}},{"type":"Feature","id":228,"geometry":{"type":"Polygon","coordinates":[[[105.24459442909674,-5.5626054138320189],[105.24468471810324,-5.5626053763904011],[105.24468468072737,-5.562514912619811],[105.24459439173467,-5.5625149500608178],[105.24459442909674,-5.5626054138320189]]]},"properties":{"FID":228,"Id":229,"gridcode":2}},{"type":"Feature","id":229,"geometry":{"type":"Polygon","coordinates":[[[105.24621963111923,-5.5626047377687016],[105.24621959350891,-5.5625142740085618],[105.24612930452673,-5.5625143116844731],[105.24612934212327,-5.5626047754452301],[105.24621963111923,-5.5626047377687016]]]},"properties":{"FID":229,"Id":230,"gridcode":4}},{"type":"Feature","id":230,"geometry":{"type":"Polygon","coordinates":[[[105.24965049810282,-5.5623319046108648],[105.24975895724367,-5.5625380072169976],[105.24986225268087,-5.5623959026652097],[105.24974078703303,-5.5623318663973018],[105.24965049810282,-5.5623319046108648]]]},"properties":{"FID":230,"Id":231,"gridcode":4}},{"type":"Feature","id":231,"geometry":{"type":"Polygon","coordinates":[[[105.24612930452673,-5.5625143116844731],[105.24621959350891,-5.5625142740085618],[105.24621963111923,-5.5626047377687016],[105.2463099201146,-5.5626047000783556],[105.24630984486699,-5.5624237725590309],[105.24594868899214,-5.5624239232325756],[105.24594872656048,-5.5625143869948417],[105.24612930452673,-5.5625143116844731]]]},"properties":{"FID":231,"Id":232,"gridcode":5}},{"type":"Feature","id":232,"geometry":{"type":"Polygon","coordinates":[[[105.2463099201146,-5.5626047000783556],[105.24649049810346,-5.562604624656208],[105.24642978519188,-5.5624845028199115],[105.24630984486699,-5.5624237725590309],[105.2463099201146,-5.5626047000783556]]]},"properties":{"FID":232,"Id":233,"gridcode":4}},{"type":"Feature","id":233,"geometry":{"type":"Polygon","coordinates":[[[105.24649049810346,-5.562604624656208],[105.24667107608983,-5.5626045491787881],[105.24667103841054,-5.562514085421733],[105.24667100073188,-5.5624236216644007],[105.24676128969654,-5.5624235839061997],[105.24676125200472,-5.5623331201492077],[105.24685154095496,-5.5623330823778065],[105.24685146554559,-5.5621521548642301],[105.24676117662293,-5.5621521926343949],[105.24676113893295,-5.5620617288765732],[105.24658052345157,-5.5619713406148827],[105.24654799682826,-5.5620823702220195],[105.2464754881285,-5.5620023258536033],[105.24658052345157,-5.5619713406148827],[105.24658048579043,-5.5618808768552697],[105.24649019690726,-5.5618809145821322],[105.24649012161443,-5.5616999870608437],[105.24639983275821,-5.5617000247726551],[105.24630954390138,-5.561700062470651],[105.24630950628348,-5.5616095987083574],[105.24612892859552,-5.5616096740616676],[105.24612889100581,-5.5615192102978632],[105.24612885341674,-5.5614287465337826],[105.24594827578144,-5.5614288218293657],[105.24586685269489,-5.5616036216059559],[105.24592027939254,-5.5617454567309323],[105.24583310151854,-5.5619774771567609],[105.24603875248209,-5.5618811030091972],[105.24607127919272,-5.561770073425639],[105.24614378781021,-5.5618501178480404],[105.24603875248209,-5.5618811030091972],[105.24597795121808,-5.5622529139149561],[105.24627049150537,-5.5623727334943309],[105.24630984486699,-5.5624237725590309],[105.24642978519188,-5.5624845028199115],[105.24649049810346,-5.562604624656208]]]},"properties":{"FID":233,"Id":234,"gridcode":5}},{"type":"Feature","id":234,"geometry":{"type":"Polygon","coordinates":[[[105.25046309845203,-5.5623315601913719],[105.25037650764409,-5.5623915158539905],[105.2507415720733,-5.5626397819256965],[105.25064363801626,-5.5622410197712249],[105.25055334910614,-5.5622410581223347],[105.25055338737656,-5.5623315218534524],[105.25046309845203,-5.5623315601913719]]]},"properties":{"FID":234,"Id":235,"gridcode":4}},{"type":"Feature","id":235,"geometry":{"type":"Polygon","coordinates":[[[105.25244960889182,-5.5626925684340778],[105.25240441502764,-5.5625767239571537],[105.25235931992545,-5.5626926070646947],[105.25244960889182,-5.5626925684340778]]]},"properties":{"FID":235,"Id":236,"gridcode":5}},{"type":"Feature","id":236,"geometry":{"type":"Polygon","coordinates":[[[105.2463099201146,-5.5626047000783556],[105.24630995773934,-5.5626951638376028],[105.24640024674787,-5.5626951261328212],[105.24649053575578,-5.5626950884142214],[105.24649049810346,-5.562604624656208],[105.2463099201146,-5.5626047000783556]]]},"properties":{"FID":236,"Id":237,"gridcode":5}},{"type":"Feature","id":237,"geometry":{"type":"Polygon","coordinates":[[[105.25145643022672,-5.5626929926108417],[105.25148735648563,-5.562798231050385],[105.25156724558882,-5.5627255812774621],[105.25145643022672,-5.5626929926108417]]]},"properties":{"FID":237,"Id":238,"gridcode":5}},{"type":"Feature","id":238,"geometry":{"type":"Polygon","coordinates":[[[105.24667118913142,-5.5628759404482908],[105.24667115145026,-5.5627854766920679],[105.24658086242979,-5.5627855144389216],[105.24658090009716,-5.5628759781957626],[105.24667118913142,-5.5628759404482908]]]},"properties":{"FID":238,"Id":239,"gridcode":5}},{"type":"Feature","id":239,"geometry":{"type":"Polygon","coordinates":[[[105.24640024674787,-5.5626951261328212],[105.24640028438702,-5.5627855898911749],[105.24658086242979,-5.5627855144389216],[105.24667115145026,-5.5627854766920679],[105.24667107608983,-5.5626045491787881],[105.24649049810346,-5.562604624656208],[105.24649053575578,-5.5626950884142214],[105.24640024674787,-5.5626951261328212]]]},"properties":{"FID":239,"Id":240,"gridcode":4}},{"type":"Feature","id":240,"geometry":{"type":"Polygon","coordinates":[[[105.25010209555975,-5.5626935683391094],[105.25002168016172,-5.5625678295436121],[105.24989293851802,-5.5627078720891854],[105.25001184476773,-5.5627840703439393],[105.25001180657689,-5.5626936066104475],[105.25010209555975,-5.5626935683391094]]]},"properties":{"FID":240,"Id":241,"gridcode":4}},{"type":"Feature","id":241,"geometry":{"type":"Polygon","coordinates":[[[105.25001184476773,-5.5627840703439393],[105.25046328974464,-5.5627838788459369],[105.25046325148486,-5.5626934151155769],[105.25010209555975,-5.5626935683391094],[105.25001180657689,-5.5626936066104475],[105.25001184476773,-5.5627840703439393]]]},"properties":{"FID":241,"Id":242,"gridcode":5}},{"type":"Feature","id":242,"geometry":{"type":"Polygon","coordinates":[[[105.25055361701234,-5.5628743042343336],[105.25044858177061,-5.5629052901773495],[105.2505210911016,-5.5629853340260489],[105.25055361701234,-5.5628743042343336]]]},"properties":{"FID":242,"Id":243,"gridcode":5}},{"type":"Feature","id":243,"geometry":{"type":"Polygon","coordinates":[[[105.25091481136515,-5.5629646144560754],[105.25103043223444,-5.5629193333942712],[105.25091477303515,-5.5628741507294093],[105.25091481136515,-5.5629646144560754]]]},"properties":{"FID":243,"Id":244,"gridcode":3}},{"type":"Feature","id":244,"geometry":{"type":"Polygon","coordinates":[[[105.25127592904782,-5.5628739970033827],[105.25130685528597,-5.5629792354527687],[105.25138674443582,-5.5629065857026294],[105.25127592904782,-5.5628739970033827]]]},"properties":{"FID":244,"Id":245,"gridcode":5}},{"type":"Feature","id":245,"geometry":{"type":"Polygon","coordinates":[[[105.25217878051262,-5.5627831480028735],[105.25212633823497,-5.5626656441562012],[105.25208853003923,-5.5628736503114204],[105.25217881903508,-5.5628736117209971],[105.25217878051262,-5.5627831480028735]]]},"properties":{"FID":245,"Id":246,"gridcode":5}},{"type":"Feature","id":246,"geometry":{"type":"Polygon","coordinates":[[[105.24667118913142,-5.5628759404482908],[105.24676147816504,-5.5628759026870007],[105.24676151586061,-5.5629663664423292],[105.24685180490739,-5.5629663286666018],[105.24685172948931,-5.5627854011569031],[105.24667115145026,-5.5627854766920679],[105.24667118913142,-5.5628759404482908]]]},"properties":{"FID":246,"Id":247,"gridcode":4}},{"type":"Feature","id":247,"geometry":{"type":"Polygon","coordinates":[[[105.24992167030533,-5.5630554998027746],[105.25001195934399,-5.5630554615427528],[105.25001192115127,-5.5629649978100923],[105.2499216321264,-5.562965036069488],[105.24992167030533,-5.5630554998027746]]]},"properties":{"FID":247,"Id":248,"gridcode":4}},{"type":"Feature","id":248,"geometry":{"type":"Polygon","coordinates":[[[105.25190802900967,-5.5630546548900153],[105.2519983180344,-5.5630546163259682],[105.25199827953824,-5.5629641526071358],[105.2519079905273,-5.5629641911705514],[105.25190802900967,-5.5630546548900153]]]},"properties":{"FID":248,"Id":249,"gridcode":5}},{"type":"Feature","id":249,"geometry":{"type":"Polygon","coordinates":[[[105.24983141943181,-5.5631460017826138],[105.24992170848489,-5.5631459635357849],[105.24992167030533,-5.5630554998027746],[105.24983138126605,-5.5630555380489781],[105.24983141943181,-5.5631460017826138]]]},"properties":{"FID":249,"Id":250,"gridcode":4}},{"type":"Feature","id":250,"geometry":{"type":"Polygon","coordinates":[[[105.25109542775857,-5.5630550013445745],[105.25112635397598,-5.5631602398038025],[105.25120624317249,-5.5630875900764476],[105.25109542775857,-5.5630550013445745]]]},"properties":{"FID":250,"Id":251,"gridcode":5}},{"type":"Feature","id":251,"geometry":{"type":"Polygon","coordinates":[[[105.24676151586061,-5.5629663664423292],[105.24676159125362,-5.5631472939521567],[105.24685188032799,-5.5631472561751938],[105.24685180490739,-5.5629663286666018],[105.24676151586061,-5.5629663664423292]]]},"properties":{"FID":251,"Id":252,"gridcode":5}},{"type":"Feature","id":252,"geometry":{"type":"Polygon","coordinates":[[[105.24685180490739,-5.5629663286666018],[105.24685188032799,-5.5631472561751938],[105.24694216940175,-5.56314721838441],[105.24701544874137,-5.5629993573816119],[105.24685180490739,-5.5629663286666018]]]},"properties":{"FID":252,"Id":253,"gridcode":4}},{"type":"Feature","id":253,"geometry":{"type":"Polygon","coordinates":[[[105.25064394430763,-5.5629647296073816],[105.25071094602998,-5.5631873579005724],[105.25082456066346,-5.5630551165806796],[105.25073427163049,-5.5630551549650757],[105.25073423332744,-5.5629646912374309],[105.25064394430763,-5.5629647296073816]]]},"properties":{"FID":253,"Id":254,"gridcode":5}},{"type":"Feature","id":254,"geometry":{"type":"Polygon","coordinates":[[[105.24928976126802,-5.5633271584473158],[105.24925883536264,-5.5632219198780932],[105.24917894589801,-5.5632945693529372],[105.24928976126802,-5.5633271584473158]]]},"properties":{"FID":254,"Id":255,"gridcode":4}},{"type":"Feature","id":255,"geometry":{"type":"Polygon","coordinates":[[[105.24947033943627,-5.5633270821031751],[105.24943941349925,-5.5632218435448602],[105.24935952405785,-5.5632944930431671],[105.24947033943627,-5.5633270821031751]]]},"properties":{"FID":255,"Id":256,"gridcode":4}},{"type":"Feature","id":256,"geometry":{"type":"Polygon","coordinates":[[[105.2499217848459,-5.5633268910009734],[105.25001207392593,-5.5633268527390731],[105.25001203573132,-5.5632363890072432],[105.24992174666508,-5.5632364272685182],[105.2499217848459,-5.5633268910009734]]]},"properties":{"FID":256,"Id":257,"gridcode":4}},{"type":"Feature","id":257,"geometry":{"type":"Polygon","coordinates":[[[105.25154694976071,-5.5632357364511531],[105.25172752786976,-5.5632356594172725],[105.25163718518073,-5.5631094820910647],[105.25154694976071,-5.5632357364511531]]]},"properties":{"FID":257,"Id":258,"gridcode":5}},{"type":"Feature","id":258,"geometry":{"type":"Polygon","coordinates":[[[105.24685188032799,-5.5631472561751938],[105.24691259339716,-5.5632673779585442],[105.24703253395313,-5.5633281080848169],[105.24703245847488,-5.5631471805798069],[105.24694216940175,-5.56314721838441],[105.24685188032799,-5.5631472561751938]]]},"properties":{"FID":258,"Id":259,"gridcode":5}},{"type":"Feature","id":259,"geometry":{"type":"Polygon","coordinates":[[[105.2497411685307,-5.5632365037496081],[105.24974120668394,-5.5633269674833139],[105.2499217848459,-5.5633268910009734],[105.24992174666508,-5.5632364272685182],[105.25001203573132,-5.5632363890072432],[105.25046348105305,-5.5632361974935751],[105.25046344279011,-5.5631457337646006],[105.25010228658914,-5.563145887000668],[105.2501022101755,-5.5629649595368758],[105.25001192115127,-5.5629649978100923],[105.25001195934399,-5.5630554615427528],[105.24992167030533,-5.5630554998027746],[105.24992170848489,-5.5631459635357849],[105.24983141943181,-5.5631460017826138],[105.2497411303781,-5.5631460400156234],[105.2497411685307,-5.5632365037496081]]]},"properties":{"FID":259,"Id":260,"gridcode":5}},{"type":"Feature","id":260,"geometry":{"type":"Polygon","coordinates":[[[105.25046355758084,-5.563417124950691],[105.25055384667088,-5.5634170866052433],[105.25055380839287,-5.5633266228774509],[105.25046351931663,-5.5633266612222716],[105.25046355758084,-5.563417124950691]]]},"properties":{"FID":260,"Id":261,"gridcode":4}},{"type":"Feature","id":261,"geometry":{"type":"Polygon","coordinates":[[[105.24974128299229,-5.5635078949498951],[105.24971035699686,-5.563402656409016],[105.24963046756696,-5.5634753059431779],[105.24974128299229,-5.5635078949498951]]]},"properties":{"FID":261,"Id":262,"gridcode":5}},{"type":"Feature","id":262,"geometry":{"type":"Polygon","coordinates":[[[105.25100529211159,-5.5634168946707021],[105.25096186723688,-5.5632150510371199],[105.25079269651802,-5.5633002552377624],[105.25100529211159,-5.5634168946707021]]]},"properties":{"FID":262,"Id":263,"gridcode":5}},{"type":"Feature","id":263,"geometry":{"type":"Polygon","coordinates":[[[105.25100529211159,-5.5634168946707021],[105.25103621833497,-5.5635221331332376],[105.25111610758992,-5.5634494834162744],[105.25100529211159,-5.5634168946707021]]]},"properties":{"FID":263,"Id":264,"gridcode":5}},{"type":"Feature","id":264,"geometry":{"type":"Polygon","coordinates":[[[105.24703253395313,-5.5633281080848169],[105.24714555113414,-5.5635344861614788],[105.24724509926436,-5.5633738289146892],[105.24703253395313,-5.5633281080848169]]]},"properties":{"FID":264,"Id":265,"gridcode":4}},{"type":"Feature","id":265,"geometry":{"type":"Polygon","coordinates":[[[105.24784524942602,-5.5635991584490636],[105.24784521156057,-5.5635086947031054],[105.24775492243788,-5.563508732634566],[105.24775496028954,-5.5635991963811451],[105.24784524942602,-5.5635991584490636]]]},"properties":{"FID":265,"Id":266,"gridcode":5}},{"type":"Feature","id":266,"geometry":{"type":"Polygon","coordinates":[[[105.24793553856189,-5.5635991205031612],[105.24793550068264,-5.5635086567578238],[105.24784521156057,-5.5635086947031054],[105.24784524942602,-5.5635991584490636],[105.24793553856189,-5.5635991205031612]]]},"properties":{"FID":266,"Id":267,"gridcode":4}},{"type":"Feature","id":267,"geometry":{"type":"Polygon","coordinates":[[[105.25055392322878,-5.5635980140599957],[105.25055388494951,-5.5635075503327576],[105.25046359584567,-5.5635075886788323],[105.25046363411116,-5.5635980524066984],[105.25055392322878,-5.5635980140599957]]]},"properties":{"FID":267,"Id":268,"gridcode":4}},{"type":"Feature","id":268,"geometry":{"type":"Polygon","coordinates":[[[105.2515469881898,-5.5633262001723072],[105.25136641005061,-5.5633262771521679],[105.25136648685553,-5.5635072045961627],[105.25148637624876,-5.5634463731686861],[105.2515469881898,-5.5633262001723072]]]},"properties":{"FID":268,"Id":269,"gridcode":5}},{"type":"Feature","id":269,"geometry":{"type":"Polygon","coordinates":[[[105.24775499814183,-5.563689660127447],[105.24784528729211,-5.5636896221947456],[105.24784524942602,-5.5635991584490636],[105.24775496028954,-5.5635991963811451],[105.24775499814183,-5.563689660127447]]]},"properties":{"FID":269,"Id":270,"gridcode":4}},{"type":"Feature","id":270,"geometry":{"type":"Polygon","coordinates":[[[105.24793561432224,-5.5637800479930055],[105.24805123560189,-5.5637347674990529],[105.24793557644175,-5.5636895842482224],[105.24793561432224,-5.5637800479930055]]]},"properties":{"FID":270,"Id":271,"gridcode":4}},{"type":"Feature","id":271,"geometry":{"type":"Polygon","coordinates":[[[105.2506442889338,-5.5637789031518627],[105.25064425063947,-5.5636884394258068],[105.25055396150867,-5.5636884777869575],[105.2505539997892,-5.5637789415136405],[105.2506442889338,-5.5637789031518627]]]},"properties":{"FID":271,"Id":272,"gridcode":4}},{"type":"Feature","id":272,"geometry":{"type":"Polygon","coordinates":[[[105.25046359584567,-5.5635075886788323],[105.25055388494951,-5.5635075503327576],[105.25055392322878,-5.5635980140599957],[105.25055396150867,-5.5636884777869575],[105.25064425063947,-5.5636884394258068],[105.25064409746848,-5.5633265845188111],[105.25055380839287,-5.5633266228774509],[105.25055384667088,-5.5634170866052433],[105.25046355758084,-5.563417124950691],[105.25046359584567,-5.5635075886788323]]]},"properties":{"FID":272,"Id":273,"gridcode":5}},{"type":"Feature","id":273,"geometry":{"type":"Polygon","coordinates":[[[105.25118602378801,-5.5637786726909511],[105.25127631292816,-5.5637786342324249],[105.25127627453728,-5.5636881705107681],[105.25118598541091,-5.5636882089686646],[105.25118602378801,-5.5637786726909511]]]},"properties":{"FID":273,"Id":274,"gridcode":4}},{"type":"Feature","id":274,"geometry":{"type":"Polygon","coordinates":[[[105.25136648685553,-5.5635072045961627],[105.25118590865863,-5.5635072815232602],[105.25118598541091,-5.5636882089686646],[105.25127627453728,-5.5636881705107681],[105.25136648685553,-5.5635072045961627]]]},"properties":{"FID":274,"Id":275,"gridcode":5}},{"type":"Feature","id":275,"geometry":{"type":"Polygon","coordinates":[[[105.24775499814183,-5.563689660127447],[105.24775503599473,-5.5637801238734719],[105.24793561432224,-5.5637800479930055],[105.24793557644175,-5.5636895842482224],[105.24793553856189,-5.5635991205031612],[105.24784524942602,-5.5635991584490636],[105.24784528729211,-5.5636896221947456],[105.24775499814183,-5.563689660127447]]]},"properties":{"FID":275,"Id":276,"gridcode":5}},{"type":"Feature","id":276,"geometry":{"type":"Polygon","coordinates":[[[105.2509151947001,-5.563869251707497],[105.25091515636375,-5.563778787983602],[105.25082486722106,-5.5637788263868435],[105.25082490554361,-5.5638692901113664],[105.2509151947001,-5.563869251707497]]]},"properties":{"FID":276,"Id":277,"gridcode":4}},{"type":"Feature","id":277,"geometry":{"type":"Polygon","coordinates":[[[105.25100529211159,-5.5634168946707021],[105.25111610758992,-5.5634494834162744],[105.25103621833497,-5.5635221331332376],[105.25100529211159,-5.5634168946707021],[105.25079269651802,-5.5633002552377624],[105.25096186723688,-5.5632150510371199],[105.25100529211159,-5.5634168946707021]],[[105.25064425063947,-5.5636884394258068],[105.25105311738321,-5.5637394448006114],[105.25118598541091,-5.5636882089686646],[105.25118590865863,-5.5635072815232602],[105.25136648685553,-5.5635072045961627],[105.25136641005061,-5.5633262771521679],[105.2515469881898,-5.5633262001723072],[105.25154694976071,-5.5632357364511531],[105.25163718518073,-5.5631094820910647],[105.25172752786976,-5.5632356594172725],[105.25184741716889,-5.5631748279200224],[105.25190802900967,-5.5630546548900153],[105.2519079905273,-5.5629641911705514],[105.25199827953824,-5.5629641526071358],[105.25208856854853,-5.5629641140298993],[105.25208853003923,-5.5628736503114204],[105.25212633823497,-5.5626656441562012],[105.25217878051262,-5.5627831480028735],[105.25235931992545,-5.5626926070646947],[105.25240441502764,-5.5625767239571537],[105.25244960889182,-5.5626925684340778],[105.25265914267014,-5.5625303790309983],[105.252719822229,-5.5621177464081546],[105.25249911657187,-5.5620851647644791],[105.25233711704296,-5.5622956357778417],[105.25213803809771,-5.5622662466583446],[105.25204779907156,-5.5623834857256673],[105.25186456227895,-5.5623564352272599],[105.25149574067895,-5.5626419203803801],[105.25145643022672,-5.5626929926108417],[105.25156724558882,-5.5627255812774621],[105.25148735648563,-5.562798231050385],[105.25145643022672,-5.5626929926108417],[105.25127585227935,-5.5626930695542507],[105.25127592904782,-5.5628739970033827],[105.25138674443582,-5.5629065857026294],[105.25130685528597,-5.5629792354527687],[105.25127592904782,-5.5628739970033827],[105.25109535104275,-5.5628740738940339],[105.25109542775857,-5.5630550013445745],[105.25120624317249,-5.5630875900764476],[105.25112635397598,-5.5631602398038025],[105.25109542775857,-5.5630550013445745],[105.25094791412296,-5.5631285470038971],[105.25091481136515,-5.5629646144560754],[105.25091477303515,-5.5628741507294093],[105.25080104648526,-5.562742006069457],[105.25073423332744,-5.5629646912374309],[105.2508245223466,-5.5629646528536636],[105.25082456066346,-5.5630551165806796],[105.25071094602998,-5.5631873579005724],[105.25064394430763,-5.5629647296073816],[105.25064390601899,-5.5628742658788308],[105.25055361701234,-5.5628743042343336],[105.2505210911016,-5.5629853340260489],[105.25044858177061,-5.5629052901773495],[105.25055361701234,-5.5628743042343336],[105.25055354046455,-5.5626933767751483],[105.25046325148486,-5.5626934151155769],[105.25046328974464,-5.5627838788459369],[105.25001184476773,-5.5627840703439393],[105.25001192115127,-5.5629649978100923],[105.2501022101755,-5.5629649595368758],[105.25010228658914,-5.563145887000668],[105.25046344279011,-5.5631457337646006],[105.25046348105305,-5.5632361974935751],[105.2505537701155,-5.5632361591493824],[105.25055380839287,-5.5633266228774509],[105.25064409746848,-5.5633265845188111],[105.25064425063947,-5.5636884394258068]]]},"properties":{"FID":277,"Id":278,"gridcode":4}},{"type":"Feature","id":278,"geometry":{"type":"Polygon","coordinates":[[[105.24811626846532,-5.5639608995435061],[105.24807107532607,-5.5638450547057339],[105.24802597927552,-5.5639609375195347],[105.24811626846532,-5.5639608995435061]]]},"properties":{"FID":278,"Id":279,"gridcode":4}},{"type":"Feature","id":279,"geometry":{"type":"Polygon","coordinates":[[[105.2509151947001,-5.563869251707497],[105.25118606216573,-5.5638691364129604],[105.25118602378801,-5.5637786726909511],[105.25118598541091,-5.5636882089686646],[105.25105311738321,-5.5637394448006114],[105.25064425063947,-5.5636884394258068],[105.2506442889338,-5.5637789031518627],[105.25082486722106,-5.5637788263868435],[105.25091515636375,-5.563778787983602],[105.2509151947001,-5.563869251707497]]]},"properties":{"FID":279,"Id":280,"gridcode":5}},{"type":"Feature","id":280,"geometry":{"type":"Polygon","coordinates":[[[105.24802597927552,-5.5639609375195347],[105.24807117241598,-5.5640767823603099],[105.24811626846532,-5.5639608995435061],[105.24802597927552,-5.5639609375195347]]]},"properties":{"FID":280,"Id":281,"gridcode":5}},{"type":"Feature","id":281,"geometry":{"type":"Polygon","coordinates":[[[105.24829692271874,-5.5641417510326434],[105.24826599693851,-5.5640365124082685],[105.24818610724061,-5.5641091617570027],[105.24829692271874,-5.5641417510326434]]]},"properties":{"FID":281,"Id":282,"gridcode":4}},{"type":"Feature","id":282,"geometry":{"type":"Polygon","coordinates":[[[105.25010259226902,-5.5638695968447536],[105.25010266869529,-5.5640505243030045],[105.25019295788442,-5.564050486008453],[105.2502832470729,-5.5640504477000796],[105.25028313235167,-5.5637790565160472],[105.25010255405682,-5.5637791331152133],[105.25010259226902,-5.5638695968447536]]]},"properties":{"FID":282,"Id":283,"gridcode":5}},{"type":"Feature","id":283,"geometry":{"type":"Polygon","coordinates":[[[105.25028313235167,-5.5637790565160472],[105.2502832470729,-5.5640504477000796],[105.25037353626077,-5.5640504093778853],[105.25037342149815,-5.5637790181957332],[105.25028313235167,-5.5637790565160472]]]},"properties":{"FID":283,"Id":284,"gridcode":4}},{"type":"Feature","id":284,"geometry":{"type":"Polygon","coordinates":[[[105.25073473131656,-5.5641407196752075],[105.25068953765864,-5.5640248750623789],[105.25064444211742,-5.564140758053318],[105.25073473131656,-5.5641407196752075]]]},"properties":{"FID":284,"Id":285,"gridcode":4}},{"type":"Feature","id":285,"geometry":{"type":"Polygon","coordinates":[[[105.25037361277235,-5.564231336831269],[105.25032841917613,-5.5641154921882503],[105.25028332355689,-5.5642313751547174],[105.25037361277235,-5.564231336831269]]]},"properties":{"FID":285,"Id":286,"gridcode":4}},{"type":"Feature","id":286,"geometry":{"type":"Polygon","coordinates":[[[105.25046390198717,-5.564231298493997],[105.25055419120136,-5.5642312601429049],[105.25055415291766,-5.5641407964176057],[105.25046386371727,-5.5641408347680716],[105.25046390198717,-5.564231298493997]]]},"properties":{"FID":286,"Id":287,"gridcode":4}},{"type":"Feature","id":287,"geometry":{"type":"Polygon","coordinates":[[[105.25037361277235,-5.564231336831269],[105.2504188063871,-5.5643471814695724],[105.25046390198717,-5.564231298493997],[105.25037361277235,-5.564231336831269]]]},"properties":{"FID":287,"Id":288,"gridcode":4}},{"type":"Feature","id":288,"geometry":{"type":"Polygon","coordinates":[[[105.24838740170352,-5.5645940317125904],[105.24835647588021,-5.5644887930963431],[105.24827658613539,-5.5645614424584515],[105.24838740170352,-5.5645940317125904]]]},"properties":{"FID":288,"Id":289,"gridcode":4}},{"type":"Feature","id":289,"geometry":{"type":"Polygon","coordinates":[[[105.25037376580306,-5.5645931917347076],[105.25046405507308,-5.5645931533949282],[105.25046401680065,-5.5645026896701113],[105.25037372754444,-5.5645027280092636],[105.25037376580306,-5.5645931917347076]]]},"properties":{"FID":289,"Id":290,"gridcode":4}},{"type":"Feature","id":290,"geometry":{"type":"Polygon","coordinates":[[[105.24838724988685,-5.5642321767541976],[105.24833528912681,-5.5643709056612467],[105.2485269527876,-5.5644540933387541],[105.24860893179508,-5.5645528904369881],[105.248879824772,-5.5646126023194373],[105.24869918306865,-5.5644623886305231],[105.24854784829981,-5.5642800073437266],[105.24942144663709,-5.5641814784501822],[105.2495193721783,-5.5641914372838324],[105.24960191957349,-5.5640917843617528],[105.24970052590001,-5.564009646771245],[105.24974128299229,-5.5635078949498951],[105.24963046756696,-5.5634753059431779],[105.24971035699686,-5.563402656409016],[105.24974128299229,-5.5635078949498951],[105.24992186120943,-5.5635078184650526],[105.2499217848459,-5.5633268910009734],[105.24974120668394,-5.5633269674833139],[105.2497411685307,-5.5632365037496081],[105.24952269246906,-5.5632959469517917],[105.2496254125812,-5.5638922455073718],[105.24936920153014,-5.56405126768282],[105.24906436527853,-5.5641039827362979],[105.24892078923313,-5.5640792791410965],[105.24843900892388,-5.5641935665072033],[105.24838724988685,-5.5642321767541976]]]},"properties":{"FID":290,"Id":291,"gridcode":4}},{"type":"Feature","id":291,"geometry":{"type":"Polygon","coordinates":[[[105.24929029451378,-5.5645936507338529],[105.24915741456041,-5.5643489216939646],[105.24898251587078,-5.5645146524568849],[105.24929029451378,-5.5645936507338529]]]},"properties":{"FID":291,"Id":292,"gridcode":4}},{"type":"Feature","id":292,"geometry":{"type":"Polygon","coordinates":[[[105.24992235763385,-5.5646838469545559],[105.25001264692081,-5.5646838086832666],[105.25001260871673,-5.5645933449555933],[105.24992231944357,-5.5645933832262573],[105.24992235763385,-5.5646838469545559]]]},"properties":{"FID":292,"Id":293,"gridcode":5}},{"type":"Feature","id":293,"geometry":{"type":"Polygon","coordinates":[[[105.25001260871673,-5.5645933449555933],[105.25013325492368,-5.5646533673754428],[105.25028351477789,-5.5646836937864581],[105.25021347632227,-5.564516816643061],[105.25028332355689,-5.5642313751547174],[105.25019303434081,-5.564231413464344],[105.25019295788442,-5.564050486008453],[105.25010266869529,-5.5640505243030045],[105.25010259226902,-5.5638695968447536],[105.25001230310684,-5.5638696351242318],[105.24997563919584,-5.5643754843525697],[105.24992231944357,-5.5645933832262573],[105.25001260871673,-5.5645933449555933]]]},"properties":{"FID":293,"Id":294,"gridcode":4}},{"type":"Feature","id":294,"geometry":{"type":"Polygon","coordinates":[[[105.25028332355689,-5.5642313751547174],[105.25021347632227,-5.564516816643061],[105.25028351477789,-5.5646836937864581],[105.25037380406233,-5.5646836554598762],[105.25037376580306,-5.5645931917347076],[105.25037372754444,-5.5645027280092636],[105.25046401680065,-5.5645026896701113],[105.25050087167499,-5.5644491590597935],[105.25084062936607,-5.5642139106094328],[105.25073473131656,-5.5641407196752075],[105.25064444211742,-5.564140758053318],[105.25055415291766,-5.5641407964176057],[105.25055419120136,-5.5642312601429049],[105.25046390198717,-5.564231298493997],[105.2504188063871,-5.5643471814695724],[105.25037361277235,-5.564231336831269],[105.25028332355689,-5.5642313751547174]]]},"properties":{"FID":294,"Id":295,"gridcode":5}},{"type":"Feature","id":295,"geometry":{"type":"Polygon","coordinates":[[[105.24847780489785,-5.5648653848909388],[105.24847776692707,-5.5647749211532105],[105.24838747761561,-5.5647749591901237],[105.24838751557259,-5.5648654229284755],[105.24847780489785,-5.5648653848909388]]]},"properties":{"FID":295,"Id":296,"gridcode":4}},{"type":"Feature","id":296,"geometry":{"type":"Polygon","coordinates":[[[105.24992231944357,-5.5645933832262573],[105.24979638515458,-5.5646839003279283],[105.24992239582475,-5.5647743106825782],[105.24992235763385,-5.5646838469545559],[105.24992231944357,-5.5645933832262573]]]},"properties":{"FID":296,"Id":297,"gridcode":4}},{"type":"Feature","id":297,"geometry":{"type":"Polygon","coordinates":[[[105.24938073622512,-5.5649554674864881],[105.24948577189015,-5.5649244817169254],[105.24941326244422,-5.5648444377505744],[105.24938073622512,-5.5649554674864881]]]},"properties":{"FID":297,"Id":298,"gridcode":4}},{"type":"Feature","id":298,"geometry":{"type":"Polygon","coordinates":[[[105.24974189354987,-5.5649553146426527],[105.24971096746721,-5.5648500761103534],[105.24963107785003,-5.5649227256498124],[105.24974189354987,-5.5649553146426527]]]},"properties":{"FID":298,"Id":299,"gridcode":4}},{"type":"Feature","id":299,"geometry":{"type":"Polygon","coordinates":[[[105.24901954083612,-5.5648651563754239],[105.24901957889033,-5.5649556201091386],[105.24920015755897,-5.5649555438254623],[105.24920011947719,-5.5648650800929946],[105.24901954083612,-5.5648651563754239]]]},"properties":{"FID":299,"Id":300,"gridcode":5}},{"type":"Feature","id":300,"geometry":{"type":"Polygon","coordinates":[[[105.24901954083612,-5.5648651563754239],[105.24920011947719,-5.5648650800929946],[105.24920015755897,-5.5649555438254623],[105.24929044689237,-5.564955505662887],[105.24924807848998,-5.5648033108799924],[105.24869811514424,-5.5647221196352463],[105.24865838354646,-5.5648653087743964],[105.24871078207893,-5.5649412786375114],[105.24901954083612,-5.5648651563754239]]]},"properties":{"FID":300,"Id":301,"gridcode":4}},{"type":"Feature","id":301,"geometry":{"type":"Polygon","coordinates":[[[105.24938077433514,-5.5650459312174299],[105.24938073622512,-5.5649554674864881],[105.24929044689237,-5.564955505662887],[105.24929048498858,-5.5650459693944532],[105.24938077433514,-5.5650459312174299]]]},"properties":{"FID":301,"Id":302,"gridcode":4}},{"type":"Feature","id":302,"geometry":{"type":"Polygon","coordinates":[[[105.24965168052307,-5.5651362803322044],[105.24974196988092,-5.5651362420992587],[105.24974193171506,-5.5650457783710952],[105.24965164237103,-5.5650458166034156],[105.24965168052307,-5.5651362803322044]]]},"properties":{"FID":302,"Id":303,"gridcode":4}},{"type":"Feature","id":303,"geometry":{"type":"MultiPolygon","coordinates":[[[[105.24838740170352,-5.5645940317125904],[105.24827658613539,-5.5645614424584515],[105.24835647588021,-5.5644887930963431],[105.24838740170352,-5.5645940317125904]]],[[[105.24929029451378,-5.5645936507338529],[105.24898251587078,-5.5645146524568849],[105.24915741456041,-5.5643489216939646],[105.24929029451378,-5.5645936507338529]],[[105.24938077433514,-5.5650459312174299],[105.2495014205781,-5.5651059537643643],[105.24965168052307,-5.5651362803322044],[105.24965164237103,-5.5650458166034156],[105.24974193171506,-5.5650457783710952],[105.24974189354987,-5.5649553146426527],[105.24963107785003,-5.5649227256498124],[105.24971096746721,-5.5648500761103534],[105.24974189354987,-5.5649553146426527],[105.24986178341142,-5.5648944835276666],[105.24992239582475,-5.5647743106825782],[105.24979638515458,-5.5646839003279283],[105.24992231944357,-5.5645933832262573],[105.24997563919584,-5.5643754843525697],[105.25001230310684,-5.5638696351242318],[105.25001215031705,-5.5635077802019],[105.24992186120943,-5.5635078184650526],[105.24974128299229,-5.5635078949498951],[105.24970052590001,-5.564009646771245],[105.24960191957349,-5.5640917843617528],[105.2495193721783,-5.5641914372838324],[105.24942144663709,-5.5641814784501822],[105.24854784829981,-5.5642800073437266],[105.24869918306865,-5.5644623886305231],[105.248879824772,-5.5646126023194373],[105.24860893179508,-5.5645528904369881],[105.2485269527876,-5.5644540933387541],[105.24833528912681,-5.5643709056612467],[105.24838724988685,-5.5642321767541976],[105.24823701570801,-5.5642626301761888],[105.24817652260947,-5.5646681461217016],[105.24838747761561,-5.5647749591901237],[105.24847776692707,-5.5647749211532105],[105.24847780489785,-5.5648653848909388],[105.24865838354646,-5.5648653087743964],[105.24869811514424,-5.5647221196352463],[105.24924807848998,-5.5648033108799924],[105.24929044689237,-5.564955505662887],[105.24938073622512,-5.5649554674864881],[105.24941326244422,-5.5648444377505744],[105.24948577189015,-5.5649244817169254],[105.24938073622512,-5.5649554674864881],[105.24938077433514,-5.5650459312174299]]]]},"properties":{"FID":303,"Id":304,"gridcode":5}}]
}